MGT_InsertTime;MGT_UpdateTime;ctt_abs_code;ctt_acquisition_date;ctt_additional_asset_information;ctt_additional_collateral_amount;ctt_additional_collateral_type;ctt_additional_financed_amount;ctt_analysis_entity;ctt_asset_model_date;ctt_asset_type_segment;ctt_balance_sheet_entity;ctt_balloon_rv;ctt_bevis_id;ctt_borrower_country;ctt_borrower_sub_type;ctt_borrower_type;ctt_branch;ctt_brand;ctt_business_division;ctt_business_line;ctt_campaign;ctt_cms_contract_number;ctt_cmsir;ctt_co_r_v_r;ctt_commission;ctt_continuation_deal;ctt_contract_currency;ctt_credit_impaired;ctt_customer_group_number;ctt_customer_number;ctt_date_of_last_restructuring;ctt_day_conv;ctt_dealer;ctt_delinquency_reason_code;ctt_delinquent_amount;ctt_delinquent_amount_ccy;ctt_delinquent_days_contract;ctt_delivering_entity;ctt_deposit_rate;ctt_down_payment;ctt_drv_alm_flag;ctt_drv_portfolio_name_rdr;ctt_drv_portfolio_name_tm1;ctt_drv_portfolio_type_rdr;ctt_drv_portfolio_type_tm1;ctt_drv_risk_flag;ctt_economic_capital_ratio;ctt_end_date;ctt_fda_1;ctt_fda_2;ctt_fee;ctt_financial_product_group;ctt_fix_variable;ctt_fixing_period;ctt_funding_entity;ctt_hostile_termination_flag;ctt_icrsa_flag;ctt_idc;ctt_ifrs9_classification;ctt_ifrs9_country_region;ctt_impaired_information;ctt_industry_segmentation;ctt_installment;ctt_installment_count;ctt_insurance_ancillary;ctt_insurance_gap;ctt_insurance_motor;ctt_insurance_ppi;ctt_insurance_warranty;ctt_last_fixing;ctt_lgd;ctt_list_price;ctt_loan_commitment_flag;ctt_loan_limit;ctt_model_sap;ctt_nbv_local_cms;ctt_new_used;ctt_next_fixing;ctt_nib_ratio;ctt_number_restructurings;ctt_opex;ctt_payment_mode;ctt_pd;ctt_period_in_month;ctt_portfolio;ctt_portfolio_cr;ctt_portfolio_pp;ctt_portfolio_tm1;ctt_position_id;ctt_product_sap;ctt_r_model_score_card;ctt_r_model_score_card_version;ctt_rating;ctt_rating_name;ctt_rating_scoring_flag;ctt_rating_version;ctt_reporting_date;ctt_reserves_segment_contract;ctt_restructuring_flag;ctt_rv_guarantee_flag;ctt_sales_price;ctt_scoring;ctt_security_deposit;ctt_source_system;ctt_start_date;ctt_status;ctt_subsidy;ctt_subsidy_percent;ctt_tax_rate;ctt_trade_date;ctt_triggering_event_flag;ctt_units;ctt_variable_type;ctt_vin;ctt_vin_type;ctt_written_off_flag;ifc_id;pgr_id
2025-04-24 17:16:33.029457;2025-04-24 17:16:33.029457;;2019-02-27;;;;0.0;XY;;PC;XY10;0.0;708;XY;NON;RP;;MB;Other;;;af6696975xy6696975fdz;2.99;;1325.74;;EUR;;a052dba7axy52dba7aedz;a052dba7axy52dba7aedz;2020-03-30;Act/Act;a1e408d80xye408d805dz;;567.61;EUR;23.0;50;;2273.0;N;XYORGF;XYORGF;RDR;TM1;N;;2025-06-08;;;0.0;STFIN;F;;XY1001;N;;0.0;Loan retail;;;;767.44;76.0;;;;;;;0.346;;N;;;7029.63;U;;;;;R;0.01579;1.0;;;;;-1198482100;;;;;;;;2024-10-31;;Y;N;52735.31;2.0;0.0;SYS;2019-02-21;0;8512.05;;;;0;1.0;;add132998xyd13299890z;VIN;;28;2511
2025-04-24 17:16:33.029457;2025-04-24 17:16:33.029457;;2024-03-06;;;;0.0;XY;;PC;XY10;0.0;708;XY;NON;RP;;MB;Other;;;a543fa033xy43fa033e8z;8.99;;1683.68;;EUR;;a321f5edcxy21f5edc86z;a321f5edcxy21f5edc86z;;Act/Act;aa35b6814xy35b6814f1z;;0.0;EUR;0.0;50;;0.0;N;XYORGF;XYORGF;RDR;TM1;N;;2029-03-16;;;0.0;STFIN;F;;XY1001;N;;0.0;Loan retail;;;;797.84;60.0;;;;;;;0.39;;N;;;34926.86;U;;;;;R;0.00131;1.0;;;;;-654118117;;;;;;;;2024-10-31;;N;N;38300.36;0.0;0.0;SYS;2024-03-01;0;0.0;;;;0;1.0;;aa293c9cfxy293c9cf99z;VIN;;28;2511
2025-04-24 17:16:33.029457;2025-04-24 17:16:33.029457;L7F;2021-01-26;;;;1426.78;XY;;PC;XY10;29104.75;708;XY;NON;RP;;MB;Other;;;a79c10fe0xy9c10fe064z;3.82;;400.0;;EUR;;ac8804cd6xy8804cd6d6z;ac8804cd6xy8804cd6d6z;;30/360;ad715f98dxy715f98d52z;;0.0;EUR;0.0;50;;0.0;N;XYORGF;XYORGF;RDR;TM1;N;;2025-01-21;;;795.0;OPLEA;F;;XY1001;N;;0.0;Operating lease;;;;961.13;48.0;;;;;;;0.34692;59675.0;N;;;31209.95;N;;;;;R;0.01188;1.0;;;;;-478620638;;;;;;;;2024-10-31;;N;B;65575.19;1.0;0.0;SYS;2021-01-21;0;0.0;;;;0;1.0;;a80e0d59axy0e0d59acfz;VIN;;31;2508
2025-04-24 17:16:33.029457;2025-04-24 17:16:33.029457;;2024-04-15;;;;0.0;XY;;PC;XY10;0.0;708;XY;NON;RP;;MB;Other;;;a296b4da9xy96b4da9fbz;6.89;;456.65;;EUR;;acd025d17xyd025d1749z;acd025d17xyd025d1749z;;Act/Act;a494d282fxy94d282fd7z;;0.0;EUR;0.0;50;;45000.0;N;XYORGF;XYORGF;RDR;TM1;N;;2029-04-27;;;0.0;STFIN;F;;XY1001;N;;0.0;Loan retail;;;;508.31;60.0;;;;;;;0.338;69080.0;N;;;23565.19;N;;;;;R;0.00196;1.0;;;;;835198407;;;;;;;;2024-10-31;;N;N;70665.5;0.0;0.0;SYS;2024-04-12;0;0.0;;;;0;1.0;;a594145acxy94145ac69z;VIN;;28;2511
2025-04-24 17:16:33.029457;2025-04-24 17:16:33.029457;L7F;2023-10-19;;;;0.0;XY;;PC;XY10;28614.3;708;XY;NON;RP;;MB;Other;;;a7e0ff439xye0ff439eaz;4.37;;400.0;;EUR;;a24f33406xy4f33406c3z;a24f33406xy4f33406c3z;;30/360;a058b0832xy58b083235z;;0.0;EUR;0.0;50;;45.62;N;XYORGF;XYORGF;RDR;TM1;N;;2026-10-15;;;0.0;OPLEA;F;;XY1001;N;;0.0;Operating lease;;;;610.0;36.0;;;;;;;0.29561;48405.0;N;;;39801.12;N;;;;;R;0.00253;1.0;;;;;1697926431;;;;;;;;2024-10-31;;N;B;45775.89;0.0;0.0;SYS;2023-10-15;0;1703.84;;;;0;1.0;;abba20e2dxyba20e2d97z;VIN;;31;2508
2025-04-24 17:16:33.029457;2025-04-24 17:16:33.029457;;2021-09-22;;;;715.25;XY;;PC;XY10;0.0;708;XY;NON;RP;;MB;Other;;;aee32b4cfxye32b4cf8az;1.99;;574.49;;EUR;;aa9661c53xy9661c53f3z;aa9661c53xy9661c53f3z;;Act/Act;abb569efaxyb569efa5cz;;0.0;EUR;0.0;50;;7415.51;N;XYORGF;XYORGF;RDR;TM1;N;;2027-09-21;;;0.0;STFIN;F;;XY1001;N;;0.0;Loan retail;;;;699.69;72.0;;;;;;;0.345;47490.0;N;;;23771.44;N;;;;;R;0.01079;1.0;;;;;-517122383;;;;;;;;2024-10-31;;N;N;54149.98;1.0;0.0;SYS;2021-09-21;0;3036.09;;;;0;1.0;;a7a02e918xya02e91849z;VIN;;28;2511
2025-04-24 17:16:33.029457;2025-04-24 17:16:33.029457;;2024-08-28;;;;0.0;XY;;PC;XY10;0.0;708;XY;NON;RP;;MB;Other;;;a8fa06705xyfa067055cz;4.99;;1261.05;;EUR;;a7a0ebdb3xya0ebdb309z;a7a0ebdb3xya0ebdb309z;;Act/Act;afd0f2153xyd0f21530ez;;0.0;EUR;0.0;50;;15000.0;N;XYORGF;XYORGF;RDR;TM1;N;;2029-08-18;;;0.0;STFIN;F;;XY1001;N;;0.0;Loan retail;;;;1174.67;60.0;;;;;;;0.338;74590.0;N;;;46665.03;N;;;;;R;0.00196;1.0;;;;;574986881;;;;;;;;2024-10-31;;N;N;77339.37;0.0;0.0;SYS;2024-08-27;0;3963.47;;;;0;1.0;;a7ac3694exyac3694e4dz;VIN;;28;2511
2025-04-30 08:18:19.573592;2025-04-30 08:18:19.573592;;2017-09-14;;;;0.0;XY;2017-08-16;VA;XY10;7526.78;8204;XY;NON;CF;;MB;;;No Campaign;aad391d80xyd391d802dz;0.03;;0.0;;EUR;N;a4dd9e942xydd9e9425ez;a4dd9e942xydd9e9425ez;;30/360;a7e1adaa5xye1adaa5c0z;;0.0;EUR;0.0;50;;0.0;Y;XYORGF;XYORGF;RDR;TM1;Y;;2024-08-30;;;0.0;OPLEA;F;;XY1001;N;;0.0;Manufacturing lease;;;;;;;;;;;;;39577.0;N;;;7526.78;N;;;0.0;;A;0.0;1.0;;Internal;;;-1497608408;;;;1.0;Fleet;;;2024-10-31;;N;B;39577.0;0.0;0.0;SYS;2017-08-31;0;0.0;;;;0;;;aa6f9f0dfxy6f9f0df21z;VIN;;32;2508
2025-04-24 17:16:33.029457;2025-04-24 17:16:33.029457;L7F;2023-03-16;;;;300.0;XY;;PC;XY10;72788.1;708;XY;NON;RP;;MB;Other;;;a2a47a9c7xya47a9c7bez;5.78;;400.0;;EUR;;a4c7546c3xyc7546c3e8z;a4c7546c3xyc7546c3e8z;;30/360;a965940a1xy65940a1daz;;550.0;EUR;30.0;50;;7410.89;N;XYORGF;XYORGF;RDR;TM1;N;;2025-03-12;;;795.0;OPLEA;F;;XY1001;N;;0.0;Operating lease;;;;1185.39;24.0;;;;;;;0.29561;110285.0;N;;;78000.3;N;;;;;R;0.01177;1.0;;;;;-2024597769;;;;;;;;2024-10-31;;N;B;98112.81;1.0;0.0;SYS;2023-03-12;0;1164.28;;;;0;1.0;;a91fe6e32xy1fe6e32cfz;VIN;;31;2508
2025-04-24 17:16:33.029457;2025-04-24 17:16:33.029457;;2024-07-30;;;;300.0;XY;;PC;XY10;28187.25;708;XY;NON;RP;;MB;Other;;;ab6aa2285xy6aa2285b8z;1.76;;857.89;;EUR;;a7eba90cbxyeba90cb2dz;a7eba90cbxyeba90cb2dz;;30/360;a0d0a1f33xyd0a1f3382z;;0.0;EUR;0.0;50;;9228.89;N;XYORGF;XYORGF;RDR;TM1;N;;2027-07-26;;;795.0;OPLEA;F;;XY1001;N;;0.0;Operating lease;;;;434.58;36.0;;;;;;;0.29561;57525.0;N;;;48466.07;N;;;;;R;0.00305;1.0;;;;;936010822;;;;;;;;2024-10-31;;N;B;50121.9;0.0;0.0;SYS;2024-07-26;0;4960.37;;;;0;1.0;;a3ec06b20xyec06b20a1z;VIN;;31;2508
2025-04-24 17:16:33.029457;2025-04-24 17:16:33.029457;;2024-07-11;;;;1836.35;XY;;PC;XY10;0.0;708;XY;NON;RP;;MB;Other;;;ab5d8012bxy5d8012bddz;8.39;;3912.56;;EUR;;a5110beaaxy110beaa3bz;a5110beaaxy110beaa3bz;;Act/Act;acd55b002xyd55b0021az;;0.0;EUR;0.0;50;;7104.18;N;XYORGF;XYORGF;RDR;TM1;N;;2030-07-23;;;0.0;STFIN;F;;XY1001;N;;0.0;Loan retail;;;;2597.24;72.0;;;;;;;0.39;;N;;;142089.65;U;;;;;R;0.00753;1.0;;;;;-52973911;;;;;;;;2024-10-31;;N;N;151300.33;1.0;0.0;SYS;2024-07-08;0;0.0;;;;0;1.0;;aefe65294xyfe65294fcz;VIN;;28;2511
2025-04-23 13:46:56.996937;2025-04-23 13:46:56.996937;;2021-12-16;;;;0.0;XY;;PC;XY10;0.0;709;XY;NON;RP;910.0;MB;Other;;869;abc00e325xyc00e3254cz;0.04;;0.0;N;EUR;N;a5c41dcb3xyc41dcb36fz;a5c41dcb3xyc41dcb36fz;;Act/Act;a5e65ab5fxye65ab5fc5z;;0.0;EUR;0.0;50;0.0;0.0;N;XYORGF;XYORGF;RDR;TM1;N;;2027-12-07;;;0.0;STFIN;F;0.0;XY1001;N;;0.0;Loan retail;;;;0.0;0.0;;;;;;2021-12-14;0.35;27000.0;N;0.0;;19722.66;U;2027-12-07;;0.0;;R;0.0036;1.0;;;;;1085996460;3002.0;ACE;;0.0;;;;2024-10-31;;N;N;35689.81;284.0;0.0;SYS;2021-12-14;0;458.22;0.0;;;0;1.0;1.0;a9235f616xy235f616bcz;VIN;;28;2511
2025-04-24 17:16:33.029457;2025-04-24 17:16:33.029457;L7F;2022-06-17;;;;300.0;XY;;PC;XY10;25553.25;708;XY;NON;RP;;MB;Other;;;ab02f6704xy02f670463z;9.52;;4798.82;;EUR;;a86cf5bd9xy6cf5bd933z;a86cf5bd9xy6cf5bd933z;;30/360;ab64752d9xy64752d9dcz;;0.0;EUR;0.0;50;;0.0;N;XYORGF;XYORGF;RDR;TM1;N;;2026-06-17;;;795.0;OPLEA;F;;XY1001;N;;0.0;Operating lease;;;;1050.17;48.0;;;;;;;0.34893;55025.0;N;;;39089.02;N;;;;;R;0.01177;1.0;;;;;343316586;;;;;;;;2024-10-31;;N;B;58515.0;1.0;0.0;SYS;2022-06-17;0;0.0;;;;0;1.0;;a2c058224xyc058224f0z;VIN;;31;2508
2025-04-24 17:16:33.029457;2025-04-24 17:16:33.029457;;2024-10-28;;;;300.0;XY;;PC;XY10;35165.0;708;XY;NON;RP;;MB;Other;;;ad126d2b6xy126d2b68az;7.42;;500.0;;EUR;;a8d4f7e46xyd4f7e46a6z;a8d4f7e46xyd4f7e46a6z;;30/360;a0dc093c9xydc093c965z;;0.0;EUR;0.0;50;;0.0;N;XYORGF;XYORGF;RDR;TM1;N;;2028-10-25;;;795.0;OPLEA;F;;XY1001;N;;0.0;Operating lease;;;;1062.54;48.0;;;;;;;0.33446;70330.0;N;;;69512.29;N;;;;;R;0.01413;1.0;;;;;926487599;;;;;;;;2024-10-31;;N;B;69356.0;1.0;0.0;SYS;2024-10-25;0;0.0;;;;0;1.0;;ae7f486cdxy7f486cd92z;VIN;;31;2508
2025-04-24 17:16:33.029457;2025-04-24 17:16:33.029457;;2024-09-20;;;;300.0;XY;;PC;XY10;28568.25;708;XY;NON;RP;;MB;Other;;;a1f1a8ccdxyf1a8ccdd6z;4.56;;300.0;;EUR;;a3265bb18xy265bb1815z;a3265bb18xy265bb1815z;;30/360;a96bcd6d2xy6bcd6d2ecz;;0.0;EUR;0.0;50;;1828.6;N;XYORGF;XYORGF;RDR;TM1;N;;2027-09-07;;;795.0;OPLEA;F;;XY1001;N;;0.0;Operating lease;;;;564.49;36.0;;;;;;;0.29561;;N;;;44168.09;U;;;;;R;0.00305;1.0;;;;;443869048;;;;;;;;2024-10-31;;N;B;44689.13;0.0;0.0;SYS;2024-09-07;0;1239.1;;;;0;1.0;;ab87d3120xy87d31208az;VIN;;31;2508
2025-04-24 17:16:33.029457;2025-04-24 17:16:33.029457;;2024-07-22;;;;0.0;XY;;PC;XY10;0.0;708;XY;NON;RP;;MB;Other;;;aba36341cxya36341c84z;7.44;;0.0;;EUR;;af5c07573xy5c07573a4z;af5c07573xy5c07573a4z;;Act/Act;ad3490d6bxy3490d6b5ez;;0.0;EUR;0.0;50;;0.0;N;XYORGF;XYORGF;RDR;TM1;N;;2030-07-22;;;0.0;STFIN;F;;XY1001;N;;0.0;Loan retail;;;;396.13;72.0;;;;;;;;;N;;;22230.82;U;;;;;R;;1.0;;;;;-1458551053;;;;;;;;2024-10-31;;N;N;22787.17;;0.0;SYS;2024-07-22;0;0.0;;;;0;1.0;;a9c613a05xyc613a0538z;VIN;;28;2511
2025-04-23 13:46:56.996937;2025-04-23 13:46:56.996937;;2022-02-04;;;;0.0;XY;;PC;XY10;0.0;709;XY;NON;RP;910.0;MB;Other;;176;a4cad7456xycad7456f6z;0.01;;200.0;N;EUR;N;a8122b174xy122b174a2z;a8122b174xy122b174a2z;;Act/Act;a019c32caxy19c32ca1cz;;0.0;EUR;0.0;50;0.0;10310.0;N;XYORGF;XYORGF;RDR;TM1;N;;2027-02-03;;;0.0;STFIN;F;0.0;XY1001;N;;0.0;Loan retail;;;;0.0;0.0;;;;;;2022-02-03;0.37;52050.0;N;0.0;;6483.08;N;2027-02-03;;0.0;;R;0.00366;1.0;;;;;406261649;3002.0;ACE;;0.0;;;;2024-10-31;;N;N;60375.2;309.0;0.0;SYS;2022-02-03;0;3899.86;0.0;;;0;1.0;1.0;a0bd4e46bxybd4e46b57z;VIN;;28;2511
2025-04-24 17:16:33.029457;2025-04-24 17:16:33.029457;;2023-06-09;;;;995.0;XY;;PC;XY10;0.0;708;XY;NON;RSB;;MB;Other;;;a57edde3axy7edde3a3fz;7.89;;1090.58;;EUR;;aa0b0afabxy0b0afabd6z;aa0b0afabxy0b0afabd6z;;Act/Act;aacbd6263xycbd626379z;;0.0;EUR;0.0;50;;4000.0;N;XYORGF;XYORGF;RDR;TM1;N;;2029-05-30;;;0.0;STFIN;F;;XY1001;N;;0.0;Loan retail;;;;663.99;72.0;;;;;;;0.39;;N;;;30613.54;U;;;;;R;0.01465;1.0;;;;;6082373;;;;;;;;2024-10-31;;N;N;40999.99;2.0;0.0;SYS;2023-05-31;0;855.46;;;;0;1.0;;ac57bc954xy57bc954dcz;VIN;;28;2511
2025-05-15 08:36:22.269992;2025-05-15 08:36:22.269992;SAA241;2023-02-28;;;;7412.42;XY;2019-10-01;PC;XY10;20112.5;2287;XY;NON;RSB;;MB;;;004S0115S0122S0177;ad192c068xy192c06826z;10.79;;4473.18;;EUR;N;ab42eaeddxy42eaedd4dz;ab42eaeddxy42eaedd4dz;;30/360;a50dd6c91xy0dd6c91bfz;;0.0;EUR;0.0;50;;10000.0;N;XYORGF;XYORGF;RDR;TM1;N;;2028-02-27;;;490.0;BAFIN;F;;XY1001;N;;0.0;Loan retail;;;;;;;;;;;;;67200.0;N;;;47987.8;U;;;0.0;;;;;;;;;-1486950222;;SME2021;;7.0;;;;2025-04-30;;N;U;65507.6;234.0;0.0;SYS;2023-02-27;0;0.0;;;;0;1.0;;aad8b1028xyd8b1028ffz;VIN;;28;3370
2025-04-24 17:16:33.029457;2025-04-24 17:16:33.029457;;2024-10-04;;;;300.0;XY;;PC;XY10;48331.4;708;XY;NON;RP;;MB;Other;;;a0a6de8f2xya6de8f2afz;7.12;;400.0;;EUR;;a8e8e187cxye8e187c5bz;a8e8e187cxye8e187c5bz;;30/360;a11f4094cxy1f4094cdbz;;0.0;EUR;0.0;50;;0.0;N;XYORGF;XYORGF;RDR;TM1;N;;2027-10-02;;;795.0;OPLEA;F;;XY1001;N;;0.0;Operating lease;;;;54917.64;36.0;;;;;;;0.29561;90125.0;N;;;91976.7;N;;;;;R;0.00122;1.0;;;;;160260118;;;;;;;;2024-10-31;;N;B;92881.0;0.0;0.0;SYS;2024-10-02;0;0.0;;;;0;1.0;;a0cb6aee3xycb6aee360z;VIN;;31;2508
2025-04-24 17:16:33.029457;2025-04-24 17:16:33.029457;;2023-08-04;;;;0.0;XY;;PC;XY10;0.0;708;XY;NON;RP;;MB;Other;;;afd496e4bxyd496e4b83z;7.39;;780.13;;EUR;;a3e0b9358xye0b93580fz;a3e0b9358xye0b93580fz;;Act/Act;a47c962e9xy7c962e924z;;0.0;EUR;0.0;50;;25000.0;N;XYORGF;XYORGF;RDR;TM1;N;;2029-08-17;;;0.0;STFIN;F;;XY1001;N;;0.0;Loan retail;;;;1003.05;72.0;;;;;;;0.338;78930.0;N;;;48945.33;N;;;;;R;0.00985;1.0;;;;;-671285808;;;;;;;;2024-10-31;;N;N;83013.71;1.0;0.0;SYS;2023-08-02;0;0.0;;;;0;1.0;;ae92d9402xy92d940289z;VIN;;28;2511
2025-04-24 17:16:33.029457;2025-04-24 17:16:33.029457;;2023-04-05;;;;300.0;XY;;PC;XY10;47268.8;708;XY;NON;RP;;MB;Other;;;a088d1b28xy88d1b28b2z;9.7;;2771.59;;EUR;;a0cdc6c2fxycdc6c2f02z;a0cdc6c2fxycdc6c2f02z;;30/360;a965940a1xy65940a1daz;;0.0;EUR;0.0;50;;0.0;N;XYORGF;XYORGF;RDR;TM1;N;;2026-03-30;;;795.0;OPLEA;F;;XY1001;N;;0.0;Operating lease;;;;41045.4;36.0;;;;;;;0.29561;74440.0;N;;;60635.35;N;;;;;R;0.00101;1.0;;;;;-1953007547;;;;;;;;2024-10-31;;N;B;75330.0;0.0;0.0;SYS;2023-03-30;0;0.0;;;;0;1.0;;af5eda532xy5eda5326fz;VIN;;31;2508
2025-05-15 09:01:23.338997;2025-05-15 09:01:23.338997;;2023-08-07;;;;0.0;XY;2023-08-04;PC;XY10;44626.22;1042;XY;NON;RSB;;MB;;;Mercedes-Benz Bank Bonus Hybrid gewerblich 2023-02Q;ac1c55e12xy1c55e120bz;8.375;;0.0;;EUR;;a9ff12358xyff1235832z;a9ff12358xyff1235832z;;30/360;a420314f1xy20314f1cez;;0.0;EUR;0.0;50;0.0;16666.67;N;XYORGF;XYORGF;RDR;TM1;N;;2026-08-31;;;0.0;OPLEA;V;3.0;XY1001;N;;0.0;Manufacturing lease;;;;;;;;;;;2024-08-31;;86151.0;;;;65858.19;N;2024-11-30;;;;;;1.0;;;;;-1399042136;;RSB;1.0;;;;;2024-10-31;;N;B;78689.68;845.0;0.0;SYS;2023-08-07;0;0.0;;;;0;1.0;1.0;aead9eb15xyad9eb153az;VIN;;32;2508
2025-04-24 17:16:33.029457;2025-04-24 17:16:33.029457;22;2021-06-28;;;;2400.0;XY;;PC;XY10;0.0;708;XY;NON;RP;;MB;Other;;;ac3c4b5e3xy3c4b5e32ez;6.99;;6010.54;;EUR;;a004f8568xy04f85680az;a004f8568xy04f85680az;2023-11-21;Act/Act;a2c5ab2b6xyc5ab2b6ccz;;2248.14;EUR;6.0;50;;0.0;N;XYORGF;XYORGF;RDR;TM1;N;;2027-08-25;;;0.0;STFIN;F;;XY1001;N;;0.0;Loan retail;;;;2248.14;74.0;;;;;;;0.345;106965.0;N;;;72281.72;N;;;;;R;0.02679;1.0;;;;;1368241548;;;;;;;;2024-10-31;;Y;N;129123.01;2.0;0.0;SYS;2021-06-10;0;0.0;;;;0;1.0;;afd19aafcxyd19aafc85z;VIN;;28;2511
2025-04-24 17:16:33.029457;2025-04-24 17:16:33.029457;;2019-04-15;;;;0.0;XY;;CV;XY10;39136.34;708;XY;NON;CF;;FR;Fleet;;;a4dc40c6bxydc40c6bb2z;3.97;;600.09;;EUR;;ae150f345xy150f34571z;a13571064xy3571064bdz;;Act/Act;a6b819325xyb8193253az;;0.0;EUR;0.0;50;;0.0;N;XYORGF;XYORGF;RDR;TM1;N;;2025-05-11;;;0.0;FILEA;F;;XY1001;N;;0.0;Finance lease;;;;3597.94;72.0;;;;;;;0.19823;260909.0;N;;;59714.07;N;;;;;R;0.00823;1.0;;;;;834544193;;;;;;;;2024-10-31;;N;N;260909.0;;0.0;SYS;2019-04-11;0;0.0;;;;0;2.0;;ab1fbbe51xy1fbbe5178z;VIN;;30;2510
2025-05-15 08:36:22.269992;2025-05-15 08:36:22.269992;SAA241;2022-06-23;;;;1480.0;XY;2021-08-10;PC;XY10;37200.0;2287;XY;NON;RSB;;MB;;;004S0115S0121S0168;aed3055acxyd3055ac41z;7.2;;2628.08;;EUR;N;a9b791fe0xyb791fe00cz;a9b791fe0xyb791fe00cz;;30/360;a3c21b28axyc21b28a41z;;1392.51;EUR;10.0;50;;0.0;N;XYORGF;XYORGF;RDR;TM1;N;;2027-06-20;;;490.0;BAFIN;F;;XY1001;N;;0.0;Loan retail;;;;;;;;;;;;;98700.0;N;;;66800.3;N;;;0.0;;;;;;;;;1971154636;;SME2021;;6.0;;;;2025-04-30;;N;U;93000.0;323.0;0.0;SYS;2022-06-20;0;0.0;;;;0;1.0;;a0f8581d1xyf8581d158z;VIN;;28;3370
2025-04-23 13:46:56.996937;2025-04-23 13:46:56.996937;;2024-10-21;;;;0.0;XY;;PC;XY10;60445.0;709;XY;NON;RSB;910.0;MB;Other;;794;a9a2732dcxya2732dc48z;0.03;;75.0;N;EUR;N;a81fea3d7xy1fea3d7c2z;a81fea3d7xy1fea3d7c2z;;30/360;a43b22d66xy3b22d66dbz;;0.0;EUR;0.0;50;0.0;22.5;N;XYORGF;XYORGF;RDR;TM1;N;;2028-10-11;;;0.0;OPLEA;F;0.0;XY1001;N;;0.0;Operating lease;;;;0.0;0.0;;;;;;2024-10-11;0.21;137375.0;N;0.0;;119903.3;N;2028-10-11;;0.0;;A;0.01;1.0;;;;;1383941056;3105.0;ACE;;0.0;;;;2024-10-31;;N;B;133157.05;200.0;2100.0;SYS;2024-10-11;0;12491.31;0.0;;;0;1.0;1.0;a3e604c98xye604c98abz;VIN;;31;2508
2025-04-24 17:16:33.029457;2025-04-24 17:16:33.029457;24B;2024-04-23;;;;300.0;XY;;PC;XY10;30247.15;708;XY;NON;RP;;MB;Other;;;a47efdde8xy7efdde85az;5.42;;300.0;;EUR;;a7a0e71dfxya0e71df05z;a7a0e71dfxya0e71df05z;;30/360;a5ca0625bxyca0625b30z;;0.0;EUR;0.0;50;;1567.99;N;XYORGF;XYORGF;RDR;TM1;N;;2027-04-22;;;795.0;OPLEA;F;;XY1001;N;;0.0;Operating lease;;;;538.21;36.0;;;;;;;0.29561;;N;;;41932.56;U;;;;;R;0.00305;1.0;;;;;135171894;;;;;;;;2024-10-31;;N;B;44111.23;0.0;0.0;SYS;2024-04-22;0;492.76;;;;0;1.0;;a26ed06aaxy6ed06aac6z;VIN;;31;2508
2025-04-24 17:16:33.029457;2025-04-24 17:16:33.029457;;2022-10-20;;;;995.0;XY;;PC;XY10;0.0;708;XY;NON;RP;;MB;Other;;;a9b280177xyb2801775dz;9.49;;3789.04;;EUR;;a9fb0c829xyfb0c82977z;a9fb0c829xyfb0c82977z;;Act/Act;a8f01e35cxyf01e35c79z;;0.0;EUR;0.0;50;;0.0;N;XYORGF;XYORGF;RDR;TM1;N;;2028-10-26;;;0.0;STFIN;F;;XY1001;N;;0.0;Loan retail;;;;1285.04;72.0;;;;;;;0.414;;N;;;51164.33;U;;;;;R;0.01556;1.0;;;;;-1289387607;;;;;;;;2024-10-31;;N;N;69084.05;2.0;0.0;SYS;2022-10-12;0;0.0;;;;0;1.0;;a938de54exy38de54ee5z;VIN;;28;2511
2025-04-23 13:46:56.996937;2025-04-23 13:46:56.996937;;2020-08-21;;;;0.0;XY;;VA;XY10;21067.02;709;XY;NON;RSB;910.0;MB;Other;;883;aa5a91140xy5a9114028z;0.02;;0.0;N;EUR;N;a9f515521xyf51552182z;a9f515521xyf51552182z;;30/360;abc830411xyc8304113dz;;0.0;EUR;0.0;50;0.0;8849.56;N;XYORGF;XYORGF;RDR;TM1;N;;2025-08-17;;;0.0;FILEA;F;0.0;XY1001;N;;0.0;Finance lease;;;;0.0;0.0;;;;;;2020-08-17;0.23;54018.0;N;0.0;;24853.62;N;2025-08-17;;0.0;;A;0.01;1.0;;;;;-665644593;3105.0;ACE;;0.0;;;;2024-10-31;;N;U;56034.98;271.0;0.0;SYS;2020-08-17;0;3004.81;0.0;;;0;1.0;1.0;a2dd5c5e9xydd5c5e963z;VIN;;30;2510
2025-04-24 17:16:33.029457;2025-04-24 17:16:33.029457;;2024-10-16;;;;0.0;XY;;PC;XY10;0.0;708;XY;NON;RP;;MB;Other;;;abbfb9927xybfb9927fez;2.99;;1106.93;;EUR;;a1ed054cfxyed054cfe1z;a1ed054cfxyed054cfe1z;;Act/Act;a84ce3cfaxy4ce3cfaafz;;0.0;EUR;0.0;50;;5000.0;N;XYORGF;XYORGF;RDR;TM1;N;;2030-10-28;;;0.0;STFIN;F;;XY1001;N;;0.0;Loan retail;;;;630.43;72.0;;;;;;;0.39;;N;;;41518.46;U;;;;;R;0.00131;1.0;;;;;-243812216;;;;;;;;2024-10-31;;N;N;46454.12;0.0;0.0;SYS;2024-10-13;0;5262.96;;;;0;1.0;;a0b0b5019xyb0b501982z;VIN;;28;2511
2025-04-24 17:16:33.029457;2025-04-24 17:16:33.029457;;2024-01-04;;;;0.0;XY;;PC;XY10;0.0;708;XY;NON;RP;;MB;Other;;;a256fd877xy56fd877e3z;3.39;;578.6;;EUR;;aa5faf98fxy5faf98f63z;aa5faf98fxy5faf98f63z;;Act/Act;aa759c7eaxy759c7ea05z;;0.0;EUR;0.0;50;;0.0;N;XYORGF;XYORGF;RDR;TM1;N;;2027-01-17;;;0.0;STFIN;F;;XY1001;N;;0.0;Loan retail;;;;1146.77;36.0;;;;;;;0.39;;N;;;29807.22;U;;;;;R;0.00131;1.0;;;;;-1469816309;;;;;;;;2024-10-31;;N;N;39145.97;0.0;0.0;SYS;2024-01-02;0;2913.53;;;;0;1.0;;a625c4c32xy25c4c3245z;VIN;;28;2511
2025-04-24 17:16:33.029457;2025-04-24 17:16:33.029457;24B;2021-05-01;;;;300.0;XY;;PC;XY10;24427.0;708;XY;NON;RP;;MB;Other;;;a7bb83306xybb8330639z;4.13;;741.02;;EUR;;a1481ce16xy481ce1663z;a1481ce16xy481ce1663z;;30/360;acd510f61xyd510f6170z;;0.0;EUR;0.0;50;;654.75;N;XYORGF;XYORGF;RDR;TM1;N;;2025-04-30;;;795.0;OPLEA;F;;XY1001;N;;0.0;Operating lease;;;;529.65;48.0;;;;;;;0.34692;46975.0;N;;;26865.88;N;;;;;R;0.0026;1.0;;;;;-1299894947;;;;;;;;2024-10-31;;N;B;43745.75;0.0;0.0;SYS;2021-04-30;0;0.0;;;;0;1.0;;ad1efe5bbxy1efe5bb4ez;VIN;;31;2508
2025-04-24 17:16:33.029457;2025-04-24 17:16:33.029457;;2024-07-17;;;;0.0;XY;;PC;XY10;49164.05;708;XY;NON;RP;;MB;Other;;;a489acd8axy89acd8a29z;6.84;;500.0;;EUR;;a61042453xy104245355z;a61042453xy104245355z;;30/360;a5fd32d24xyfd32d242az;;0.0;EUR;0.0;50;;798.29;N;XYORGF;XYORGF;RDR;TM1;N;;2028-01-16;;;0.0;OPLEA;F;;XY1001;N;;0.0;Operating lease;;;;1621.01;42.0;;;;;;;0.29561;114335.0;N;;;95997.42;N;;;;;R;0.00305;1.0;;;;;1396526987;;;;;;;;2024-10-31;;N;B;100255.0;0.0;0.0;SYS;2024-07-16;0;0.0;;;;0;1.0;;a363fafbaxy63fafbac6z;VIN;;31;2508
2025-05-15 09:01:23.338997;2025-05-15 09:01:23.338997;;2024-06-05;;;;0.0;XY;2024-06-03;PC;XY10;27804.91;1042;XY;NON;RP;;MB;;;Mercedes-Benz Bank Bonus privat Q1 2024;a303aee53xy03aee5323z;7.0147;;0.0;;EUR;;affd4f997xyfd4f997a0z;affd4f997xyfd4f997a0z;;30/360;a420314f1xy20314f1cez;;0.0;EUR;0.0;50;0.0;0.0;N;XYORGF;XYORGF;RDR;TM1;N;;2025-06-30;;;0.0;BFLEA;F;;XY1001;N;;0.0;Finance lease;;;;;;;;;;;;;45137.83;;;;29106.54;N;;;;;;;1.0;;;;;-218975499;;RP;1.0;;;;;2024-10-31;;N;N;30400.61;448.0;0.0;SYS;2024-06-05;0;300.0;;;;0;1.0;;a871ce69cxy71ce69c3az;VIN;;30;2510
2025-04-24 17:16:33.029457;2025-04-24 17:16:33.029457;24;2023-07-28;;;;4645.0;XY;;PC;XY10;0.0;708;XY;NON;RP;;MB;Other;;;a025f714cxy25f714c37z;7.09;;427.25;;EUR;;abce9f1f8xyce9f1f820z;abce9f1f8xyce9f1f820z;2024-05-15;Act/Act;a7f7be1efxyf7be1ef75z;;744.84;EUR;21.0;50;;0.0;N;XYORGF;XYORGF;RDR;TM1;N;;2029-10-10;;;0.0;STFIN;F;;XY1001;N;;0.0;Loan retail;;;;732.42;74.0;;;;;;;0.39;;N;;;38325.78;U;;;;;R;0.00627;1.0;;;;;1861221655;;;;;;;;2024-10-31;;Y;N;38080.05;1.0;0.0;SYS;2023-07-27;0;0.0;;;;0;1.0;;a5c584154xyc5841546az;VIN;;28;2511
2025-04-24 17:16:33.029457;2025-04-24 17:16:33.029457;;2019-04-15;;;;0.0;XY;;PC;XY10;0.0;708;XY;NON;RP;;MB;Other;;;a5248da10xy248da105dz;4.99;;1227.44;;EUR;;a56fc7b6bxy6fc7b6b4dz;a56fc7b6bxy6fc7b6b4dz;;Act/Act;a12fb070cxy2fb070cf5z;;0.0;EUR;0.0;50;;1000.0;N;XYORGF;XYORGF;RDR;TM1;N;;2025-04-18;;;0.0;STFIN;F;;XY1001;N;;0.0;Loan retail;;;;540.85;72.0;;;;;;;0.346;;N;;;3207.07;U;;;;;R;0.0064;1.0;;;;;668648238;;;;;;;;2024-10-31;;N;N;34523.47;1.0;0.0;SYS;2019-04-03;0;2075.19;;;;0;1.0;;ac08c87d2xy08c87d277z;VIN;;28;2511
2025-05-15 08:36:22.269992;2025-05-15 08:36:22.269992;SAA192;2024-02-15;;;;4085.7;XY;2022-11-18;PC;XY10;27000.0;2287;XY;NON;RP;;MB;;;004S0121S0174;a0a29b7d2xya29b7d2c3z;8.99;;1381.48;;EUR;N;a8cc4821cxycc4821c32z;a8cc4821cxycc4821c32z;;30/360;a8c715cedxyc715ceddbz;;0.0;EUR;0.0;50;;6414.33;N;XYORGF;XYORGF;RDR;TM1;N;;2029-02-14;;;490.0;BAFIN;F;;XY1001;N;;0.0;Loan retail;;;;;;;;;;;;;67189.0;N;;;53340.1;N;;;0.0;;;;;;;;;90050757;;PI2013;;5.0;;;;2025-04-30;;N;U;60970.6;725.0;0.0;SYS;2024-02-14;0;0.0;;;;0;1.0;;a90f9fbf2xy0f9fbf287z;VIN;;28;3370
2025-04-24 17:16:33.029457;2025-04-24 17:16:33.029457;;2024-05-13;;;;0.0;XY;;PC;XY10;0.0;708;XY;NON;RP;;MB;Other;;;ad32b1b00xy32b1b0041z;9.59;;3341.32;;EUR;;adc5e2475xyc5e247517z;adc5e2475xyc5e247517z;;Act/Act;acc4d696axyc4d696a39z;;0.0;EUR;0.0;50;;10000.0;N;XYORGF;XYORGF;RDR;TM1;N;;2030-05-18;;;0.0;STFIN;F;;XY1001;N;;0.0;Loan retail;;;;799.88;72.0;;;;;;;0.338;55125.0;N;;;41521.56;N;;;;;R;0.01182;1.0;;;;;-137856579;;;;;;;;2024-10-31;;N;N;53500.0;1.0;0.0;SYS;2024-05-04;0;0.0;;;;0;1.0;;a7d1e59b3xyd1e59b3d9z;VIN;;28;2511
2025-04-24 17:16:33.029457;2025-04-24 17:16:33.029457;;2021-05-10;;;;895.0;XY;;PC;XY10;0.0;708;XY;NON;RP;;MB;Other;;;ad77e10c8xy77e10c894z;5.99;;1551.51;;EUR;;a69e10438xy9e1043803z;a69e10438xy9e1043803z;2023-09-20;Act/Act;aac6d541cxyc6d541c9ez;;1091.95;EUR;11.0;50;;4000.0;N;XYORGF;XYORGF;RDR;TM1;N;;2027-08-20;;;0.0;STFIN;F;;XY1001;N;;0.0;Loan retail;;;;1003.22;75.0;;;;;;;0.416;;N;;;33178.18;U;;;;;R;0.02554;1.0;;;;;1702252053;;;;;;;;2024-10-31;;Y;N;63505.65;3.0;0.0;SYS;2021-05-05;0;4464.5;;;;0;1.0;;aa1f22406xy1f2240680z;VIN;;28;2511
2025-04-24 17:16:33.029457;2025-04-24 17:16:33.029457;24;2023-07-18;;;;695.0;XY;;PC;XY10;0.0;708;XY;NON;RP;;MB;Other;;;a7c83c843xyc83c8432cz;7.99;;864.27;;EUR;;a46f0a4dcxy6f0a4dc2cz;a46f0a4dcxy6f0a4dc2cz;;Act/Act;a5bb12c2fxybb12c2f77z;;750.99;EUR;5.0;50;;2000.0;N;XYORGF;XYORGF;RDR;TM1;N;;2029-07-26;;;0.0;STFIN;F;;XY1001;N;;0.0;Loan retail;;;;476.54;72.0;;;;;;;0.39;;N;;;23252.96;U;;;;;R;0.00627;1.0;;;;;732824174;;;;;;;;2024-10-31;;N;N;28413.53;1.0;0.0;SYS;2023-07-13;0;0.0;;;;0;1.0;;a955c6812xy55c6812b9z;VIN;;28;2511
2025-04-24 17:16:33.029457;2025-04-24 17:16:33.029457;;2018-11-16;;;;0.0;XY;;PC;XY10;0.0;708;XY;NON;RP;;MB;Other;;;aa43164faxy43164fa12z;4.99;;1017.51;;EUR;;a2c0ae69bxyc0ae69ba1z;a2c0ae69bxyc0ae69ba1z;;Act/Act;a0a29470axya29470a71z;;0.0;EUR;0.0;50;;0.0;N;XYORGF;XYORGF;RDR;TM1;N;;2024-11-27;;;0.0;STFIN;F;;XY1001;N;;0.0;Loan retail;;;;650.83;72.0;;;;;;;0.39079;;N;;;623.86;U;;;;;R;0.00821;1.0;;;;;1363605162;;;;;;;;2024-10-31;;N;N;40340.02;1.0;0.0;SYS;2018-11-12;0;3040.26;;;;0;1.0;;a420cac63xy20cac6340z;VIN;;28;2511
2025-04-24 17:16:33.029457;2025-04-24 17:16:33.029457;12;2018-11-27;;;;697.0;XY;;PC;XY10;0.0;708;XY;NON;RP;;MB;Other;;;ad0736923xy0736923b7z;1.99;;0.0;;EUR;;a7fa49326xyfa49326caz;a7fa49326xyfa49326caz;;Act/Act;ab9d9a118xy9d9a118bcz;;0.0;EUR;0.0;50;;7000.0;N;XYORGF;XYORGF;RDR;TM1;N;;2024-12-09;;;0.0;STFIN;F;;XY1001;N;;0.0;Loan retail;;;;704.47;72.0;;;;;;;0.34762;48135.0;N;;;1406.44;N;;;;;R;0.0023;1.0;;;;;-444536539;;;;;;;;2024-10-31;;N;N;54037.04;0.0;0.0;SYS;2018-11-24;0;4614.5;;;;0;1.0;;a913d292dxy13d292d3bz;VIN;;28;2511
2025-04-24 17:16:33.029457;2025-04-24 17:16:33.029457;24B;2021-11-03;;;;300.0;XY;;PC;XY10;54209.25;708;XY;NON;RP;;MB;Other;;;ac70e4d40xy70e4d4008z;3.35;;400.0;;EUR;;a15d25e80xy5d25e8019z;a15d25e80xy5d25e8019z;;30/360;a9bd02ee4xybd02ee429z;;0.0;EUR;0.0;50;;9811.86;N;XYORGF;XYORGF;RDR;TM1;N;;2025-01-31;;;795.0;OPLEA;F;;XY1001;N;;0.0;Operating lease;;;;1584.74;39.0;;;;;;;0.30072;118405.0;N;;;58930.95;N;;;;;R;0.0026;1.0;;;;;-257362142;;;;;;;;2024-10-31;;N;B;115978.0;0.0;0.0;SYS;2021-10-31;0;0.0;;;;0;1.0;;a73b90971xy3b90971f8z;VIN;;31;2508
2025-04-24 17:16:33.029457;2025-04-24 17:16:33.029457;24;2023-05-03;;;;1150.0;XY;;PC;XY10;0.0;708;XY;NON;RSB;;MB;Other;;;a9b5bc314xyb5bc314e3z;7.59;;3039.69;;EUR;;ab11757e1xy11757e1bez;ab11757e1xy11757e1bez;;Act/Act;a2e7854c0xye7854c091z;;0.0;EUR;0.0;50;;10000.0;N;XYORGF;XYORGF;RDR;TM1;N;;2029-05-06;;;0.0;STFIN;F;;XY1001;N;;0.0;Loan retail;;;;1823.73;72.0;;;;;;;0.338;;N;;;84922.41;U;;;;;R;0.00162;1.0;;;;;-1799594335;;;;;;;;2024-10-31;;N;N;113753.21;0.0;0.0;SYS;2023-04-23;0;0.0;;;;0;1.0;;aec705cc9xyc705cc944z;VIN;;28;2511
2025-04-24 17:16:33.029457;2025-04-24 17:16:33.029457;23;2022-03-01;;;;995.0;XY;;PC;XY10;0.0;708;XY;NON;RP;;MB;Other;;;a947c0d3dxy47c0d3d66z;5.99;;1811.98;;EUR;;af6c9ba2exy6c9ba2ef4z;af6c9ba2exy6c9ba2ef4z;;Act/Act;a119c0b04xy19c0b041ez;;0.0;EUR;0.0;50;;0.0;N;XYORGF;XYORGF;RDR;TM1;N;;2028-02-20;;;0.0;STFIN;F;;XY1001;N;;0.0;Loan retail;;;;1689.82;72.0;;;;;;;0.345;87190.0;N;;;61236.24;N;;;;;R;0.02654;1.0;;;;;-256439878;;;;;;;;2024-10-31;;N;N;100963.11;2.0;0.0;SYS;2022-02-18;0;0.0;;;;0;1.0;;a67d3dee9xy7d3dee900z;VIN;;28;2511
2025-04-24 17:16:33.029457;2025-04-24 17:16:33.029457;24A;2023-09-29;;;;0.0;XY;;PC;XY10;30752.0;708;XY;NON;RP;;MB;Other;;;a472e7f94xy72e7f94b0z;6.99;;500.0;;EUR;;ab655e9aaxy655e9aab4z;ab655e9aaxy655e9aab4z;;30/360;acda0ecb9xyda0ecb9e0z;;0.0;EUR;0.0;50;;0.0;N;XYORGF;XYORGF;RDR;TM1;N;;2026-09-28;;;0.0;OPLEA;F;;XY1001;N;;0.0;Operating lease;;;;695.46;36.0;;;;;;;0.29561;49600.0;N;;;41474.41;N;;;;;R;0.00253;1.0;;;;;-1070358552;;;;;;;;2024-10-31;;N;B;47608.09;0.0;0.0;SYS;2023-09-28;0;0.0;;;;0;1.0;;a9bbe8609xybbe860900z;VIN;;31;2508
2025-04-24 17:16:33.029457;2025-04-24 17:16:33.029457;;2022-07-15;;;;0.0;XY;;PC;XY10;0.0;708;XY;NON;RSB;;MB;Other;;;a81f1e9bcxy1f1e9bc25z;7.69;;2499.97;;EUR;;ad063f5d0xy063f5d01az;ad063f5d0xy063f5d01az;;Act/Act;a766aff83xy66aff834az;;0.0;EUR;0.0;50;;10000.0;N;XYORGF;XYORGF;RDR;TM1;N;;2028-07-22;;;0.0;STFIN;F;;XY1001;N;;0.0;Loan retail;;;;765.6;72.0;;;;;;;0.345;49340.0;N;;;29716.98;N;;;;;R;0.01074;1.0;;;;;1810069449;;;;;;;;2024-10-31;;N;N;53923.01;1.0;0.0;SYS;2022-07-09;0;0.0;;;;0;1.0;;aab2592fdxyb2592fd03z;VIN;;28;2511
2025-04-24 17:16:33.029457;2025-04-24 17:16:33.029457;12;2020-09-23;;;;0.0;XY;;PC;XY10;0.0;708;XY;NON;RP;;MB;Other;;;a44d6fd3fxy4d6fd3f97z;2.99;;1467.28;;EUR;;ab0f46b20xy0f46b200dz;ab0f46b20xy0f46b200dz;;Act/Act;a4b14abe6xyb14abe620z;;0.0;EUR;0.0;50;;2000.0;N;XYORGF;XYORGF;RDR;TM1;N;;2026-10-03;;;0.0;STFIN;F;;XY1001;N;;0.0;Loan retail;;;;856.93;72.0;;;;;;;0.34;50780.0;N;;;19980.04;N;;;;;R;0.0019;1.0;;;;;-166742721;;;;;;;;2024-10-31;;N;N;57546.96;0.0;0.0;SYS;2020-09-19;0;1374.37;;;;0;1.0;;ab18675c9xy18675c9cfz;VIN;;28;2511
2025-05-15 09:01:23.338997;2025-05-15 09:01:23.338997;;2019-12-18;;;;0.0;XY;2019-04-09;PC;XY10;10416.67;1042;XY;NON;RP;;MB;;;Gebrauchtwagenaktion 2019;ad4c1016dxy4c1016d56z;8.022;;0.0;;EUR;;ab55b1003xy55b100322z;ab55b1003xy55b100322z;;30/360;a62cff779xy2cff77957z;;0.0;EUR;0.0;50;0.0;3333.33;N;XYORGF;XYORGF;RDR;TM1;N;;2024-12-31;;;0.0;BFLEA;V;3.0;XY1001;N;;0.0;Finance lease;;;;;;;;;;;2024-08-31;;33251.24;;;;10784.94;U;2024-12-31;;;;;;1.0;;;;;-1568318214;;P1AAAT;1.0;;;;;2024-10-31;;N;N;25416.67;583.0;0.0;SYS;2019-12-18;0;0.0;;;;0;1.0;1.0;a84b6b559xy4b6b55968z;VIN;;30;2510
2025-04-24 17:16:33.029457;2025-04-24 17:16:33.029457;24;2023-01-06;;;;0.0;XY;;PC;XY10;0.0;708;XY;NON;RP;;MB;Other;;;a4584cd1fxy584cd1f21z;2.99;;351.09;;EUR;;ab2c80c3bxy2c80c3b87z;ab2c80c3bxy2c80c3b87z;;Act/Act;acd3139daxyd3139da10z;;0.0;EUR;0.0;50;;0.0;N;XYORGF;XYORGF;RDR;TM1;N;;2026-01-11;;;0.0;STFIN;F;;XY1001;N;;0.0;Loan retail;;;;840.92;36.0;;;;;;;0.414;;N;;;12382.52;U;;;;;R;0.00114;1.0;;;;;-1657815288;;;;;;;;2024-10-31;;N;N;28884.73;0.0;0.0;SYS;2022-12-28;0;1929.33;;;;0;1.0;;a42f96dd5xy2f96dd5e2z;VIN;;28;2511
2025-04-30 08:18:19.573592;2025-04-30 08:18:19.573592;;2021-04-30;;;;0.0;XY;2021-04-22;PC;XY10;19938.02;8204;XY;NON;RSB;;MB;;;No Campaign;a301febbexy01febbe16z;0.04;;0.0;;EUR;N;a97458422xy745842266z;a97458422xy745842266z;;30/360;a48caa978xy8caa978d1z;;0.0;EUR;0.0;50;;0.0;N;XYORGF;XYORGF;RDR;TM1;N;;2026-04-27;;;0.0;OLOPT;F;;XY1001;N;;1096.9;Operating lease;;;;;;;;;;;;;84585.0;N;;;37782.58;N;;;0.0;;A;0.0;1.0;;Internal;;;-863175805;;SME;3.0;0.0;;;;2024-10-31;;N;B;79752.07;275.0;0.0;SYS;2021-04-28;0;0.0;;;;0;;;ae033fa2fxy033fa2fd8z;VIN;;31;2517
2025-04-24 17:16:33.029457;2025-04-24 17:16:33.029457;22;2022-01-19;;;;825.0;XY;;PC;XY10;0.0;708;XY;NON;RP;;MB;Other;;;a2a3624c6xya3624c6adz;2.99;;1419.22;;EUR;;a6048ce2exy048ce2e05z;a6048ce2exy048ce2e05z;;Act/Act;a96e80ab2xy6e80ab231z;;0.0;EUR;0.0;50;;0.0;N;XYORGF;XYORGF;RDR;TM1;N;;2028-02-02;;;0.0;STFIN;F;;XY1001;N;;0.0;Loan retail;;;;825.92;72.0;;;;;;;0.414;;N;;;30631.52;U;;;;;R;0.00661;1.0;;;;;1839171517;;;;;;;;2024-10-31;;N;N;53482.99;1.0;0.0;SYS;2022-01-18;0;2407.72;;;;0;1.0;;a4650c066xy650c06636z;VIN;;28;2511
2025-04-24 17:16:33.029457;2025-04-24 17:16:33.029457;;2024-02-28;;;;1695.0;XY;;PC;XY10;0.0;708;XY;NON;RP;;MB;Other;;;a65443a5cxy5443a5cc5z;8.89;;1655.9;;EUR;;a4f73ffc5xyf73ffc5c9z;a4f73ffc5xyf73ffc5c9z;;Act/Act;ab839293fxy839293fdcz;;0.0;EUR;0.0;50;;7000.0;N;XYORGF;XYORGF;RDR;TM1;N;;2030-03-12;;;0.0;STFIN;F;;XY1001;N;;0.0;Loan retail;;;;490.06;72.0;;;;;;;0.39;;N;;;23652.34;U;;;;;R;0.00131;1.0;;;;;428720270;;;;;;;;2024-10-31;;N;N;32473.98;0.0;0.0;SYS;2024-02-26;0;0.0;;;;0;1.0;;adb00d07axyb00d07ad8z;VIN;;28;2511
2025-04-24 17:16:33.029457;2025-04-24 17:16:33.029457;24B;2021-12-16;;;;1997.01;XY;;PC;XY10;20376.4;708;XY;NON;RP;;MB;Other;;;a3446927cxy446927c15z;1.4;;300.0;;EUR;;afc7bfef9xyc7bfef9e9z;afc7bfef9xyc7bfef9e9z;;30/360;a1b3d7f23xyb3d7f239fz;;0.0;EUR;0.0;50;;0.0;N;XYORGF;XYORGF;RDR;TM1;N;;2025-12-13;;;795.0;OPLEA;F;;XY1001;N;;0.0;Operating lease;;;;570.0;48.0;;;;;;;0.30072;;N;;;27277.18;U;;;;;R;0.01723;1.0;;;;;-109300134;;;;;;;;2024-10-31;;N;B;43099.17;1.0;0.0;SYS;2021-12-13;0;3058.4;;;;0;1.0;;aaf61b98axyf61b98a31z;VIN;;31;2508
2025-04-24 17:16:33.029457;2025-04-24 17:16:33.029457;;2024-07-24;;;;300.0;XY;;PC;XY10;25080.75;708;XY;NON;RP;;MB;Other;;;a640bdeb4xy40bdeb499z;5.39;;400.0;;EUR;;a99c2f724xy9c2f724bfz;a99c2f724xy9c2f724bfz;;30/360;a86afaf69xy6afaf693fz;;822.17;EUR;16.0;50;;2540.51;N;XYORGF;XYORGF;RDR;TM1;N;;2028-10-15;;;795.0;OPLEA;F;;XY1001;N;;0.0;Operating lease;;;;780.14;51.0;;;;;;;0.33446;53435.0;N;;;55160.45;N;;;;;R;0.01413;1.0;;;;;-1314684268;;;;;;;;2024-10-31;;N;B;57054.35;1.0;0.0;SYS;2024-07-15;0;1848.39;;;;0;1.0;;a2865d96exy865d96e7az;VIN;;31;2508
2025-04-30 08:18:19.573592;2025-04-30 08:18:19.573592;;2019-12-16;;;;0.0;XY;2019-12-04;PC;XY10;8652.5;8204;XY;NON;RSB;;MB;;;BMS MB PC Renting 0,99 % 60m with DP - Q1-2020 (BE);aab88da37xyb88da375cz;0.04;;0.0;;EUR;N;ab22511fbxy22511fbbdz;ab22511fbxy22511fbbdz;;30/360;abb8cbe97xyb8cbe978az;;0.0;EUR;0.0;50;;6500.0;N;XYORGF;XYORGF;RDR;TM1;N;;2024-12-05;;;0.0;OLOPT;F;;XY1001;N;;200.0;Operating lease;;;;;;;;;;;;;37970.0;N;;;9156.93;N;;;0.0;;A;0.0;1.0;;Internal;;;-394418177;;RSB;5.0;0.0;;;;2024-10-31;;N;B;34610.0;455.0;0.0;SYS;2019-12-06;0;0.0;;;;0;;;ae85647c3xy85647c335z;VIN;;31;2517
2025-04-24 17:16:33.029457;2025-04-24 17:16:33.029457;;2023-10-03;;;;0.0;XY;;PC;XY10;0.0;708;XY;NON;RP;;MB;Other;;;a0e4c4048xye4c40481fz;3.09;;426.57;;EUR;;af1099256xy109925686z;af1099256xy109925686z;;Act/Act;a460a287axy60a287ab7z;;0.0;EUR;0.0;50;;7750.0;N;XYORGF;XYORGF;RDR;TM1;N;;2026-09-17;;;0.0;STFIN;F;;XY1001;N;;0.0;Loan retail;;;;1020.28;36.0;;;;;;;0.39;;N;;;9046.71;U;;;;;R;0.00108;1.0;;;;;-887124422;;;;;;;;2024-10-31;;N;N;42741.21;0.0;0.0;SYS;2023-09-02;0;2607.35;;;;0;1.0;;a2b2e86c9xyb2e86c9d8z;VIN;;28;2511
2025-04-24 17:16:33.029457;2025-04-24 17:16:33.029457;;2021-03-12;;;;0.0;XY;;PC;XY10;0.0;708;XY;NON;RP;;MB;Other;;;a99dea861xy9dea86116z;2.99;;768.01;;EUR;;a5ed24d0cxyed24d0c01z;a5ed24d0cxyed24d0c01z;;Act/Act;a5fd32d24xyfd32d242az;;0.0;EUR;0.0;50;;4381.98;N;XYORGF;XYORGF;RDR;TM1;N;;2027-03-23;;;0.0;STFIN;F;;XY1001;N;;0.0;Loan retail;;;;418.21;72.0;;;;;;;0.416;;N;;;11696.08;U;;;;;R;0.01564;1.0;;;;;-1122448117;;;;;;;;2024-10-31;;N;N;31881.98;2.0;0.0;SYS;2021-03-08;0;2381.76;;;;0;1.0;;a5c34aa15xyc34aa1570z;VIN;;28;2511
2025-04-24 17:16:33.029457;2025-04-24 17:16:33.029457;;2024-01-02;;;;1000.0;XY;;PC;XY10;0.0;708;XY;NON;RP;;MB;Other;;;a941e87fbxy41e87fbcdz;4.99;;1491.27;;EUR;;a1160ddfdxy160ddfd25z;a1160ddfdxy160ddfd25z;;Act/Act;aa426bbb1xy426bbb150z;;0.0;EUR;0.0;50;;0.0;N;XYORGF;XYORGF;RDR;TM1;N;;2030-01-14;;;0.0;STFIN;F;;XY1001;N;;0.0;Loan retail;;;;953.91;72.0;;;;;;;0.39;;N;;;52895.4;U;;;;;R;0.00627;1.0;;;;;-1093703302;;;;;;;;2024-10-31;;N;N;58124.75;1.0;0.0;SYS;2023-12-30;0;5762.32;;;;0;1.0;;a887912caxy87912ca23z;VIN;;28;2511
2025-04-24 17:16:33.029457;2025-04-24 17:16:33.029457;;2021-08-31;;;;8256.95;XY;;VA;XY10;0.0;708;XY;NON;RSB;;MB;Other;;;a48f08ef1xy8f08ef1c8z;5.9;;1680.84;;EUR;;a7127dc25xy127dc2503z;adfba2571xyfba257194z;;Act/Act;ab117eaf4xy117eaf46ez;;0.0;EUR;0.0;50;;10000.0;N;XYORGF;XYORGF;RDR;TM1;N;;2027-09-03;;;0.0;STFIN;F;;XY1001;N;;599.0;Loan retail;;;;1164.15;72.0;;;;;;;0.344;72023.0;N;;;37524.42;N;;;;;R;0.0062;1.0;;;;;-176880209;;;;;;;;2024-10-31;;N;N;72023.0;;0.0;SYS;2021-08-19;0;181.36;;;;0;1.0;;a285f89e5xy85f89e5a6z;VIN;;28;2511
2025-04-24 17:16:33.029457;2025-04-24 17:16:33.029457;L7F;2022-10-11;;;;3992.9;XY;;PC;XY10;37861.6;708;XY;NON;RSB;;MB;Other;;;a53b9fed0xy3b9fed02cz;6.99;;1072.23;;EUR;;ac3f1c71dxy3f1c71dedz;ac3f1c71dxy3f1c71dedz;;30/360;ac26397a0xy26397a0efz;;0.0;EUR;0.0;50;;2591.53;N;XYORGF;XYORGF;RDR;TM1;N;;2025-09-30;;;795.0;OPLEA;F;;XY1001;N;;0.0;Operating lease;;;;1200.05;36.0;;;;;;;0.30308;67610.0;N;;;48144.89;N;;;;;R;0.01177;1.0;;;;;-105958871;;;;;;;;2024-10-31;;N;B;67625.0;1.0;0.0;SYS;2022-09-30;0;0.0;;;;0;1.0;;aa6286e73xy6286e7365z;VIN;;31;2508
2025-04-24 17:16:33.029457;2025-04-24 17:16:33.029457;L7F;2022-04-19;;;;0.0;XY;;PC;XY10;32624.15;708;XY;NON;RSB;;MB;Other;;;a8433a6c1xy433a6c18cz;6.05;;1800.16;;EUR;;af5c26b26xy5c26b266cz;af5c26b26xy5c26b266cz;;30/360;abb569efaxyb569efa5cz;;0.0;EUR;0.0;50;;0.0;N;XYORGF;XYORGF;RDR;TM1;N;;2025-04-15;;;0.0;OPLEA;F;;XY1001;N;;0.0;Operating lease;;;;1130.18;36.0;;;;;;;0.30308;60585.0;N;;;37469.39;N;;;;;R;0.0026;1.0;;;;;-1312354185;;;;;;;;2024-10-31;;N;B;64532.0;0.0;0.0;SYS;2022-04-15;0;0.0;;;;0;1.0;;a432d484fxy32d484f71z;VIN;;31;2508
2025-04-24 17:16:33.029457;2025-04-24 17:16:33.029457;;2024-05-15;;;;0.0;XY;;VA;XY10;0.0;708;XY;NON;RP;;MB;Other;;;a770e3e0exy70e3e0eacz;4.9;;718.62;;EUR;;a8eef2bddxyeef2bddfez;a8eef2bddxyeef2bddfez;;Act/Act;aebabfeb1xybabfeb1bbz;;0.0;EUR;0.0;50;;10000.0;N;XYORGF;XYORGF;RDR;TM1;N;;2027-05-20;;;0.0;STFIN;F;;XY1001;N;;0.0;Loan retail;;;;1736.47;36.0;;;;;;;0.338;65638.0;N;;;50544.47;N;;;;;R;0.00196;1.0;;;;;-481779108;;;;;;;;2024-10-31;;N;N;67907.45;0.0;0.0;SYS;2024-05-05;0;2368.32;;;;0;1.0;;ae0e8b09exy0e8b09eebz;VIN;;28;2511
2025-04-24 17:16:33.029457;2025-04-24 17:16:33.029457;24A;2023-11-22;;;;1890.78;XY;;PC;XY10;38981.6;708;XY;NON;RP;;MB;Other;;;a5a8e41e7xya8e41e7bbz;2.73;;400.0;;EUR;;a8ab8894exyab8894ea8z;a8ab8894exyab8894ea8z;;30/360;a0a7bb0b0xya7bb0b098z;;0.0;EUR;0.0;50;;1632.0;N;XYORGF;XYORGF;RDR;TM1;N;;2026-11-21;;;795.0;OPLEA;F;;XY1001;N;;0.0;Operating lease;;;;832.76;36.0;;;;;;;0.29561;68210.0;N;;;57205.6;N;;;;;R;0.00253;1.0;;;;;74465363;;;;;;;;2024-10-31;;N;B;63688.0;0.0;0.0;SYS;2023-11-21;0;5055.88;;;;0;1.0;;a19c2e15exy9c2e15e44z;VIN;;31;2508
2025-04-24 17:16:33.029457;2025-04-24 17:16:33.029457;;2023-03-30;;;;300.0;XY;;PC;XY10;70187.0;708;XY;NON;RP;;MB;Other;;;ad67e99f5xy67e99f579z;6.75;;1295.27;;EUR;;a967d1b6dxy67d1b6dd0z;a967d1b6dxy67d1b6dd0z;;30/360;a86afaf69xy6afaf693fz;;0.0;EUR;0.0;50;;4509.51;N;XYORGF;XYORGF;RDR;TM1;N;;2025-03-29;;;795.0;OPLEA;F;;XY1001;N;;0.0;Operating lease;;;;1531.32;24.0;;;;;;;0.29561;107980.0;N;;;76220.15;N;;;;;R;0.01177;1.0;;;;;-1184125756;;;;;;;;2024-10-31;;N;B;99237.22;1.0;0.0;SYS;2023-03-29;0;1174.36;;;;0;1.0;;ad4bf511axy4bf511a48z;VIN;;31;2508
2025-04-24 17:16:33.029457;2025-04-24 17:16:33.029457;;2022-02-03;;;;286.65;XY;;VA;XY10;21903.16;708;XY;NON;CF;;MB;Fleet;;;ab2f9a4edxy2f9a4ed02z;2.99;;500.0;;EUR;;afaf4b33fxyaf4b33f1az;a909dc412xy09dc412e5z;;Act/Act;abb569efaxyb569efa5cz;;1482.25;EUR;20.0;50;;0.0;N;XYORGF;XYORGF;RDR;TM1;N;;2026-02-11;;;0.0;BAFIN;F;;XY1001;N;;0.0;Loan retail;;;;1411.67;48.0;;;;;;;0.345;62602.0;N;;;43359.96;N;;;;;R;0.02544;1.0;;;;;769591456;;;;;;;;2024-10-31;;N;N;81594.15;;0.0;SYS;2022-01-27;0;0.0;;;;3;1.0;;ae09e18f1xy09e18f1edz;VIN;;28;2512
2025-04-24 17:16:33.029457;2025-04-24 17:16:33.029457;L7F;2022-08-09;;;;0.0;XY;;PC;XY10;42215.6;708;XY;NON;RP;;MB;Other;;;a08b03158xy8b0315802z;6.46;;2742.86;;EUR;;a325de252xy25de252bdz;a325de252xy25de252bdz;;30/360;a806e6159xy06e615988z;;0.0;EUR;0.0;50;;980.8;N;XYORGF;XYORGF;RDR;TM1;N;;2025-08-06;;;0.0;OPLEA;F;;XY1001;N;;0.0;Operating lease;;;;1242.67;36.0;;;;;;;0.30308;73745.0;N;;;50942.93;N;;;;;R;0.00706;1.0;;;;;-257047978;;;;;;;;2024-10-31;;N;B;76490.0;1.0;13500.0;SYS;2022-08-06;0;0.0;;;;0;1.0;;aabdbc645xybdbc64558z;VIN;;31;2508
2025-04-24 17:16:33.029457;2025-04-24 17:16:33.029457;;2023-10-11;;;;0.0;XY;;PC;XY10;0.0;708;XY;NON;RP;;MB;Other;;;a91f9a6f3xy1f9a6f3a0z;9.49;;3436.23;;EUR;;a03423ec1xy3423ec1a4z;a03423ec1xy3423ec1a4z;;Act/Act;a5bb12c2fxybb12c2f77z;;0.0;EUR;0.0;50;;2153.0;N;XYORGF;XYORGF;RDR;TM1;N;;2029-10-22;;;0.0;STFIN;F;;XY1001;N;;0.0;Loan retail;;;;874.85;72.0;;;;;;;0.39;;N;;;41768.45;U;;;;;R;0.00627;1.0;;;;;-852524203;;;;;;;;2024-10-31;;N;N;49874.97;1.0;0.0;SYS;2023-10-09;0;0.0;;;;0;1.0;;a41f40c69xy1f40c692dz;VIN;;28;2511
2025-04-24 17:16:33.029457;2025-04-24 17:16:33.029457;;2023-11-02;;;;1500.0;XY;;VA;XY10;0.0;708;XY;NON;RP;;MB;Other;;;a11c56112xy1c56112ebz;9.59;;3410.26;;EUR;;a575f8458xy75f8458c3z;a575f8458xy75f8458c3z;2024-09-04;Act/Act;a5139b0fdxy139b0fd24z;;0.0;EUR;0.0;50;;5000.0;N;XYORGF;XYORGF;RDR;TM1;N;;2029-12-10;;;0.0;STFIN;F;;XY1001;N;;0.0;Loan retail;;;;1157.86;73.0;;;;;;;0.338;60393.0;N;;;57201.44;N;;;;;R;0.00985;1.0;;;;;-1274487969;;;;;;;;2024-10-31;;Y;N;66468.0;1.0;0.0;SYS;2023-10-27;0;0.0;;;;0;1.0;;a0da622d5xyda622d5edz;VIN;;28;2511
2025-04-30 08:18:19.573592;2025-04-30 08:18:19.573592;;2024-10-15;;;;0.0;XY;2024-10-11;PC;XY10;0.0;8205;XY;NON;RSB;;MB;;;Q3-2024- 3,49% Nieuw STOCK = 90 dagen (all models excl. EQA & EQB 250+ Limited Edition) i.c.m. MBIS WA/Casco;a7f2b76ecxyf2b76ecd5z;0.03;;0.0;;EUR;N;a1a53fef2xya53fef27bz;a1a53fef2xya53fef27bz;;30/360;ae8966700xy896670048z;;0.0;EUR;0.0;50;;15086.0;N;XYORGF;XYORGF;RDR;TM1;N;;2029-10-10;;;0.0;FILEA;F;;XY1001;N;;50.0;Finance lease;;;;;;;;;;;;;84793.47;N;;;68058.5;N;;;0.0;;A;0.0;1.0;;Internal;;;-542551555;;SME;4.0;0.0;;;;2024-10-31;;N;N;84925.0;531.0;0.0;SYS;2024-10-11;0;0.0;;;;0;;;a758cff70xy58cff704bz;VIN;;30;2509
2025-04-24 17:16:33.029457;2025-04-24 17:16:33.029457;;2021-09-14;;;;995.0;XY;;PC;XY10;0.0;708;XY;NON;RP;;MB;Other;;;ae4a57424xy4a57424edz;4.49;;1097.53;;EUR;;a6840958fxy840958f10z;a6840958fxy840958f10z;2023-11-27;Act/Act;a86afaf69xy6afaf693fz;;0.0;EUR;0.0;50;;0.0;N;XYORGF;XYORGF;RDR;TM1;N;;2027-11-26;;;0.0;STFIN;F;;XY1001;N;;0.0;Loan retail;;;;634.6;74.0;;;;;;;0.416;;N;;;22147.87;U;;;;;R;0.01564;1.0;;;;;383541058;;;;;;;;2024-10-31;;Y;N;38919.29;2.0;0.0;SYS;2021-09-11;0;1653.19;;;;0;1.0;;a32d94e92xy2d94e92e2z;VIN;;28;2511
2025-04-24 17:16:33.029457;2025-04-24 17:16:33.029457;;2023-10-05;;;;0.0;XY;;PC;XY10;0.0;708;XY;NON;RSB;;MB;Other;;;a5ea0f513xyea0f5134ez;9.09;;2949.17;;EUR;;a9b3ac4f4xyb3ac4f4c2z;a9b3ac4f4xyb3ac4f4c2z;;Act/Act;a058b0832xy58b083235z;;0.0;EUR;0.0;50;;0.0;N;XYORGF;XYORGF;RDR;TM1;N;;2029-10-10;;;0.0;STFIN;F;;XY1001;N;;0.0;Loan retail;;;;927.38;72.0;;;;;;;0.39;;N;;;44834.24;U;;;;;R;0.00108;1.0;;;;;-771691931;;;;;;;;2024-10-31;;N;N;51129.93;0.0;0.0;SYS;2023-09-25;0;0.0;;;;0;1.0;;a1ca88f42xyca88f4241z;VIN;;28;2511
2025-04-30 08:18:19.573592;2025-04-30 08:18:19.573592;;2017-10-12;;;;0.0;XY;2017-09-28;VA;XY10;7889.0;8204;XY;NON;RSB;;MB;;;No Campaign;ac33540b7xy33540b74az;0.02;;0.0;;EUR;N;a1e114eb0xye114eb01ez;aa32b87dexy32b87de41z;2020-06-12;30/360;a05f81745xy5f8174588z;;130.87;EUR;442.0;50;;0.0;N;XYORGF;XYORGF;RDR;TM1;N;;2022-10-10;;;0.0;OPLEA;F;;XY1001;N;;522.95;Manufacturing lease;;;;;;;;;;;;;56393.36;N;;;0.0;N;;;1.0;;A;0.0;1.0;;Internal;;;-348306215;;;;0.0;;;;2024-10-31;;Y;B;56393.36;0.0;0.0;SYS;2017-10-03;1;0.0;;;;0;;;a3ea1f293xyea1f293efz;VIN;;32;2508
2025-05-15 08:36:22.269992;2025-05-15 08:36:22.269992;;2021-02-12;;;;10771.9;XY;2020-11-25;PC;XY10;52662.1;2287;XY;NON;RSB;;MB;;;004S0066S0121V0001C0366;a98d98d04xy8d98d044cz;5.69;;3922.22;;EUR;N;acb042d3cxyb042d3cbbz;acb042d3cxyb042d3cbbz;;30/360;aa706076exy706076ecaz;;6.59;EUR;18.0;50;;0.0;N;XYORGF;XYORGF;RDR;TM1;N;;2026-02-12;;;490.0;OPFIN;F;;XY1001;N;;0.0;Loan retail;;;;;;;;;;;;;117400.0;N;;;67200.5;N;;;0.0;;;;;;;;;1256294682;;SME2015;;4.0;;;;2025-04-30;;N;B;126688.0;551.0;0.0;SYS;2021-02-12;0;0.0;;;;0;1.0;;a54c41c96xy4c41c9657z;VIN;;28;3374
2025-05-15 09:01:23.338997;2025-05-15 09:01:23.338997;;2019-10-29;;;;0.0;XY;2019-07-03;PC;XY10;10272.99;1042;XY;E;RP;;MB;;;no campaign;a4d229ed3xyd229ed38az;6.0;;0.0;;EUR;;a1eb1752cxyeb1752ccfz;a1eb1752cxyeb1752ccfz;;30/360;a45546e0bxy5546e0b0fz;;0.0;EUR;0.0;50;0.0;0.0;N;XYORGF;XYORGF;RDR;TM1;N;;2026-07-31;;;0.0;BFLEA;F;;XY1001;N;;0.0;Finance lease;;;;;;;;;;;;;35424.13;;;;13390.95;N;;;;;;;1.0;;;;;-1366260467;;P1AAAT;1.0;;;;;2024-10-31;;N;N;24366.6;281.0;0.0;SYS;2019-08-01;0;1400.0;;;;0;1.0;;a62422791xy242279133z;VIN;;30;2510
2025-04-23 13:46:56.996937;2025-04-23 13:46:56.996937;;2021-12-31;;;;0.0;XY;;VA;XY10;26917.8;709;XY;NON;RP;910.0;MB;Other;;880;ac6aedcd3xy6aedcd380z;0.03;;0.0;N;EUR;N;ab8dd4488xy8dd448814z;ab8dd4488xy8dd448814z;;30/360;a6eb6b3dbxyeb6b3db19z;;0.0;EUR;0.0;50;0.0;8789.8;N;XYORGF;XYORGF;RDR;TM1;N;;2026-12-29;;;0.0;FILEA;F;0.0;XY1001;N;;0.0;Finance lease;;;;0.0;0.0;;;;;;2021-12-29;0.23;69020.0;N;0.0;;42907.33;N;2026-12-29;;0.0;;A;0.01;1.0;;;;;-2087820288;3105.0;ACE;;0.0;;;;2024-10-31;;N;U;72964.93;225.0;0.0;SYS;2021-12-29;0;3052.88;0.0;;;0;1.0;1.0;a71afa98fxy1afa98f02z;VIN;;30;2510
2025-04-23 13:46:56.996937;2025-04-23 13:46:56.996937;ABS;2019-10-16;;;;0.0;XY;;PC;XY10;0.0;3279;XY;NON;RP;910.0;MB;Other;;790;a7e54205dxye54205de7z;0.03;;200.0;N;EUR;N;a6caad5d1xycaad5d19fz;a6caad5d1xycaad5d19fz;;Act/Act;a087995bfxy87995bfa7z;;0.0;EUR;0.0;50;0.0;22068.4;N;XYORGF;XYORGF;RDR;TM1;N;;2025-10-10;;;0.0;STFIN;F;0.0;XY1001;N;;0.0;Loan retail;;;;0.0;0.0;;;;;;2019-10-10;0.39;52300.0;N;0.0;;9145.72;N;2025-10-10;;0.0;;R;0.0025;1.0;;;;;-1295096919;3002.0;ACE;;0.0;;;;2024-10-31;;N;N;72851.38;703.0;0.0;SYS;2019-10-10;0;3401.97;0.0;;;0;1.0;1.0;a41566319xy15663190cz;VIN;;28;2511
2025-04-23 13:46:56.996937;2025-04-23 13:46:56.996937;;2022-02-09;;;;0.0;XY;;PC;XY10;0.0;709;XY;NON;RP;910.0;MB;Other;;129;af4c90391xy4c9039184z;0.05;;266.99;N;EUR;N;a9324da2exy324da2e51z;a9324da2exy324da2e51z;;Act/Act;abc830411xyc8304113dz;;0.0;EUR;0.0;50;0.0;20000.0;N;XYORGF;XYORGF;RDR;TM1;N;;2026-01-28;;;0.0;STFIN;F;0.0;XY1001;N;;0.0;Loan retail;;;;0.0;0.0;;;;;;2022-01-28;0.35;45700.0;N;0.0;;9018.47;U;2026-01-28;;0.0;;R;0.00366;1.0;;;;;-1678523618;3002.0;ACE;;0.0;;;;2024-10-31;;N;N;46699.08;326.0;0.0;SYS;2022-01-28;0;0.0;0.0;;;0;1.0;1.0;a6c1b3d10xyc1b3d1092z;VIN;;28;2511
2025-04-24 17:16:33.029457;2025-04-24 17:16:33.029457;;2024-03-13;;;;0.0;XY;;PC;XY10;0.0;708;XY;NON;RP;;MB;Other;;;ae8597454xy8597454d1z;12.49;;1084.04;;EUR;;a6cc5033fxycc5033ff6z;a6cc5033fxycc5033ff6z;;Act/Act;afdf4d8b3xydf4d8b352z;;673.59;EUR;18.0;50;;2000.0;N;XYORGF;XYORGF;RDR;TM1;N;;2030-03-13;;;0.0;STFIN;F;;XY1001;N;;0.0;Loan retail;;;;623.71;72.0;;;;;;;0.39;;N;;;30238.74;U;;;;;R;0.02827;1.0;;;;;-1390658720;;;;;;;;2024-10-31;;N;N;33491.46;3.0;0.0;SYS;2024-03-13;0;0.0;;;;0;1.0;;a8b077594xyb0775941cz;VIN;;28;2511
2025-04-24 17:16:33.029457;2025-04-24 17:16:33.029457;;2024-09-05;;;;300.0;XY;;PC;XY10;35241.6;708;XY;NON;RP;;MB;Other;;;a91158fe2xy1158fe2ccz;0.8;;300.0;;EUR;;a7a683a24xya683a2474z;a7a683a24xya683a2474z;;30/360;a3dad366fxydad366ff9z;;0.0;EUR;0.0;50;;6684.09;N;XYORGF;XYORGF;RDR;TM1;N;;2027-08-31;;;795.0;OPLEA;F;;XY1001;N;;0.0;Operating lease;;;;450.95;36.0;;;;;;;0.29561;;N;;;55154.9;U;;;;;R;0.00305;1.0;;;;;-1368363138;;;;;;;;2024-10-31;;N;B;56046.96;0.0;0.0;SYS;2024-08-31;0;5929.65;;;;0;1.0;;ab9b60f0bxy9b60f0bc5z;VIN;;31;2508
2025-04-24 17:16:33.029457;2025-04-24 17:16:33.029457;;2024-02-29;;;;0.0;XY;;VA;XY10;0.0;708;XY;NON;RSB;;MB;Other;;;a1dd6f982xydd6f982f4z;6.9;;1537.23;;EUR;;aca0324f2xya0324f2eez;aca0324f2xya0324f2eez;;Act/Act;a9e06e107xye06e107b9z;;0.0;EUR;0.0;50;;18060.75;N;XYORGF;XYORGF;RDR;TM1;N;;2029-02-28;;;0.0;STFIN;F;;XY1001;N;;0.0;Loan retail;;;;1080.86;60.0;;;;;;;0.338;62481.0;N;;;48478.06;N;;;;;R;0.00196;1.0;;;;;-366464034;;;;;;;;2024-10-31;;N;N;72766.25;0.0;0.0;SYS;2024-02-28;0;1018.44;;;;0;1.0;;ab51ae575xy51ae57531z;VIN;;28;2511
2025-04-24 17:16:33.029457;2025-04-24 17:16:33.029457;;2023-05-30;;;;300.0;XY;;PC;XY10;73504.2;708;XY;NON;RP;;MB;Other;;;a5bada0dbxybada0db7fz;5.78;;400.0;;EUR;;aafb8f520xyfb8f52028z;aafb8f520xyfb8f52028z;;30/360;a186ec2b4xy86ec2b406z;;0.0;EUR;0.0;50;;14997.19;N;XYORGF;XYORGF;RDR;TM1;N;;2025-05-22;;;795.0;OPLEA;F;;XY1001;N;;0.0;Operating lease;;;;1283.46;24.0;;;;;;;0.29561;111370.0;N;;;83375.23;N;;;;;R;0.00253;1.0;;;;;-2038835634;;;;;;;;2024-10-31;;N;B;108563.32;0.0;0.0;SYS;2023-05-22;0;1189.26;;;;0;1.0;;a378f5fdaxy78f5fda3cz;VIN;;31;2508
2025-04-24 17:16:33.029457;2025-04-24 17:16:33.029457;24B;2023-09-27;;;;3395.93;XY;;PC;XY10;39115.75;708;XY;NON;RP;;MB;Other;;;a583bb9e3xy83bb9e389z;5.28;;500.0;;EUR;;ac7822cc8xy7822cc827z;ac7822cc8xy7822cc827z;;30/360;ad715f98dxy715f98d52z;;0.0;EUR;0.0;50;;4023.0;N;XYORGF;XYORGF;RDR;TM1;N;;2027-09-23;;;795.0;OPLEA;F;;XY1001;N;;0.0;Operating lease;;;;977.0;48.0;;;;;;;0.33446;81425.0;N;;;66737.97;N;;;;;R;0.00152;1.0;;;;;2143162793;;;;;;;;2024-10-31;;N;B;73892.49;0.0;11000.0;SYS;2023-09-23;0;0.0;;;;0;1.0;;a9a1aabf6xya1aabf6c3z;VIN;;31;2508
2025-04-24 17:16:33.029457;2025-04-24 17:16:33.029457;;2023-04-18;;;;0.0;XY;;PC;XY10;0.0;708;XY;NON;RP;;MB;Other;;;ab1387e2bxy1387e2ba8z;6.54;;0.0;;EUR;;ad833ea37xy833ea377az;ad833ea37xy833ea377az;;Act/Act;aec7b97acxyc7b97ac39z;;0.0;EUR;0.0;50;;0.0;N;XYORGF;XYORGF;RDR;TM1;N;;2028-03-15;;;0.0;STFIN;F;;XY1001;N;;0.0;Loan retail;;;;692.63;60.0;;;;;;;;;N;;;21819.44;U;;;;;R;;1.0;;;;;-504180495;;;;;;;;2024-10-31;;N;N;35310.73;;0.0;SYS;2023-03-15;0;0.0;;;;0;1.0;;ad1816a67xy1816a67d0z;VIN;;28;2511
2025-04-24 17:16:33.029457;2025-04-24 17:16:33.029457;;2021-10-14;;;;0.0;XY;;PC;XY10;0.0;708;XY;NON;RP;;MB;Other;;;a2f8b9944xyf8b99448dz;2.99;;743.48;;EUR;;a2a98b587xya98b58790z;a2a98b587xya98b58790z;;Act/Act;a47c962e9xy7c962e924z;;0.0;EUR;0.0;50;;22000.0;N;XYORGF;XYORGF;RDR;TM1;N;;2025-10-29;;;0.0;STFIN;F;;XY1001;N;;0.0;Loan retail;;;;882.62;48.0;;;;;;;0.416;;N;;;5003.19;U;;;;;R;0.00115;1.0;;;;;-1123489957;;;;;;;;2024-10-31;;N;N;61834.24;0.0;0.0;SYS;2021-10-14;0;286.08;;;;0;1.0;;a78958f5bxy8958f5bc0z;VIN;;28;2511
2025-04-24 17:16:33.029457;2025-04-24 17:16:33.029457;;2023-06-20;;;;1245.0;XY;;PC;XY10;0.0;708;XY;NON;RP;;MB;Other;;;a895c554fxy95c554ff4z;8.69;;1175.26;;EUR;;a3b8ec175xyb8ec175bbz;a3b8ec175xyb8ec175bbz;;Act/Act;a9e09aab3xye09aab307z;;0.0;EUR;0.0;50;;1000.0;N;XYORGF;XYORGF;RDR;TM1;N;;2027-06-28;;;0.0;STFIN;F;;XY1001;N;;0.0;Loan retail;;;;701.8;48.0;;;;;;;0.39;;N;;;16690.46;U;;;;;R;0.00108;1.0;;;;;425655476;;;;;;;;2024-10-31;;N;N;28022.16;0.0;0.0;SYS;2023-06-13;0;0.0;;;;0;1.0;;afe699049xye699049a6z;VIN;;28;2511
2025-04-24 17:16:33.029457;2025-04-24 17:16:33.029457;;2020-10-19;;;;1150.0;XY;;PC;XY10;0.0;708;XY;NON;RP;;MB;Other;;;a6d4616c5xyd4616c552z;2.99;;1371.68;;EUR;;afff80fc5xyff80fc5daz;afff80fc5xyff80fc5daz;2023-12-08;Act/Act;a5bb12c2fxybb12c2f77z;;0.0;EUR;0.0;50;;0.0;N;XYORGF;XYORGF;RDR;TM1;N;;2027-02-23;;;0.0;STFIN;F;;XY1001;N;;0.0;Loan retail;;;;598.24;76.0;;;;;;;0.381;;N;;;16409.8;U;;;;;R;0.01592;1.0;;;;;1049446374;;;;;;;;2024-10-31;;Y;N;38193.72;2.0;0.0;SYS;2020-10-10;0;3385.07;;;;0;1.0;;a813f41e4xy13f41e452z;VIN;;28;2511
2025-04-24 17:16:33.029457;2025-04-24 17:16:33.029457;24B;2024-04-22;;;;0.0;XY;;PC;XY10;33227.35;708;XY;NON;RP;;MB;Other;;;ab90159abxy90159ab34z;1.08;;300.0;;EUR;;abe6ca521xye6ca52162z;abe6ca521xye6ca52162z;;30/360;a5bb12c2fxybb12c2f77z;;0.0;EUR;0.0;50;;0.0;N;XYORGF;XYORGF;RDR;TM1;N;;2027-04-18;;;795.0;OPLEA;F;;XY1001;N;;0.0;Operating lease;;;;600.31;36.0;;;;;;;0.29561;;N;;;49170.58;U;;;;;R;0.05303;1.0;;;;;-627101015;;;;;;;;2024-10-31;;N;B;52639.63;2.0;0.0;SYS;2024-04-18;0;7658.21;;;;0;1.0;;ade47e90exye47e90e99z;VIN;;31;2508
2025-05-14 12:09:29.195521;2025-05-14 12:09:29.195521;;2023-07-31;;;;0.0;XY;;PC;XY10;0.0;3250;XY;NON;RP;;MB;Other;RE;14294 ROTF PC Straight Self Subsidised Campaign - 2023;abc4a1838xyc4a1838f5z;0.0;;0.0;;EUR;N;aa4b863d3xy4b863d326z;aa4b863d3xy4b863d326z;;30/360;a858e09afxy58e09af9fz;;0.0;EUR;;50;0.0;1690000.0;N;XYORGF;XYORGF;RDR;TM1;N;;2026-08-04;;;6398.0;STFIN;F;;XY1001;N;;17797.0;Loan retail;;;NDA;;;;;;;;;0.0;4690000.0;N;;;2004568.22;N;;;;;;0.0;;;;;IND-FS;1902455048;;PC;1.0;;;;;2024-09-30;;N;N;4690000.0;764.0;0.0;SYS;2023-07-31;0;9407.0;;;;0;1.0;;a6b87eed1xyb87eed147z;VIN;;28;2049
2025-04-24 17:16:33.029457;2025-04-24 17:16:33.029457;22;2021-06-29;;;;799.0;XY;;PC;XY10;0.0;708;XY;NON;RP;;MB;Other;;;aebcdc0a7xybcdc0a77az;4.49;;989.06;;EUR;;ae00c8239xy00c82394az;ae00c8239xy00c82394az;;Act/Act;a13e0381cxy3e0381c19z;;0.0;EUR;0.0;50;;14000.0;N;XYORGF;XYORGF;RDR;TM1;N;;2027-07-13;;;0.0;STFIN;F;;XY1001;N;;0.0;Loan retail;;;;565.69;72.0;;;;;;;0.416;;N;;;17569.7;U;;;;;R;0.00658;1.0;;;;;-781763339;;;;;;;;2024-10-31;;N;N;48780.98;1.0;0.0;SYS;2021-06-28;0;167.65;;;;0;1.0;;ab607a967xy607a96790z;VIN;;28;2511
2025-04-24 17:16:33.029457;2025-04-24 17:16:33.029457;;2021-11-18;;;;0.0;XY;;PC;XY10;0.0;708;XY;NON;RP;;MB;Other;;;af8a65e65xy8a65e6556z;5.99;;2374.22;;EUR;;a31484b4bxy1484b4bd3z;a31484b4bxy1484b4bd3z;;Act/Act;a4128d136xy128d136fdz;;0.0;EUR;0.0;50;;20500.0;N;XYORGF;XYORGF;RDR;TM1;N;;2027-11-17;;;0.0;STFIN;F;;XY1001;N;;0.0;Loan retail;;;;590.03;72.0;;;;;;;0.345;49030.0;N;;;19911.53;N;;;;;R;0.01079;1.0;;;;;-392143313;;;;;;;;2024-10-31;;N;N;56025.19;1.0;0.0;SYS;2021-11-02;0;0.0;;;;0;1.0;;abcd733a1xycd733a1b8z;VIN;;28;2511
2025-04-24 17:16:33.029457;2025-04-24 17:16:33.029457;;2024-08-28;;;;0.0;XY;;PC;XY10;28478.95;708;XY;NON;RP;;MB;Other;;;a341cab0bxy41cab0bc3z;2.41;;300.0;;EUR;;a0adb0e02xyadb0e02b7z;a0adb0e02xyadb0e02b7z;;30/360;a2fab13a2xyfab13a242z;;0.0;EUR;0.0;50;;7500.0;N;XYORGF;XYORGF;RDR;TM1;N;;2027-08-22;;;0.0;OPLEA;F;;XY1001;N;;0.0;Operating lease;;;;452.69;36.0;;;;;;;0.29561;;N;;;48372.59;U;;;;;R;0.00305;1.0;;;;;-1847364136;;;;;;;;2024-10-31;;N;B;49730.32;0.0;0.0;SYS;2024-08-22;0;3308.91;;;;0;1.0;;accd59567xycd59567a4z;VIN;;31;2508
2025-04-30 08:18:19.573592;2025-04-30 08:18:19.573592;;2022-12-08;;;;0.0;XY;2022-11-03;VA;XY10;9613.31;8205;XY;NON;CF;;OO;;;No Campaign;a8200095bxy200095b6cz;0.05;;0.0;;EUR;N;abe9fc3c7xye9fc3c72az;ad027eb82xy027eb82f3z;;30/360;aa8eeee07xy8eeee07abz;;0.0;EUR;0.0;50;;10091.72;N;XYORGF;XYORGF;RDR;TM1;N;;2026-11-17;;;0.0;BFLEA;F;;XY1001;N;;0.0;Finance lease;;;;;;;;;;;;;56600.0;N;;;29466.46;N;;;0.0;;A;0.0;1.0;;Internal;;;-1754637377;;;;3.6;Fleet;;;2024-10-31;;N;N;58158.27;0.0;0.0;SYS;2022-11-18;0;0.0;;;;0;;;afcd743c4xycd743c4c6z;VIN;;30;2510
2025-04-24 17:16:33.029457;2025-04-24 17:16:33.029457;12;2020-10-12;;;;0.0;XY;;PC;XY10;0.0;708;XY;NON;RP;;MB;Other;;;a90e73db0xy0e73db085z;7.39;;2747.48;;EUR;;adc048bb1xyc048bb169z;adc048bb1xyc048bb169z;;Act/Act;a308f11d4xy08f11d4fdz;;0.0;EUR;0.0;50;;0.0;N;XYORGF;XYORGF;RDR;TM1;N;;2026-10-21;;;0.0;STFIN;F;;XY1001;N;;0.0;Loan retail;;;;844.61;72.0;;;;;;;0.381;;N;;;18799.34;U;;;;;R;0.01592;1.0;;;;;-1614467042;;;;;;;;2024-10-31;;N;N;48851.78;2.0;0.0;SYS;2020-10-07;0;0.0;;;;0;1.0;;ae96108a3xy96108a380z;VIN;;28;2511
2025-04-24 17:16:33.029457;2025-04-24 17:16:33.029457;L7F;2023-02-13;;;;300.0;XY;;PC;XY10;58333.8;708;XY;NON;RSB;;MB;Other;;;ad5281d13xy5281d1394z;7.39;;2405.0;;EUR;;add3d72fcxyd3d72fc87z;add3d72fcxyd3d72fc87z;;30/360;aaf0922a3xyf0922a336z;;0.0;EUR;0.0;50;;27133.42;N;XYORGF;XYORGF;RDR;TM1;N;;2027-02-11;;;795.0;OPLEA;F;;XY1001;N;;0.0;Operating lease;;;;1470.76;48.0;;;;;;;0.33446;133300.0;N;;;99681.91;N;;;;;R;0.00253;1.0;;;;;-429149965;;;;;;;;2024-10-31;;N;B;130645.0;0.0;0.0;SYS;2023-02-11;0;0.0;;;;0;1.0;;ae8fca11fxy8fca11fcfz;VIN;;31;2508
2025-04-24 17:16:33.029457;2025-04-24 17:16:33.029457;24A;2023-01-17;;;;0.0;XY;;PC;XY10;25028.6;708;XY;NON;RP;;MB;Other;;;ac554f275xy554f27527z;7.18;;500.0;;EUR;;a13aafda6xy3aafda631z;a13aafda6xy3aafda631z;;30/360;acda0ecb9xyda0ecb9e0z;;861.35;EUR;15.0;50;;4.64;N;XYORGF;XYORGF;RDR;TM1;N;;2027-01-16;;;0.0;OPLEA;F;;XY1001;N;;0.0;Operating lease;;;;749.0;48.0;;;;;;;0.33446;54410.0;N;;;39015.27;N;;;;;R;0.01177;1.0;;;;;-1840638771;;;;;;;;2024-10-31;;N;B;50159.03;1.0;0.0;SYS;2023-01-16;0;0.0;;;;0;1.0;;aace5855fxyce5855f02z;VIN;;31;2508
2025-04-24 17:16:33.029457;2025-04-24 17:16:33.029457;;2024-04-26;;;;0.0;XY;;PC;XY10;0.0;708;XY;NON;RP;;MB;Other;;;ac524da16xy524da169dz;9.29;;1524.27;;EUR;;adea9f018xyea9f018e5z;adea9f018xyea9f018e5z;;Act/Act;a0e2421fdxye2421fd8bz;;0.0;EUR;0.0;50;;4000.0;N;XYORGF;XYORGF;RDR;TM1;N;;2030-05-09;;;0.0;STFIN;F;;XY1001;N;;0.0;Loan retail;;;;447.71;72.0;;;;;;;0.39;;N;;;23384.4;U;;;;;R;0.00753;1.0;;;;;-516133311;;;;;;;;2024-10-31;;N;N;28546.4;1.0;0.0;SYS;2024-04-24;0;0.0;;;;0;1.0;;a38647938xy8647938ebz;VIN;;28;2511
2025-04-24 17:16:33.029457;2025-04-24 17:16:33.029457;22;2022-06-17;;;;1200.0;XY;;PC;XY10;0.0;708;XY;NON;RP;;MB;Other;;;a2de31651xyde316514dz;7.44;;3614.47;;EUR;;af67cef31xy67cef31c6z;af67cef31xy67cef31c6z;;Act/Act;a67113170xy7113170caz;;12.2;EUR;30.0;50;;0.0;N;XYORGF;XYORGF;RDR;TM1;N;;2028-06-30;;;0.0;STFIN;F;;XY1001;N;;0.0;Loan retail;;;;1131.47;72.0;;;;;;;0.345;49575.0;N;;;43373.83;N;;;;;R;0.02654;1.0;;;;;-1839557339;;;;;;;;2024-10-31;;N;N;64148.26;1.0;0.0;SYS;2022-06-15;0;0.0;;;;0;1.0;;ac75a0c89xy75a0c8945z;VIN;;28;2511
2025-05-15 08:36:22.269992;2025-05-15 08:36:22.269992;SAA192;2025-01-20;;;;2313.0;XY;2020-08-05;PC;XY10;0.0;2287;XY;NON;RP;;MB;;;004S0122C0400;ab4d79001xy4d7900192z;7.89;;800.0;;EUR;N;a6d462f44xyd462f4453z;a6d462f44xyd462f4453z;;30/360;a8a0d3eebxya0d3eebf6z;;0.0;EUR;0.0;50;;0.0;N;XYORGF;XYORGF;RDR;TM1;N;;2030-01-20;;;590.0;STFIN;F;;XY1001;N;;0.0;Loan retail;;;;;;;;;;;;;55100.0;N;;;37730.5;U;;;0.0;;;;;;;;;1414216186;;PI2013;;5.0;;;;2025-04-30;;N;N;37584.5;704.0;0.0;SYS;2025-01-20;0;0.0;;;;0;1.0;;a01058e46xy1058e4660z;VIN;;28;3369
