ctt_analysis_entity;ctt_delivering_entity;ctt_funding_entity;ctt_reporting_date;ctt_cms_contract_number;ctt_source_system;ctt_bevis_id;ctt_status;ctt_start_date;ctt_end_date;ctt_contract_currency;ctt_trade_date;ctt_acquisition_date;ctt_nbv_local_cms;ctt_restructuring_flag;ctt_sales_price;ctt_down_payment;ctt_balloon_rv;ctt_additional_financed_amount;ctt_commission;ctt_fee;ctt_idc;ctt_subsidy;ctt_subsidy_percent;ctt_security_deposit;ctt_deposit_rate;ctt_period_in_month;ctt_fix_variable;ctt_variable_type;ctt_payment_mode;ctt_cmsir;ctt_day_conv;ctt_fixing_period;ctt_last_fixing;ctt_next_fixing;ctt_installment;ctt_installment_count;ctt_delinquent_amount;ctt_delinquent_amount_ccy;ctt_delinquent_days_contract;ctt_cal_delinquency_bucket_name;ctt_pd;ctt_lgd;ctt_triggering_event_flag;ctt_continuation_deal;ctt_date_of_last_restructuring;ctt_number_restructurings;ctt_opex;ctt_nib_ratio;ctt_co_r_v_r;ctt_reserves_segment_contract;ctt_economic_capital_ratio;ctt_portfolio_cr;ctt_portfolio_pp;ctt_portfolio;ctt_written_off_flag;ctt_additional_collateral_type;ctt_additional_collateral_amount;ctt_insurance_ancillary;ctt_insurance_gap;ctt_insurance_motor;ctt_insurance_ppi;ctt_insurance_warranty;ctt_tax_rate;ctt_financial_product_group;ctt_rv_guarantee_flag;ctt_product_sap;ctt_abs_code;ctt_asset_type_segment;ctt_brand;ctt_new_used;ctt_units;ctt_model_sap;ctt_additional_asset_information;ctt_asset_model_date;ctt_list_price;ctt_vin;ctt_vin_type;ctt_borrower_type;ctt_borrower_sub_type;ctt_customer_number;ctt_customer_group_number;ctt_borrower_country;ctt_industry_segmentation;ctt_rating;ctt_rating_name;ctt_rating_version;ctt_scoring;ctt_r_model_score_card;ctt_r_model_score_card_version;ctt_dealer;ctt_branch;ctt_campaign;ctt_fda_1;ctt_fda_2;ctt_hostile_termination_flag;ctt_loan_commitment_flag;ctt_ifrs9_classification;ctt_credit_impaired;ctt_loan_limit;ctt_impaired_information;ctt_business_division;ctt_business_line;ctt_rating_scoring_flag;ctt_portfolio_tm1;ctt_icrsa_flag;ctt_delinquency_reason_code;ctt_ifrs9_country_region;ctt_cal_baumuster;ctt_cal_engine_style_text;ctt_cal_product_txt;ctt_cal_class_txt;ctt_cal_typclass_text;ctt_cal_product_comment;ctt_cal_product_bmst;ctt_cal_taxonomy_aligned;ctt_drv_portfolio_type_tm1;ctt_drv_portfolio_type_rdr;ctt_drv_portfolio_name_tm1;ctt_drv_portfolio_name_rdr;ctt_cal_acquisition_period;ctt_cal_max_cashflow_date;ctt_cal_contract_status_name;ctt_cal_financed_amount;ctt_cal_upfront_payments;ctt_cal_curr_rating_scoring_value;ctt_cal_curr_rating_scoring_scaled;ctt_cal_net_pay_out_amount;ctt_cal_interest_type;ctt_cal_contract_trade_date;ctt_cal_curr_rating_scoring_id;ctt_cal_delinquent_amount;ctt_cal_cms_gross_exposure;ctt_cal_contract_age;ctt_cal_vehicle_age;ctt_cal_technical_amortization;ctt_cal_contract_term;ctt_cal_amg_maybach_classification;ctt_cal_luxury_segment;ctt_cal_ifrs9_relevant;ctt_cal_initial_rating_scoring_scaled;ctt_cal_residual_term_in_months;ctt_cal_contract_term_bucket;ctt_cal_initial_rating_scoring_value;ctt_cal_initial_rating_scoring_id;ctt_cal_initial_rating_scoring_class;ctt_cal_contract_last_fixing;ctt_cal_contract_next_fixing;ctt_cal_product_group_alm;ctt_cal_curr_rating_scoring_class;ctt_cal_downpayment_ratio;ctt_cal_gross_exposure;ctt_balance_sheet_entity;ctt_cal_nbv;ctt_cal_effective_payment_frequency;ctt_cal_nominal_deal_irr;ctt_cal_effective_deal_irr;ctt_cal_nominal_upfront_margin;ctt_cal_upfront_margin_sensitivity;ctt_cal_delinquent_days_contract;ctt_cal_delinquent_days;ctt_cal_default_indicator;ctt_cal_date_of_default;ctt_cal_time_since_default;ctt_cal_default_status;ctt_cal_impairment_indicator;ctt_position_id;ctt_cal_product_group_reporting;MGT_InsertTime;MGT_UpdateTime;MGT_ValidationStatus
XY;50;XY1001;2024-10-31;abb76e59dxyb76e59dcfz;SYS;708;0;2023-07-13;2027-07-13;EUR;;2023-07-20;62188.92;N;76938.24;14837.82;30932.7;300.0;1016.58;795.0;0.0;0.0;;0.0;;1.0;F;;R;7.25;30/360;;;;959.23;48.0;0.0;EUR;0.0;Current;0.00253;0.33446;0;;;;;;;;;;;;;;;;;;;;;OPLEA;B;;L7F;PC;MB;N;1;;;;67245.0;ae19618f7xy19618f7a2z;VIN;RP;NON;ac04b5184xy04b5184e9z;ac04b5184xy04b5184e9z;XY;;;;;0.0;;;a8f532ab9xyf532ab9faz;;;;;N;N;Operating lease;;;;Other;;;;;;;0bc0bc;Elektro;EQB 250+;GLB;X243;EQB 250+ SUV;243602;T;TM1;RDR;XYORGF;XYORGF;2023-07-31;2027-07-13;Active;62400.42;-221.58000000000004;0.0;;61662.77;F;2023-07-13;X;0.0;62188.92;16;16;80.26667;48;Other;Entry Luxury;Y;;32;37 - 48;0.0;X;;;;PF_F;;0.19285;52878.10761;XY10;52878.10761144613;12.0625;0.07595814521089923;0.0786563995208071;-0.0013440775834483165;0.37558519915800725;0;0;N;;0;No-Default;N;ac04b5184xy04b5184e9z::SYS_XY1000;OPLEA;2025-04-24 16:00:03.672142;2025-04-24 16:00:03.672142;INVALID
XY;50;XY1001;2024-10-31;a99fd9a72xy9fd9a72ffz;SYS;708;0;2023-11-26;2026-11-26;EUR;;2023-11-27;36635.74;N;40455.91;0.0;27473.0;300.0;845.46;795.0;0.0;0.0;;0.0;;1.0;F;;R;7.35;30/360;;;;601.57;36.0;0.0;EUR;0.0;Current;0.00253;0.29561;0;;;;;;;;;;;;;;;;;;;;;OPLEA;B;;L7F;PC;MB;U;1;;;;;a2ca56f86xyca56f8604z;VIN;RP;NON;a41762b1dxy1762b1d36z;a41762b1dxy1762b1d36z;XY;;;;;0.0;;;a5afa0376xyafa0376c6z;;;;;N;N;Operating lease;;;;Other;;;;;;;d3eebf;Benzin;C 300;C-Klasse;W206;C 300;206046;F;TM1;RDR;XYORGF;XYORGF;2023-11-30;2026-11-26;Active;40755.91;-50.460000000000036;0.0;;40204.8;F;2023-11-26;X;0.0;36635.74;11;41;112.20000;36;Other;Core Luxury;Y;;25;25 - 36;0.0;X;;;;PF_F;;0.0;36470.08564;XY10;36470.085635987234;12.0;0.08161403375612691;0.08473720503182161;-0.0005555370248602892;0.445006103581487;0;0;N;;0;No-Default;N;a41762b1dxy1762b1d36z::SYS_XY1000;OPLEA;2025-04-24 16:00:03.672142;2025-04-24 16:00:03.672142;INVALID
XY;50;XY1001;2024-10-31;aae8b7889xye8b7889a9z;SYS;708;0;2024-02-19;2027-02-19;EUR;;2024-02-22;35879.64;N;37564.99;1048.62;26462.7;1180.65;400.0;0.0;0.0;750.8;;0.0;;1.0;F;;R;5.18;30/360;;;;450.0;36.0;0.0;EUR;0.0;Current;0.00305;0.29561;0;;;;;;;;;;;;;;;;;;;;;OPLEA;B;;L7F;PC;MB;U;1;;;;;ae4826c1axy4826c1a93z;VIN;RP;NON;a78907c28xy8907c28baz;a78907c28xy8907c28baz;XY;;;;;0.0;;;a74156bb0xy4156bb0cez;;;;;N;N;Operating lease;;;;Other;;;;;;;1890e7;Benzin;CLA 250 4M;A-Klasse;C118;CLA 250 4MATIC Coupé;118347;F;TM1;RDR;XYORGF;XYORGF;2024-02-29;2027-02-19;Active;37697.02;350.79999999999995;0.0;;36896.219999999994;F;2024-02-19;X;0.0;35879.64;8;38;121.86667;36;Other;Entry Luxury;Y;;28;25 - 36;0.0;X;;;;PF_F;;0.02791;34632.26344;XY10;34632.263435993504;12.0;0.05580390651059815;0.057253549024648756;0.003966295695818384;0.42200257037434963;0;0;N;;0;No-Default;N;a78907c28xy8907c28baz::SYS_XY1000;OPLEA;2025-04-24 16:00:03.672142;2025-04-24 16:00:03.672142;INVALID
XY;50;XY1001;2024-10-31;a4f3142b6xyf3142b60fz;SYS;708;0;2020-11-07;2024-11-07;EUR;;2020-11-09;25900.33;Y;52368.0;3171.17;25776.4;3165.94;4362.45;795.0;0.0;1481.98;;0.0;;1.0;F;;R;8.01;30/360;;;;838.83;48.0;0.0;EUR;0.0;Current;0.14563;0.3256;0;;2021-12-07;;;;;;;;;;;;;;;;;;;OPLEA;B;;;PC;MB;N;1;;;;48460.0;a90af4b58xy0af4b5870z;VIN;RP;NON;adef958abxyef958abd2z;adef958abxyef958abd2z;XY;;;;;4.0;;;aed44755fxyd44755f09z;;;;;N;N;Operating lease;;;;Other;;;;;;;a90fb2;Benzin;GLB 250;GLB;X247;GLB 250 SUV;247646;F;TM1;RDR;XYORGF;XYORGF;2020-11-30;2024-11-07;Active;52362.77;-2085.47;4.0;;53609.409999999996;F;2020-11-07;X;0.0;25900.33;48;48;94.53334;48;Other;Entry Luxury;Y;;0;37 - 48;4.0;X;;;;PF_F;;0.06056;25624.77584;XY10;25624.775835879456;11.872340425531915;0.07100510625733324;0.07335082843742426;-0.014855366419415178;0.37470556285441325;0;0;N;;0;No-Default;N;adef958abxyef958abd2z::SYS_XY1000;OPLEA;2025-04-24 16:00:03.672142;2025-04-24 16:00:03.672142;INVALID
XY;50;XY1001;2024-10-31;a72dd7c5cxy2dd7c5c5az;SYS;708;0;2024-02-24;2028-02-24;EUR;;2024-02-26;81104.44;N;88902.26;3000.0;41992.15;300.0;1393.09;795.0;0.0;0.0;;0.0;;1.0;F;;R;7.53;30/360;;;;1343.91;48.0;0.0;EUR;0.0;Current;0.00305;0.33446;0;;;;;;;;;;;;;;;;;;;;;OPLEA;B;;L7F;PC;MB;N;1;;;;89345.0;a88b2173cxy8b2173c16z;VIN;RSB;NON;ae43a980bxy43a980b31z;ae43a980bxy43a980b31z;XY;;;;;0.0;;;a7f7be1efxyf7be1ef75z;;;;;N;N;Operating lease;;;;Other;;;;;;;d081a7;Benzin;GLE 450 4M L;GLE;V167;GLE 450 4MATIC lang;167159;F;TM1;RDR;XYORGF;XYORGF;2024-02-29;2028-02-24;Active;86202.26;-598.0899999999999;0.0;;85456.43999999999;F;2024-02-24;X;0.0;81104.44;8;8;90.96667;48;Other;Core Luxury;Y;;40;37 - 48;0.0;X;;;;PF_F;;0.03374;78916.75716;XY10;78916.75715684009;12.000556173526139;0.07612561455732868;0.07883849817854593;-0.0026542823090068696;0.3799897644112954;0;0;N;;0;No-Default;N;ae43a980bxy43a980b31z::SYS_XY1000;OPLEA;2025-04-24 16:00:03.672142;2025-04-24 16:00:03.672142;INVALID
XY;50;XY1001;2024-10-31;aa567bfd1xy567bfd1edz;SYS;708;0;2023-01-02;2029-01-16;EUR;;2023-01-10;72925.28;N;98364.46;2371.44;0.0;950.0;969.43;0.0;0.0;0.0;;0.0;;1.0;F;;R;6.69;Act/Act;;;;1642.96;72.0;0.0;EUR;0.0;Current;0.00108;0.39;0;;;;;;;;;;;;;;;;;;;;;STFIN;N;;24;PC;MB;U;1;;;;;af22d4122xy22d412265z;VIN;RP;NON;af18b76d8xy18b76d8e8z;af18b76d8xy18b76d8e8z;XY;;;;;0.0;;;adf47b547xyf47b547d5z;;;;;N;N;Loan retail;;;;Other;;;;;;;d33e61;Benzin;AMG GT 53 4M+ Cou;AMG GT;X290;Mercedes-AMG GT 53 4MATIC+ Coupé;290661;F;TM1;RDR;XYORGF;XYORGF;2023-01-31;2029-01-16;Active;96943.02;-969.43;0.0;;97912.45;F;2023-01-02;X;0.0;72925.28;22;52;72.46667;72;AMG;tev & tev +;Y;;51;61 - 72;0.0;X;;;;PF_F;;0.02411;73240.01213;XY10;73240.01213383947;11.95771492295218;0.06342896194833658;0.06530228278655947;-0.003471057437029426;0.35060118011247116;0;0;N;;0;No-Default;N;af18b76d8xy18b76d8e8z::SYS_XY1000;STFIN;2025-04-24 16:00:03.672142;2025-04-24 16:00:03.672142;INVALID
XY;50;XY1001;2024-10-31;ad5b07d8axy5b07d8aedz;SYS;708;0;2021-05-05;2026-05-19;EUR;;2021-05-24;18430.35;N;59217.89;4000.0;0.0;0.0;1113.52;0.0;0.0;1417.32;;0.0;;1.0;F;;R;2.99;Act/Act;;;;993.1;60.0;0.0;EUR;0.0;Current;0.01079;0.345;0;;;;;;;;;;;;;;;;;;;;;STFIN;N;;23;PC;MB;N;1;;;;53980.0;a3c9eabeexyc9eabee3cz;VIN;RP;NON;af53aea15xy53aea15b8z;af53aea15xy53aea15b8z;XY;;;;;1.0;;;adf47b547xyf47b547d5z;;;;;N;N;Loan retail;;;;Other;;;;;;;45844f;Benzin;AMG GLA 35 4M;GLA;H247;Mercedes-AMG GLA 35 4MATIC SUC;247751;F;TM1;RDR;XYORGF;XYORGF;2021-05-31;2026-05-19;Active;55217.89;303.79999999999995;1.0;;54914.09;F;2021-05-05;X;0.0;18430.35;42;42;60.46667;60;AMG;tev & tev +;Y;;19;49 - 60;1.0;X;;;;PF_F;;0.06755;18377.49752;XY10;18377.49751634802;11.948161163232596;0.0320969283905011;0.03257226162364143;0.0021965816384574045;0.4012819485164715;0;0;N;;0;No-Default;N;af53aea15xy53aea15b8z::SYS_XY1000;STFIN;2025-04-24 16:00:03.672142;2025-04-24 16:00:03.672142;INVALID
XY;50;XY1001;2024-10-31;afe647affxye647affbfz;SYS;708;0;2024-09-14;2030-09-29;EUR;;2024-09-26;31561.39;N;31255.7;0.0;0.0;0.0;1889.18;0.0;0.0;0.0;;0.0;;1.0;F;;R;9.39;Act/Act;;;;571.67;72.0;571.67;EUR;2.0;Current;0.00753;0.39;0;;;;;;;;;;;;;;;;;;;;;STFIN;N;;;PC;MB;U;1;;;;;a6fe69405xyfe6940545z;VIN;RP;NON;a4d994237xyd9942372bz;a4d994237xyd9942372bz;XY;;;;;1.0;;;a0e2421fdxye2421fd8bz;;;;;N;N;Loan retail;;;;Other;;;;;;;181db7;Benzin;GLA 250;GLA;H247;GLA 250 City-SUC;247746;F;TM1;RDR;XYORGF;XYORGF;2024-09-30;2030-09-29;Active;31255.7;-1889.18;1.0;;33144.88;F;2024-09-14;X;571.67;32133.059999999998;2;32;72.50000;73;Other;Entry Luxury;Y;;71;73 - 84;1.0;X;;;;PF_F;;0.0;33442.47665;XY10;32870.806654868495;11.950328913928132;0.07302644610360365;0.0755160595807845;-0.020873560849952483;0.3540200155470921;0;0;N;;0;No-Default;N;a4d994237xyd9942372bz::SYS_XY1000;STFIN;2025-04-24 16:00:03.672142;2025-04-24 16:00:03.672142;INVALID
XY;50;XY1001;2024-10-31;a6a757312xya757312adz;SYS;708;0;2022-06-27;2026-06-27;EUR;;2022-06-29;46201.09;N;66690.0;8530.64;28676.7;4327.5;4965.76;795.0;0.0;0.0;;0.0;;1.0;F;;R;10.23;30/360;;;;1116.36;48.0;754.25;EUR;30.0;Current;0.07505;0.34893;0;;;;;;;;;;;;;;;;;;;;;OPLEA;B;;;PC;MB;N;1;;;;64440.0;aad7c4715xyd7c47158dz;VIN;RSB;NON;aedab3d40xydab3d4063z;aedab3d40xydab3d4063z;XY;;;;;2.0;;;ae03ef400xy03ef400dcz;;;;;N;N;Operating lease;;;;Other;;;;;;;4e8e06;Benzin;GLE 350 L;GLE;V167;GLE 350 lang;167148;F;TM1;RDR;XYORGF;XYORGF;2022-06-30;2026-06-27;Active;62486.86;-4170.76;2.0;;65541.26;F;2022-06-27;X;754.25;46955.34;28;28;84.20000;48;Other;Core Luxury;Y;;20;37 - 48;2.0;X;;;;PF_F;;0.12791;45646.62908;XY10;44892.37907999564;12.0;0.08132303066177475;0.08442371706554663;-0.026106598764925285;0.3955471894739798;0;0;N;;0;No-Default;N;aedab3d40xydab3d4063z::SYS_XY1000;OPLEA;2025-04-24 16:00:03.672142;2025-04-24 16:00:03.672142;INVALID
XY;50;XY1001;2024-10-31;a69d4f735xy9d4f735bfz;SYS;708;0;2023-08-07;2026-08-07;EUR;;2023-08-09;66090.7;N;85549.15;1488.73;37788.0;300.0;3817.39;795.0;0.0;0.0;;0.0;;1.0;F;;R;9.6;30/360;;;;1807.53;36.0;0.0;EUR;0.0;Current;0.00253;0.29561;0;;;;;;;;;;;;;;;;;;;;;OPLEA;B;;L7F;PC;MB;N;1;;;;80400.0;ac1b1f910xy1b1f91022z;VIN;RP;NON;a83ae7807xy3ae7807bdz;a83ae7807xy3ae7807bdz;XY;;;;;0.0;;;abb0fbe5cxyb0fbe5c8az;;;;;N;N;Operating lease;;;;Other;;;;;;;9635a6;Elektro;EQE 350 4M SUV;GLE;X294;EQE 350 4MATIC SUV;294612;T;TM1;RDR;XYORGF;XYORGF;2023-08-31;2026-08-07;Active;84360.42;-3022.39;0.0;;85575.28;F;2023-08-07;X;0.0;66090.7;15;15;64.46666;36;Other;Core Luxury;Y;;21;25 - 36;0.0;X;;;;PF_F;;0.0174;67728.01263;XY10;67728.01262746495;12.0;0.08255991979909948;0.08575675064185924;-0.018391087478544968;0.5120267367985778;0;0;N;;0;No-Default;N;a83ae7807xy3ae7807bdz::SYS_XY1000;OPLEA;2025-04-24 16:00:03.672142;2025-04-24 16:00:03.672142;INVALID
XY;50;XY1001;2024-10-31;a253a472axy53a472aa0z;SYS;3279;0;2021-03-16;2026-03-16;EUR;;2021-04-06;28666.77;N;98940.43;-21.64;0.0;0.0;150.0;0.0;0.0;5121.57;0.0;0.0;0.0;1.0;F;1;R;0.01;Act/Act;0.0;2021-03-16;2026-03-16;0.0;0.0;0.0;EUR;0.0;Current;0.0036;0.37;0;N;;0.0;;;;;;;;;;;;;;;;;;STFIN;N;3002;ABS;PC;MB;N;1;;;;83950.0;aacb2864axycb2864a67z;VIN;RP;NON;a77962412xy796241283z;a77962412xy796241283z;XY;;0.0;;;278.0;ACE;;adf659d3axyf659d3a79z;910;176;;;N;N;Loan retail;N;0.0;;Other;;;;;;;575444;Benzin;GLE 350 4M L;GLE;V167;GLE 350 4MATIC lang;167149;F;TM1;RDR;XYORGF;XYORGF;2021-04-30;2026-03-16;Active;98962.07;4971.57;278.0;;93990.5;F;2021-03-16;X;0.0;28666.77;44;44;60.00000;60;Other;Core Luxury;Y;;17;49 - 60;278.0;X;;;;PF_F;;-0.00022;28605.81592;XY10;28605.815916766176;12.00921250045163;0.040720645137100414;0.04148916811648113;0.02082081101514932;0.41068523481576497;0;0;N;;0;No-Default;N;a77962412xy796241283z::SYS_XY1000;STFIN;2025-04-23 12:59:37.304075;2025-04-23 12:59:37.304075;INVALID
XY;50;XY1001;2024-10-31;a25d1fd82xy5d1fd8275z;SYS;708;0;2023-12-19;2029-12-18;EUR;;2023-12-21;27978.03;N;43989.16;12000.0;0.0;0.0;1295.69;0.0;0.0;0.0;;0.0;;1.0;F;;R;8.69;Act/Act;;;;571.71;72.0;0.0;EUR;0.0;Current;0.00108;0.39;0;;;;;;;;;;;;;;;;;;;;;STFIN;N;;;PC;MB;U;1;;;;;aab078dedxyb078ded40z;VIN;RP;NON;a7d8f2cabxyd8f2cabc7z;a7d8f2cabxyd8f2cabc7z;XY;;;;;0.0;;;a5fc3aa28xyfc3aa28fbz;;;;;N;N;Loan retail;;;;Other;;;;;;;50d0a8;xx;xx;xx;xx;xx;xx;xx;TM1;RDR;XYORGF;XYORGF;2023-12-31;2029-12-18;Active;31989.16;-1295.69;0.0;;33284.85;F;2023-12-19;X;0.0;27978.03;10;40;71.96666;72;Other;;Y;;62;61 - 72;0.0;X;;;;PF_F;;0.27279;29473.05249;XY10;29473.052492986593;12.0140597406173;0.07262672220372586;0.07509379338151176;-0.014273086418842243;0.35910938564214373;0;0;N;;0;No-Default;N;a7d8f2cabxyd8f2cabc7z::SYS_XY1000;STFIN;2025-04-24 16:00:03.672142;2025-04-24 16:00:03.672142;INVALID
XY;50;XY1001;2025-04-30;a583ea406xy83ea40656z;SYS;2287;0;2023-12-19;2028-12-19;EUR;;2023-12-19;25896.2;N;32103.9;2500.0;0.0;2876.1;1203.47;490.0;0.0;0.0;;0.0;;;F;;;10.5;30/360;;;;;;0.0;EUR;0.0;Current;;;0;;;0.0;;;;;;;;;;;;;;;;;;STFIN;N;;SAA241;PC;OO;U;1;;;2016-11-01;46900.0;a4746b46bxy746b46bc3z;VIN;RSB;NON;afcf2ab15xycf2ab153az;afcf2ab15xycf2ab153az;XY;;6.0;;;611.0;PI2013;;a68d845bfxy8d845bfcez;;003S0115S0122;;;N;N;Loan retail;N;;;;;;;;;;1c1f3e;Benzin;C 300;C-Klasse;W206;C 300;206046;F;TM1;RDR;XYORGF;XYORGF;2023-12-31;2028-12-19;Active;32480.0;-713.47;611.0;500.0;33193.47;F;2023-12-19;S;0.0;25896.2;16;102;60.00000;60;Other;Core Luxury;Y;500.0;44;49 - 60;611.0;S;6;;;PF_F;6;0.07787;25824.75842;XY10;25824.758420955168;12.0;0.0956133444735257;0.09991669245157109;-0.009385484433274263;0.4330676778657991;0;0;N;;0;No-Default;N;afcf2ab15xycf2ab153az::SYS_XY1000;STFIN;2025-05-15 07:35:41.759406;2025-05-15 07:35:41.759406;INVALID
XY;50;XY1001;2025-04-30;a9faf5f3dxyfaf5f3d41z;SYS;2287;0;2024-09-30;2026-09-30;EUR;;2024-10-04;20727.0;N;22972.7;0.0;14000.0;1066.8;0.0;0.0;0.0;0.0;;0.0;;;F;;;6.3;30/360;;;;;;0.0;EUR;0.0;Current;;;0;;;0.0;;;;;;;;;;;;;;;;;;FILEA;U;;;PC;OO;N;1;;;2024-07-10;24039.5;a16db6846xy6db684660z;VIN;CF;NON;a7c0296baxyc0296bab3z;aa02fff7bxy02fff7bb8z;XY;;2.64;;;;;;a028dea43xy28dea4379z;;5;;;N;N;Finance lease;N;;;;;;;;;;b34943;Diesel;GLC 220 d 4M;GLC;X253;GLC 220 d 4MATIC;253905;F;TM1;RDR;XYORGF;XYORGF;2024-10-31;2026-09-30;Active;24039.5;0.0;2.64;2.64;23522.4;F;2024-09-30;R;0.0;20727.0;7;7;61.40000;24;Other;Core Luxury;Y;2.64;17;13 - 24;2.64;R;3;;;PF_F;3;0.0;20723.36826;XY10;20723.36826184579;12.0;0.0629997722990651;0.06485109769886743;0.0;0.6673076590646656;0;0;N;;0;No-Default;N;a7c0296baxyc0296bab3z::SYS_XY1000;BFLEA;2025-05-15 07:35:41.759406;2025-05-15 07:35:41.759406;INVALID
XY;50;XY1001;2024-10-31;a0d8d5719xyd8d5719b2z;SYS;708;0;2024-06-18;2025-06-18;EUR;;2024-06-21;39341.65;N;40090.0;0.0;38064.36;0.0;0.0;0.0;0.0;0.0;;0.0;;1.0;F;;R;6.15;30/360;;;;369.66;12.0;0.0;EUR;0.0;Current;0.00152;0.29561;0;;;;;;;;;;;;;;;;;;;;;OPLEA;B;;;PC;MB;N;1;;;;52065.0;a5f74e9abxyf74e9ab80z;VIN;RP;E;aaed7aa32xyed7aa329fz;aaed7aa32xyed7aa329fz;XY;;;;;;;;a72e88612xy2e88612aaz;;;;;N;N;Manufacturing lease;;;;Other;;;;;;;94e7de;Benzin;GLB 250 4M;GLB;X247;GLB 250 4MATIC SUV;247647;F;TM1;RDR;XYORGF;XYORGF;2024-06-30;2025-06-18;Active;40090.0;0.0;;;40090.0;F;2024-06-18;X;0.0;39341.65;4;4;237.33334;12;Other;Entry Luxury;Y;;8;0 - 12;;X;;;;PF_F;;0.0;39428.55205;XY10;39428.552050515565;12.0;0.06153089071374355;0.06329616801111271;0.0;1.0635580789242947;0;0;N;;0;No-Default;N;aaed7aa32xyed7aa329fz::SYS_XY1000;OPLEA;2025-04-24 16:00:03.672142;2025-04-24 16:00:03.672142;INVALID
XY;50;XY1001;2024-10-31;a1c72a383xyc72a383d8z;SYS;709;0;2023-07-31;2029-07-23;EUR;;2023-08-03;35955.58;N;48821.5;4991.64;0.0;0.0;0.0;0.0;0.0;786.55;0.0;0.0;0.0;1.0;F;1;R;0.07;Act/Act;0.0;2023-07-31;2029-07-23;0.0;0.0;0.0;EUR;0.0;Current;0.01;0.32;0;N;;0.0;;;;;;;;;;;;;;;;;;STFIN;N;3002;;PC;MB;U;1;;;;45800.0;a34101c33xy4101c3395z;VIN;RP;NON;a6285dc56xy285dc5659z;a6285dc56xy285dc5659z;XY;;0.0;;;217.0;ACE;;a803634fdxy03634fdefz;910;164;;;N;N;Loan retail;N;0.0;;Other;;;;;;;015c34;xx;xx;xx;xx;xx;xx;xx;TM1;RDR;XYORGF;XYORGF;2023-08-31;2029-07-23;Active;43829.86;786.55;217.0;;43043.31;F;2023-07-31;X;0.0;35955.58;15;45;71.76667;72;Other;;Y;;57;61 - 72;217.0;X;;;;PF_F;;0.10224;35707.27428;XY10;35707.27428319632;12.595497920590978;0.08526615536891574;0.08868076295502496;0.006589124304428484;0.3678831365122884;0;0;N;;0;No-Default;N;a6285dc56xy285dc5659z::SYS_XY1000;STFIN;2025-04-23 12:59:37.304075;2025-04-23 12:59:37.304075;INVALID
XY;50;XY1001;2024-10-31;a5145e6dexy145e6de4az;SYS;708;0;2024-10-21;2027-10-21;EUR;;2024-10-22;45394.34;N;44025.38;2414.52;28989.8;1522.27;400.0;0.0;0.0;1771.65;;0.0;;1.0;F;;R;3.55;30/360;;;;498.89;36.0;0.0;EUR;0.0;Current;0.00305;0.29561;0;;;;;;;;;;;;;;;;;;;;;OPLEA;B;;;PC;MB;U;1;;;;;a374739cexy74739cea5z;VIN;RP;NON;a2f5b985exyf5b985e0ez;a2f5b985exyf5b985e0ez;XY;;;;;0.0;;;acda0ecb9xyda0ecb9e0z;;;;;N;N;Operating lease;;;;Other;;;;;;;b5a188;Benzin;C 300 4M;C-Klasse;W206;C 300 4MATIC;206047;F;TM1;RDR;XYORGF;XYORGF;2024-10-31;2027-10-21;Acquisition;43133.13;1371.65;0.0;;41262.59;F;2024-10-21;X;0.0;45394.34;0;30;105.33334;36;Other;Core Luxury;Y;;36;25 - 36;0.0;X;;;;PF_F;;0.05484;41262.59;XY10;41262.59;12.0;0.04911759318840536;0.050238566166857214;0.013663508765554125;0.42155061428705354;0;0;N;;0;No-Default;N;a2f5b985exyf5b985e0ez::SYS_XY1000;OPLEA;2025-04-24 16:00:03.672142;2025-04-24 16:00:03.672142;INVALID
XY;50;XY1001;2024-10-31;a51b5615dxy1b5615d44z;SYS;708;0;2022-07-23;2028-08-07;EUR;;2022-07-25;15540.09;N;63349.16;14000.0;0.0;1175.0;2851.75;0.0;0.0;0.0;;0.0;;1.0;F;;R;7.69;Act/Act;;;;881.03;72.0;0.0;EUR;0.0;Current;0.01074;0.345;0;;;;;;;;;;;;;;;;;;;;;STFIN;N;;24;PC;MB;N;1;;;;45055.0;a89484957xy94849577bz;VIN;RP;NON;a86c106d1xy6c106d1d6z;a86c106d1xy6c106d1d6z;XY;;;;;1.0;;;aac4729a9xyc4729a916z;;;;;N;N;Loan retail;;;;Other;;;;;;;fcc761;Benzin;GLA 250;GLA;H247;GLA 250 City-SUC;247746;F;TM1;RDR;XYORGF;XYORGF;2022-07-31;2028-08-07;Active;50524.16;-2851.75;1.0;;53375.91;F;2022-07-23;X;0.0;15540.09;27;27;72.46667;72;Other;Entry Luxury;Y;;45;61 - 72;1.0;X;;;;PF_F;;0.221;36278.40498;XY10;36278.40498035503;11.95309765359974;0.057743018029498695;0.05929270891375135;-0.019157265438081238;0.3476233373572661;0;0;N;;0;No-Default;N;a86c106d1xy6c106d1d6z::SYS_XY1000;STFIN;2025-04-24 16:00:03.672142;2025-04-24 16:00:03.672142;INVALID
XY;50;XY1001;2024-10-31;a2a572618xya5726189bz;SYS;708;0;2024-01-29;2028-02-12;EUR;;2024-01-31;8547.28;N;37642.8;27642.8;0.0;0.0;168.14;0.0;0.0;286.54;;0.0;;1.0;F;;R;6.24;Act/Act;;;;236.52;48.0;0.0;EUR;0.0;Current;0.00753;0.39;0;;;;;;;;;;;;;;;;;;;;;STFIN;N;;;PC;MB;U;1;;;;;ae6b20762xy6b2076270z;VIN;RP;NON;a51994404xy19944049ez;a51994404xy19944049ez;XY;;;;;1.0;;;afd0f2153xyd0f21530ez;;;;;N;N;Loan retail;;;;Other;;;;;;;f2ca14;Benzin;GLC 300 4M;GLC;X253;GLC 300 4MATIC;253984;F;TM1;RDR;XYORGF;XYORGF;2024-01-31;2028-02-12;Active;10000.0;118.40000000000003;1.0;;9881.6;F;2024-01-29;X;0.0;8547.28;9;39;48.46667;48;Other;Core Luxury;Y;;39;37 - 48;1.0;X;;;;PF_F;;0.73434;8436.03159;XY10;8436.03158578775;11.923374056082197;0.06842126181117208;0.07060300256514157;0.0060205340212747885;0.5101414339821725;0;0;N;;0;No-Default;N;a51994404xy19944049ez::SYS_XY1000;STFIN;2025-04-24 16:00:03.672142;2025-04-24 16:00:03.672142;INVALID
XY;50;XY1001;2025-04-30;ac78a06e9xy78a06e9bcz;SYS;2287;0;2024-06-06;2028-06-06;EUR;;2024-06-18;98249.3;N;117907.0;0.0;23581.3;0.0;0.0;0.0;0.0;0.0;;0.0;;;F;;;6.3;30/360;;;;;;0.0;EUR;0.0;Current;;;0;;;0.0;;;;;;;;;;;;;;;;;;BAFIN;U;;;VA;MB;N;1;;;2023-09-01;117907.0;ae5008476xy50084766cz;VIN;CF;NON;ae86ebd57xy86ebd57ccz;ac76af226xy76af22688z;XY;;2.25;;;;;;a028dea43xy28dea4379z;;4;;;N;N;Loan retail;N;;;;;;;;;;7c68eb;Diesel;417 KA 4X2 4325;Sprinter/NCV3/VS30;VS30 VAN DUS MB;VS30 RWD - KaWa;907645;F;TM1;RDR;XYORGF;XYORGF;2024-06-30;2028-06-06;Active;117907.0;0.0;2.25;2.25;115567.25;F;2024-06-06;R;0.0;98249.3;11;11;60.00000;48;Other;Vans;Y;2.25;37;37 - 48;2.25;R;2;;;PF_F;2;0.0;97821.71262;XY10;97821.71261830887;12.0;0.06299884033355344;0.06485011048869603;0.0;0.4498635535235468;0;0;N;;0;No-Default;N;ae86ebd57xy86ebd57ccz::SYS_XY1000;BAFIN;2025-05-15 07:35:41.759406;2025-05-15 07:35:41.759406;INVALID
XY;50;XY1001;2024-10-31;adc108f41xyc108f4194z;SYS;708;0;2021-07-22;2025-07-21;EUR;;2021-07-28;4841.81;N;36120.0;15000.0;0.0;3507.25;414.72;0.0;286.0;1015.12;;0.0;;1.0;F;;R;2.9;Act/Act;;;;544.01;48.0;0.0;EUR;0.0;Current;0.0062;0.344;0;;;;;;;;;;;;;;;;;;;;;STFIN;N;;;VA;MB;N;1;;;;36120.0;a79c09606xy9c0960601z;VIN;RSB;NON;a1a12ebdaxya12ebda33z;a38f95d55xy8f95d553fz;XY;;;;;;;;aa22bbc00xy22bbc00d8z;;;;;N;N;Loan retail;;;;Other;;;;;;;b84bc5;Benzin;Vito 121 KA/E;T0/NCV2/VS20;Vito (VS20);Vito Worker 121 Kastenwagen Extralang;447605;F;TM1;RDR;XYORGF;XYORGF;2021-07-31;2025-07-21;Active;24627.25;314.4;;;24312.85;F;2021-07-22;X;0.0;4841.81;39;39;47.96666;48;Other;Vans;Y;;9;37 - 48;;X;;;;PF_F;;0.41528;4824.70267;XY10;4824.702672421145;12.017156101346306;0.03544716795124175;0.03602875051215282;0.006447274806924117;0.5064945793870165;0;0;N;;0;No-Default;N;a1a12ebdaxya12ebda33z::SYS_XY1000;STFIN;2025-04-24 16:00:03.672142;2025-04-24 16:00:03.672142;INVALID
XY;50;XY1001;2024-10-31;a4857a02bxy857a02bd6z;SYS;708;0;2021-08-08;2025-08-08;EUR;;2021-08-13;37437.37;N;71000.0;6319.44;29443.5;0.0;1016.54;0.0;0.0;0.0;;0.0;;1.0;F;;R;4.13;30/360;;;;895.99;48.0;85.33;EUR;30.0;Current;0.0026;0.34692;0;;;;;;;;;;;;;;;;;;;;;OPLEA;B;;L7F;PC;MB;N;1;;;;65430.0;aca28c9f5xya28c9f515z;VIN;RP;NON;a02832c56xy2832c563ez;a02832c56xy2832c563ez;XY;;;;;0.0;;;acd510f61xyd510f6170z;;;;;N;N;Operating lease;;;;Other;;;;;;;f695b2;Benzin;GLE 350 L;GLE;V167;GLE 350 lang;167148;F;TM1;RDR;XYORGF;XYORGF;2021-08-31;2025-08-08;Active;64680.56;-1016.54;0.0;;64801.11;F;2021-08-08;X;85.33;37522.700000000004;39;39;82.00000;48;Other;Core Luxury;Y;;9;37 - 48;0.0;X;;;;PF_F;;0.08901;36616.05376;XY10;36530.72375728871;12.0;0.03556137530292614;0.03614675274346206;-0.005755801825153263;0.3655819226887548;0;0;N;;0;No-Default;N;a02832c56xy2832c563ez::SYS_XY1000;OPLEA;2025-04-24 16:00:03.672142;2025-04-24 16:00:03.672142;INVALID
XY;50;XY1001;2025-04-30;a8e92a68axye92a68ad8z;SYS;2287;0;2023-06-14;2028-06-14;EUR;;2023-06-14;62647.1;N;86322.0;15000.0;25000.0;4935.0;4204.04;490.0;0.0;0.0;;0.0;;;F;;;9.99;30/360;;;;;;0.0;EUR;0.0;Current;;;0;;;0.0;;;;;;;;;;;;;;;;;;BAFIN;U;;SAA241;PC;MB;U;1;;;2022-02-01;92300.0;a2abb5f38xyabb5f38d5z;VIN;RSB;NON;a983d4769xy83d476933z;a983d4769xy83d476933z;XY;;5.0;;;454.0;SME2021;;a87aa5369xy7aa536996z;;004S0115S0121;;;N;N;Loan retail;N;;;;;;;;;;54c998;Benzin;GLC 300 4M;GLC;X253;GLC 300 4MATIC;253984;F;TM1;RDR;XYORGF;XYORGF;2023-06-30;2028-06-14;Active;76257.0;-3714.04;454.0;600.0;79971.04;F;2023-06-14;S;0.0;62647.1;23;39;84.46667;60;Other;Core Luxury;Y;600.0;37;49 - 60;454.0;S;5;;;PF_F;5;0.17377;62407.25303;XY10;62407.253026383245;12.0;0.08331520886270766;0.08657148744127108;-0.016584230325025595;0.3481265712508924;0;0;N;;0;No-Default;N;a983d4769xy83d476933z::SYS_XY1000;BAFIN;2025-05-15 07:35:41.759406;2025-05-15 07:35:41.759406;INVALID
XY;50;XY1001;2024-10-31;ae1c69badxy1c69badb2z;SYS;708;0;2024-03-23;2030-04-07;EUR;;2024-03-25;27495.04;N;27865.56;0.0;0.0;1200.0;1770.75;0.0;0.0;0.0;;0.0;;1.0;F;;R;9.39;Act/Act;;;;531.64;72.0;0.0;EUR;0.0;Current;0.00753;0.39;0;;;;;;;;;;;;;;;;;;;;;STFIN;N;;;PC;MB;U;1;;;;;a6c68451dxyc68451d49z;VIN;RP;NON;ae841154bxy841154b10z;ae841154bxy841154b10z;XY;;;;;1.0;;;a06d28d61xy6d28d61b8z;;;;;N;N;Loan retail;;;;Other;;;;;;;4a578a;Benzin;A 220 4M Lim;A-Klasse;V177;A 220 4MATIC Limousine;177145;F;TM1;RDR;XYORGF;XYORGF;2024-03-31;2030-04-07;Active;29065.56;-1770.75;1.0;;30836.31;F;2024-03-23;X;0.0;27495.04;7;37;72.46667;72;Other;Entry Luxury;Y;;65;61 - 72;1.0;X;;;;PF_F;;0.0;28833.41787;XY10;28833.4178733606;11.956877173786289;0.07288060309936871;0.07536000379667682;-0.0210195410070025;0.3537403530695385;0;0;N;;0;No-Default;N;ae841154bxy841154b10z::SYS_XY1000;STFIN;2025-04-24 16:00:03.672142;2025-04-24 16:00:03.672142;INVALID
XY;50;XY1001;2024-10-31;aad0d97f6xyd0d97f6d3z;SYS;708;0;2020-07-18;2026-08-01;EUR;;2020-07-23;14554.57;N;45856.09;0.0;0.0;0.0;1234.13;0.0;0.0;2802.59;;0.0;;1.0;F;;R;3.99;Act/Act;;;;718.39;72.0;0.0;EUR;0.0;Current;0.00657;0.381;0;;;;;;;;;;;;;;;;;;;;;STFIN;N;;12;PC;MB;U;1;;;;;ac2191c3cxy2191c3caaz;VIN;RP;NON;a6ec205bcxyec205bc16z;a6ec205bcxyec205bc16z;XY;;;;;1.0;;;aa759c7eaxy759c7ea05z;;;;;N;N;Loan retail;;;;Other;;;;;;;2ad07d;xx;xx;xx;xx;xx;xx;xx;TM1;RDR;XYORGF;XYORGF;2020-07-31;2026-08-01;Active;45856.09;1568.46;1.0;;44287.63;F;2020-07-18;X;0.0;14554.57;51;81;72.43333;72;Other;;Y;;21;61 - 72;1.0;X;;;;PF_F;;0.0;15040.1227;XY10;15040.122700119005;11.960608383747363;0.0517760179278294;0.053020200109255684;0.011876120047968987;0.3458630209511308;0;0;N;;0;No-Default;N;a6ec205bcxyec205bc16z::SYS_XY1000;STFIN;2025-04-24 16:00:03.672142;2025-04-24 16:00:03.672142;INVALID
XY;50;XY1001;2024-10-31;a3b95c25axyb95c25ae9z;SYS;708;0;2024-10-07;2027-10-07;EUR;;2024-10-22;93583.87;N;94515.23;3718.06;52604.1;0.0;400.0;0.0;0.0;0.0;;0.0;;1.0;F;;R;6.24;30/360;;;;1432.33;36.0;0.0;EUR;0.0;Current;0.00305;0.29561;0;;;;;;;;;;;;;;;;;;;;;OPLEA;B;;;PC;MB;N;1;;;;97415.0;a6cbb91d1xycbb91d1bfz;VIN;RP;NON;af4e6bcd2xy4e6bcd2d2z;af4e6bcd2xy4e6bcd2d2z;XY;;;;;0.0;;;a5fd32d24xyfd32d242az;;;;;N;N;Operating lease;;;;Other;;;;;;;668622;Benzin;GLS 450 4M;GLS;X167;GLS 450 4MATIC;167959;F;TM1;RDR;XYORGF;XYORGF;2024-10-31;2027-10-07;Acquisition;90797.17;-400.0;0.0;;89764.84;F;2024-10-07;X;0.0;93583.87;1;1;81.16667;36;Other;TEV+;Y;;35;25 - 36;0.0;X;;;;PF_F;;0.03934;89764.84;XY10;89764.84;12.0;0.06039831590019903;0.06209866756624222;-0.002030323679179852;0.45720010166350533;0;0;N;;0;No-Default;N;af4e6bcd2xy4e6bcd2d2z::SYS_XY1000;OPLEA;2025-04-24 16:00:03.672142;2025-04-24 16:00:03.672142;INVALID
XY;50;XY1001;2024-10-31;a5cb967c5xycb967c53fz;SYS;708;0;2021-09-16;2026-09-16;EUR;;2021-10-05;15139.25;N;37422.17;0.0;0.0;0.0;0.0;0.0;0.0;0.0;;0.0;;1.0;F;;R;3.44;Act/Act;;;;680.04;60.0;0.0;EUR;0.0;Current;;;0;;;;;;;;;;;;;;;;;;;;;STFIN;N;;;PC;MB;U;1;;;;;a6502cf0fxy502cf0fe5z;VIN;RP;NON;a9460ac38xy460ac38cdz;a9460ac38xy460ac38cdz;XY;;;;;;;;a82ffd4fdxy2ffd4fdd8z;;;;;N;N;Loan retail;;;;Other;;;;;;;90d277;xx;xx;xx;xx;xx;xx;xx;TM1;RDR;XYORGF;XYORGF;2021-10-31;2026-09-16;Active;37422.17;0.0;;;37422.17;F;2021-09-16;X;0.0;15139.25;38;68;60.00000;60;Other;;Y;;23;49 - 60;;X;;;;PF_F;;0.0;15111.9948;XY10;15111.994804035756;12.00921250045163;0.03456273488487473;0.0351155270882722;0.0;0.40906009888196576;0;0;N;;0;No-Default;N;a9460ac38xy460ac38cdz::SYS_XY1000;STFIN;2025-04-24 16:00:03.672142;2025-04-24 16:00:03.672142;INVALID
XY;50;XY1001;2024-10-31;a43be7fa3xy3be7fa3acz;SYS;708;0;2022-02-02;2025-02-02;EUR;;2022-02-17;39099.25;N;60766.15;1.48;37105.6;0.0;1431.98;795.0;0.0;1419.04;;0.0;;1.0;F;;R;3.11;30/360;;;;806.56;36.0;0.0;EUR;0.0;Current;0.0026;0.30308;0;;;;;;;;;;;;;;;;;;;;;OPLEA;B;;L7F;PC;MB;N;1;;;;64980.0;ab4dcd0c8xy4dcd0c846z;VIN;RP;NON;a1cb3f843xycb3f84386z;a1cb3f843xycb3f84386z;XY;;;;;0.0;;;aaececd12xyececd1238z;;;;;N;N;Operating lease;;;;Other;;;;;;;64c105;Benzin;E 300 4M;E-Klasse;W213;E 300 4MATIC;213084;F;TM1;RDR;XYORGF;XYORGF;2022-02-28;2025-02-02;Active;60764.67;782.06;0.0;;59176.05;F;2022-02-02;X;0.0;39099.25;33;33;92.50000;36;Other;Core Luxury;Y;;3;25 - 36;0.0;X;;;;PF_F;;2e-05;38987.09691;XY10;38987.096907953084;12.0;0.0425082229308727;0.04334626535799658;0.005684713710727103;0.4361856323449452;0;0;N;;0;No-Default;N;a1cb3f843xycb3f84386z::SYS_XY1000;OPLEA;2025-04-24 16:00:03.672142;2025-04-24 16:00:03.672142;INVALID
XY;50;XY1001;2024-10-31;aaa22c18bxya22c18b4cz;SYS;708;0;2020-09-24;2026-10-08;EUR;;2020-09-28;18642.34;N;56287.84;6425.24;0.0;900.0;1279.08;0.0;0.0;5079.3;;0.0;;1.0;F;;R;4.99;Act/Act;;;;818.96;72.0;0.0;EUR;0.0;Current;0.04618;0.34;0;;;;;;;;;;;;;;;;;;;;;STFIN;N;;2D;PC;MB;N;1;;;;51380.0;a3283c63cxy283c63c89z;VIN;RP;NON;a9455fcdcxy455fcdcb8z;a9455fcdcxy455fcdcb8z;XY;;;;;3.0;;;a275309fbxy75309fbe8z;;;;;N;N;Loan retail;;;;Other;;;;;;;96d5a2;Benzin;GLC 300;GLC;X253;GLC 300;253983;F;TM1;RDR;XYORGF;XYORGF;2020-09-30;2026-10-08;Active;50762.6;3800.2200000000003;3.0;;46962.38;F;2020-09-24;X;0.0;18642.34;49;49;72.46667;72;Other;Core Luxury;Y;;23;61 - 72;3.0;X;;;;PF_F;;0.11415;18154.14127;XY10;18154.141268579297;11.95959563493822;0.07697400437088003;0.07974310880545912;0.02707411106632905;0.35571719005318136;0;0;N;;0;No-Default;N;a9455fcdcxy455fcdcb8z::SYS_XY1000;STFIN;2025-04-24 16:00:03.672142;2025-04-24 16:00:03.672142;INVALID
XY;50;XY1001;2024-10-31;a804721a8xy04721a894z;SYS;708;0;2022-04-25;2026-04-25;EUR;;2022-04-26;31718.84;N;46223.82;7013.16;23025.0;245.0;2751.27;795.0;0.0;0.0;;0.0;;1.0;F;;R;7.24;30/360;;;;549.96;48.0;0.0;EUR;0.0;Current;0.0026;0.34893;0;;;;;;;;;;;;;;;;;;;;;OPLEA;B;;24B;PC;MB;N;1;;;;46050.0;a402cd7bbxy02cd7bb4dz;VIN;RP;NON;ac57c3cd5xy57c3cd5bfz;ac57c3cd5xy57c3cd5bfz;XY;;;;;0.0;;;a96e80ab2xy6e80ab231z;;;;;N;N;Operating lease;;;;Other;;;;;;;5481ba;Benzin;GLB 250;GLB;X247;GLB 250 SUV;247646;F;TM1;RDR;XYORGF;XYORGF;2022-04-30;2026-04-25;Active;39455.66;-1956.27;0.0;;40861.97;F;2022-04-25;X;0.0;31718.84;30;30;95.63333;48;Other;Entry Luxury;Y;;18;37 - 48;0.0;X;;;;PF_F;;0.15172;29909.05058;XY10;29909.050578916587;12.0;0.06212264831211449;0.06392234067488521;-0.01750139761674531;0.35676210522339463;0;0;N;;0;No-Default;N;ac57c3cd5xy57c3cd5bfz::SYS_XY1000;OPLEA;2025-04-24 16:00:03.672142;2025-04-24 16:00:03.672142;INVALID
XY;50;XY1001;2024-10-31;af1f89f72xy1f89f72f4z;SYS;708;0;2019-01-14;2025-01-28;EUR;;2019-01-17;1861.5;N;41822.28;3421.0;0.0;900.0;1090.2;0.0;0.0;1642.32;;0.0;;1.0;F;;R;4.99;Act/Act;;;;633.99;72.0;0.0;EUR;0.0;Current;0.0064;0.346;0;;;;;;;;;;;;;;;;;;;;;STFIN;N;;24;PC;MB;U;1;;;;;af968fe09xy968fe092dz;VIN;RP;NON;a43a51bd0xy3a51bd087z;a43a51bd0xy3a51bd087z;XY;;;;;1.0;;;a9bda62caxybda62ca59z;;;;;N;N;Loan retail;;;;Other;;;;;;;fe808b;Benzin;GLE 350 4M L;GLE;V167;GLE 350 4MATIC lang;167149;F;TM1;RDR;XYORGF;XYORGF;2019-01-31;2025-01-28;Active;39301.28;552.1199999999999;1.0;;38749.159999999996;F;2019-01-14;X;0.0;1861.5;70;100;72.46667;72;Other;Core Luxury;Y;;3;61 - 72;1.0;X;;;;PF_F;;0.0818;1873.22721;XY10;1873.227209935125;11.898714174130731;0.04918583950963364;0.05029991479473476;0.004763383515995159;0.33984760889639515;0;0;N;;0;No-Default;N;a43a51bd0xy3a51bd087z::SYS_XY1000;STFIN;2025-04-24 16:00:03.672142;2025-04-24 16:00:03.672142;INVALID
XY;50;XY1001;2024-10-31;a58342b4axy8342b4a3az;SYS;708;0;2023-01-30;2029-02-14;EUR;;2023-02-02;61619.23;N;94392.9;15000.0;0.0;278.95;2948.85;0.0;0.0;0.0;;0.0;;1.0;F;;R;7.99;Act/Act;;;;1401.16;72.0;0.0;EUR;0.0;Current;0.00162;0.338;0;;;;;;;;;;;;;;;;;;;;;STFIN;N;;2D;PC;MB;N;1;;;;84625.0;aa879b5b6xy879b5b6a9z;VIN;RP;NON;a963d9773xy63d9773e2z;a963d9773xy63d9773e2z;XY;;;;;0.0;;;a806e6159xy06e615988z;;;;;N;N;Loan retail;;;;Other;;;;;;;5f8626;Benzin;AMG C 43 4M Cab;C-Klasse;A205;Mercedes-AMG C 43 4MATIC Cabriolet;205464;F;TM1;RDR;XYORGF;XYORGF;2023-02-28;2029-02-14;Active;79671.85;-2948.85;0.0;;82620.70000000001;F;2023-01-30;X;0.0;61619.23;21;21;72.50000;72;AMG;tev & tev +;Y;;51;61 - 72;0.0;X;;;;PF_F;;0.15891;63039.58939;XY10;63039.589388358385;11.945433547664628;0.06710896292302343;0.06920838874651208;-0.012791272995638786;0.3518996325973106;0;0;N;;0;No-Default;N;a963d9773xy63d9773e2z::SYS_XY1000;STFIN;2025-04-24 16:00:03.672142;2025-04-24 16:00:03.672142;INVALID
XY;50;XY1001;2024-10-31;a29d09dc1xy9d09dc1b9z;SYS;708;0;2022-02-25;2025-03-12;EUR;;2022-03-01;5803.63;N;46653.85;0.0;0.0;0.0;749.99;0.0;0.0;997.28;;0.0;;1.0;F;;R;1.99;Act/Act;;;;1165.45;36.0;0.0;EUR;0.0;Current;0.00114;0.414;0;;;;;;;;;;;;;;;;;;;;;STFIN;N;;23;PC;MB;U;1;;;;;a5431fc9fxy431fc9f4ez;VIN;RP;NON;a997c99f8xy97c99f829z;a997c99f8xy97c99f829z;XY;;;;;0.0;;;a04ba3e17xy4ba3e1714z;;;;;N;N;Loan retail;;;;Other;;;;;;;55b10e;xx;xx;xx;xx;xx;xx;xx;TM1;RDR;XYORGF;XYORGF;2022-03-31;2025-03-12;Active;46653.85;247.28999999999996;0.0;;46406.56;F;2022-02-25;X;0.0;5803.63;32;62;36.56666;37;Other;;Y;;4;37 - 48;0.0;X;;;;PF_F;;0.0;5792.56174;XY10;5792.561737432755;12.266177815247447;0.023774774849678278;0.024035971360792767;0.0038756700056795552;0.7359944803500228;0;0;N;;0;No-Default;N;a997c99f8xy97c99f829z::SYS_XY1000;STFIN;2025-04-24 16:00:03.672142;2025-04-24 16:00:03.672142;INVALID
XY;50;XY1001;2024-10-31;a5ebf0228xyebf0228edz;SYS;708;0;2024-06-03;2029-06-18;EUR;;2024-06-05;24186.63;N;49407.16;20000.0;0.0;0.0;691.19;0.0;0.0;1298.29;;0.0;;1.0;F;;R;5.94;Act/Act;;;;569.08;60.0;0.0;EUR;0.0;Current;0.00196;0.338;0;;;;;;;;;;;;;;;;;;;;;STFIN;N;;;PC;MB;N;1;;;;47580.0;a58a29473xy8a2947310z;VIN;RP;NON;a28250f5bxy8250f5bc2z;a28250f5bxy8250f5bc2z;XY;;;;;0.0;;;a7fba096dxyfba096da0z;;;;;N;N;Loan retail;;;;Other;;;;;;;debf60;Benzin;GLA 250 4M;GLA;H247;GLA 250 4MATIC City-SUC;247747;F;TM1;RDR;XYORGF;XYORGF;2024-06-30;2029-06-18;Active;29407.16;607.0999999999999;0.0;;28800.06;F;2024-06-03;X;0.0;24186.63;5;5;60.50000;61;Other;Entry Luxury;Y;;56;61 - 72;0.0;X;;;;PF_F;;0.4048;27243.90429;XY10;27243.90429337876;11.9449394124314;0.06796017451424846;0.07011239513364806;0.008560537498287661;0.4148715273473519;0;0;N;;0;No-Default;N;a28250f5bxy8250f5bc2z::SYS_XY1000;STFIN;2025-04-24 16:00:03.672142;2025-04-24 16:00:03.672142;INVALID
XY;50;XY1001;2024-10-31;a7db2e446xydb2e4460cz;SYS;708;0;2023-02-10;2028-02-25;EUR;;2023-02-13;14302.81;N;23192.25;3000.0;0.0;0.0;1302.28;0.0;0.0;0.0;;0.0;;1.0;F;;R;8.79;Act/Act;;;;418.6;60.0;0.0;EUR;0.0;Current;0.00108;0.39;0;;;;;;;;;;;;;;;;;;;;;STFIN;N;;24;PC;MB;U;1;;;;;a9f55771fxyf55771f85z;VIN;RP;NON;ac14ddb2fxy14ddb2ff6z;ac14ddb2fxy14ddb2ff6z;XY;;;;;0.0;;;a494d282fxy94d282fd7z;;;;;N;N;Loan retail;;;;Other;;;;;;;9e508f;Diesel;315 KA 4X2 4325;Sprinter/NCV3/VS30;VS30 VAN DUS MB;VS30 RWD - KaWa;907637;F;TM1;RDR;XYORGF;XYORGF;2023-02-28;2028-02-25;Active;20192.25;-1302.28;0.0;;21494.53;F;2023-02-10;X;0.0;14302.81;21;51;60.50000;61;Other;Vans;Y;;40;61 - 72;0.0;X;;;;PF_F;;0.12935;15085.65268;XY10;15085.65268337886;11.934394720177904;0.06194084346531448;0.06372627100999693;-0.02595808230239341;0.4132121395299587;0;0;N;;0;No-Default;N;ac14ddb2fxy14ddb2ff6z::SYS_XY1000;STFIN;2025-04-24 16:00:03.672142;2025-04-24 16:00:03.672142;INVALID
XY;50;XY1001;2024-10-31;a165c9abaxy65c9aba0bz;SYS;708;0;2021-04-23;2025-04-23;EUR;;2021-05-14;34603.07;N;74119.45;123.73;29143.25;734.0;1221.83;0.0;0.0;1318.15;;0.0;;1.0;F;;R;3.31;30/360;;;;1093.06;48.0;521.06;EUR;30.0;Current;0.01188;0.34692;0;;;;;;;;;;;;;;;;;;;;;OPLEA;B;;;PC;MB;N;1;;;;67775.0;a72fdbaabxy2fdbaabb2z;VIN;RP;NON;a81b506e6xy1b506e639z;a81b506e6xy1b506e639z;XY;;;;;1.0;;;affcc9346xyfcc934631z;;;;;N;N;Operating lease;;;;Other;;;;;;;88d84e;Benzin;AMG CLA 45 4M+;A-Klasse;C118;Mercedes-AMG CLA 45 4MATIC+ Coupé;118353;F;TM1;RDR;XYORGF;XYORGF;2021-05-31;2025-04-23;Active;74729.72;96.32000000000016;1.0;;73540.34;F;2021-04-23;X;521.06;35124.13;42;42;79.06667;48;AMG;tev & tev +;Y;;6;37 - 48;1.0;X;;;;PF_F;;0.00167;34612.74556;XY10;34091.68556200472;12.020982142857143;0.03357068211019502;0.03409182084970983;0.0004907382967547017;0.37740903416630806;0;0;N;;0;No-Default;N;a81b506e6xy1b506e639z::SYS_XY1000;OPLEA;2025-04-24 16:00:03.672142;2025-04-24 16:00:03.672142;INVALID
XY;50;XY1001;2024-10-31;a69dff85exy9dff85e13z;SYS;708;0;2021-08-20;2025-08-20;EUR;;2021-08-23;29642.36;N;51137.07;2258.8;24245.4;0.0;2732.45;0.0;0.0;652.13;;0.0;;1.0;F;;R;4.47;30/360;;;;649.19;48.0;0.0;EUR;0.0;Current;0.0026;0.34692;0;;;;;;;;;;;;;;;;;;;;;OPLEA;B;;24B;PC;MB;N;1;;;;46430.0;a1ae484d5xyae484d533z;VIN;RP;NON;aed521fe1xyd521fe109z;aed521fe1xyd521fe109z;XY;;;;;0.0;;;a6865be88xy865be8857z;;;;;N;N;Operating lease;;;;Other;;;;;;;8ff541;Benzin;GLA 250 4M;GLA;H247;GLA 250 4MATIC City-SUC;247747;F;TM1;RDR;XYORGF;XYORGF;2021-08-31;2025-08-20;Active;48878.27;-2080.3199999999997;0.0;;50309.399999999994;F;2021-08-20;X;0.0;29642.36;38;38;91.26667;48;Other;Entry Luxury;Y;;10;37 - 48;0.0;X;;;;PF_F;;0.04417;29425.41846;XY10;29425.418457249532;12.0;0.029657102453922463;0.030063566173809807;-0.015014107044216508;0.3558881974723444;0;0;N;;0;No-Default;N;aed521fe1xyd521fe109z::SYS_XY1000;OPLEA;2025-04-24 16:00:03.672142;2025-04-24 16:00:03.672142;INVALID
XY;50;XY1001;2025-04-30;a3a192d08xya192d08a1z;SYS;2287;0;2024-01-10;2027-01-10;EUR;;2024-01-12;118655.0;N;167519.0;54525.0;91924.6;19749.7;5673.73;490.0;0.0;0.0;;0.0;;;F;;;10.24;30/360;;;;;;0.0;EUR;0.0;Current;;;0;;;0.0;;;;;;;;;;;;;;;;;;OPFIN;B;;;PC;MB;N;1;;;2022-10-05;164151.0;a81994efaxy1994efaa6z;VIN;RP;NON;a7029cd59xy029cd59c0z;a7029cd59xy029cd59c0z;XY;;5.0;;;695.0;PI2013;;aa706076exy706076ecaz;;004S0017S0066S0115S0121S0174V0001;;;N;N;Loan retail;N;;;;;;;;;;8758c2;Benzin;GLS 450 4M;GLS;X167;GLS 450 4MATIC;167959;F;TM1;RDR;XYORGF;XYORGF;2024-01-31;2027-01-10;Active;132743.7;-5183.73;695.0;600.0;135839.1;F;2024-01-10;S;0.0;118655.0;16;16;79.76666;36;Other;TEV+;Y;600.0;20;25 - 36;695.0;S;5;;;PF_F;5;0.32549;118079.62336;XY10;118079.62336119238;12.0;0.08497855018196813;0.0883677245351643;-0.01742202300867457;0.448575101856713;0;0;N;;0;No-Default;N;a7029cd59xy029cd59c0z::SYS_XY1000;OPFIN;2025-05-15 07:35:41.759406;2025-05-15 07:35:41.759406;INVALID
XY;50;XY1001;2024-10-31;a9ba846eexyba846eeb1z;SYS;709;0;2023-06-27;2030-06-27;EUR;;2023-07-17;130173.4;N;365124.29;210185.87;0.0;0.0;1549.38;0.0;0.0;3296.95;0.0;0.0;0.0;1.0;F;1;R;0.07;Act/Act;0.0;2023-06-27;2030-06-27;0.0;0.0;0.0;EUR;0.0;Current;0.00368;0.36;0;N;;0.0;;;;;;;;;;;;;;;;;;STFIN;N;3002;;PC;MB;N;1;;;;279880.0;a29aedb52xy9aedb52e0z;VIN;RP;NON;aed4e89bbxyd4e89bbadz;aed4e89bbxyd4e89bbadz;XY;;0.0;;;329.0;ACE;;ac84d2f7dxy84d2f7de9z;910;D86;;;N;N;Loan retail;N;0.0;;Other;;;;;;;7b428c;Benzin;AMG G 63 USA/CAN;G-Klasse;W463;Mercedes-AMG G 63 Station-Wagen lang USA-Ausführung;463277;F;TM1;RDR;XYORGF;XYORGF;2023-07-31;2030-06-27;Active;154938.42;1747.5699999999997;329.0;;153190.85;F;2023-06-27;X;0.0;130173.4;16;16;84.00000;84;AMG;tev & tev +;Y;;68;73 - 84;329.0;X;;;;PF_F;;0.57566;129996.90365;XY10;129996.90364788212;12.008813585379983;0.07692463172999593;0.07969531548293149;0.0035245642671526134;0.3136603695390344;0;0;N;;0;No-Default;N;aed4e89bbxyd4e89bbadz::SYS_XY1000;STFIN;2025-04-23 12:59:37.304075;2025-04-23 12:59:37.304075;INVALID
XY;50;XY1001;2024-10-31;a1e08f4bbxye08f4bb7az;SYS;3279;0;2021-07-19;2025-07-19;EUR;;2021-07-21;7114.29;N;34895.25;0.0;0.0;0.0;348.95;0.0;0.0;0.0;0.0;0.0;0.0;1.0;F;1;R;0.04;Act/Act;0.0;2021-07-19;2025-07-19;0.0;0.0;0.0;EUR;0.0;Current;0.0036;0.35;0;N;;0.0;;;;;;;;;;;;;;;;;;STFIN;N;3002;ABS;PC;MB;U;1;;;;40500.0;af9d8281dxy9d8281d2ez;VIN;RP;NON;a6f70607exyf70607e84z;a6f70607exyf70607e84z;XY;;0.0;;;310.0;ACE;;a50286a11xy0286a1141z;910;915;;;N;N;Loan retail;N;0.0;;Other;;;;;;;88a67c;xx;xx;xx;xx;xx;xx;xx;TM1;RDR;XYORGF;XYORGF;2021-07-31;2025-07-19;Active;34895.25;-348.95;310.0;;35244.2;F;2021-07-19;X;0.0;7114.29;39;69;48.00000;48;Other;;Y;;9;37 - 48;310.0;X;;;;PF_F;;0.0;7102.66487;XY10;7102.664865950039;12.008979509169608;0.04485789680775489;0.045791601239966485;-0.005042496910975115;0.5093309733634712;0;0;N;;0;No-Default;N;a6f70607exyf70607e84z::SYS_XY1000;STFIN;2025-04-23 12:59:37.304075;2025-04-23 12:59:37.304075;INVALID
XY;50;XY1001;2024-10-31;a01a96fdfxy1a96fdf9ez;SYS;709;0;2023-06-30;2030-06-30;EUR;;2023-07-10;116519.71;N;172982.92;34207.38;0.0;0.0;1387.76;0.0;0.0;2953.02;0.0;0.0;0.0;1.0;F;1;R;0.07;Act/Act;0.0;2023-06-30;2030-06-30;0.0;0.0;0.0;EUR;0.0;Current;0.00368;0.36;0;N;;0.0;;;;;;;;;;;;;;;;;;STFIN;N;3002;;PC;MB;N;1;;;;140000.0;a613009cbxy13009cb0fz;VIN;RP;NON;a8bf18cdfxybf18cdf08z;a8bf18cdfxybf18cdf08z;XY;;0.0;;;330.0;ACE;;ac84d2f7dxy84d2f7de9z;910;D86;;;N;N;Loan retail;N;0.0;;Other;;;;;;;c598de;Benzin;AMG GLE 53 4M+ Cou;GLE;C167;Mercedes-AMG GLE 53 4MATIC+ Coupé;167361;F;TM1;RDR;XYORGF;XYORGF;2023-07-31;2030-06-30;Active;138775.54;1565.26;330.0;;137210.28;F;2023-06-30;X;0.0;116519.71;16;16;84.00000;84;AMG;tev & tev +;Y;;68;73 - 84;330.0;X;;;;PF_F;;0.19775;116435.16848;XY10;116435.16848196932;12.004772808752012;0.07692511007350684;0.07969593119985476;0.0035250825931233964;0.3137080712056081;0;0;N;;0;No-Default;N;a8bf18cdfxybf18cdf08z::SYS_XY1000;STFIN;2025-04-23 12:59:37.304075;2025-04-23 12:59:37.304075;INVALID
XY;50;XY1001;2024-10-31;a09c35264xy9c35264fez;SYS;708;0;2023-09-04;2028-09-19;EUR;;2023-09-05;27559.54;N;38587.42;5000.0;0.0;118.3;256.59;0.0;0.0;0.0;;0.0;;1.0;F;;R;7.44;Act/Act;;;;676.52;60.0;0.0;EUR;0.0;Current;0.00108;0.39;0;;;;;;;;;;;;;;;;;;;;;STFIN;N;;24;PC;MB;U;1;;;;;a121a36c3xy21a36c31cz;VIN;RP;NON;a06026b7dxy6026b7d82z;a06026b7dxy6026b7d82z;XY;;;;;0.0;;;a4d173460xyd17346032z;;;;;N;N;Loan retail;;;;Other;;;;;;;5a3b5f;xx;xx;xx;xx;xx;xx;xx;TM1;RDR;XYORGF;XYORGF;2023-09-30;2028-09-19;Active;33705.72;-256.59;0.0;;33962.31;F;2023-09-04;X;0.0;27559.54;14;44;60.50000;61;Other;;Y;;47;61 - 72;0.0;X;;;;PF_F;;0.12958;27669.91465;XY10;27669.914646126024;11.938831319340014;0.07126015273772716;0.07362863540621091;-0.0031394849747376913;0.41625306476965745;0;0;N;;0;No-Default;N;a06026b7dxy6026b7d82z::SYS_XY1000;STFIN;2025-04-24 16:00:03.672142;2025-04-24 16:00:03.672142;INVALID
XY;50;XY1001;2024-10-31;a737611e8xy37611e8b6z;SYS;1042;0;2021-02-10;2026-02-28;EUR;;2021-02-10;18060.69;N;36250.0;10416.67;15000.0;0.0;0.0;0.0;0.0;0.0;;0.0;0.0;1.0;F;;;3.5601;30/360;;;;;;0.0;EUR;0.0;Current;;;0;;;;;;;;;;;;;;;;;;;;;BFLEA;N;;;PC;MB;U;1;;;2020-02-27;58663.97;abe5c054cxye5c054c3az;VIN;RP;NON;afff123d4xyff123d4c9z;afff123d4xyff123d4c9z;XY;;;;;;;;acbae61b7xybae61b7f0z;;Gebrauchtwagenaktion 2020;;;N;;Finance lease;;;;;;;;;;;b00577;Benzin;GLC 200;GLC;X253;GLC 200;253980;F;TM1;RDR;XYORGF;XYORGF;2021-02-28;2026-02-28;Active;25833.33;0.0;;;25833.33;F;2021-02-10;X;0.0;18060.69;45;56;103.36667;61;Other;Core Luxury;Y;;16;61 - 72;;X;;;;PF_F;;0.28736;18040.06174;XY10;18040.061739833905;12.091092626988614;0.0350567180918629;0.035625786668916325;0.0;0.27167482421492706;0;0;N;;0;No-Default;N;afff123d4xyff123d4c9z::SYS_XY1000;BFLEA;2025-05-15 07:27:53.805558;2025-05-15 07:27:53.805558;INVALID
XY;50;XY1001;2024-10-31;ae8e28c39xy8e28c3989z;SYS;709;0;2024-08-27;2029-08-27;EUR;;2024-09-05;59176.94;N;76374.21;7776.45;26477.88;0.0;1371.96;0.0;0.0;7854.93;0.0;0.0;0.0;1.0;F;1;A;0.02;30/360;0.0;2024-08-27;2029-08-27;0.0;0.0;0.0;EUR;0.0;Current;0.01;0.21;0;N;;0.0;;;;;;;;;;;;;;;;;;FILEA;U;3105;;VA;MB;N;1;;;;67892.0;a64fe564exy4fe564ed9z;VIN;RSB;NON;acbf48535xybf4853564z;acbf48535xybf4853564z;XY;;0.0;;;360.0;ACE;;ac84d2f7dxy84d2f7de9z;910;E00;;;N;N;Finance lease;N;0.0;;Other;;;;;;;a77951;Diesel;416 KA 4X2 3665;Sprinter/NCV3/VS30;VS30 VAN DUS MB;VS30 RWD - KaWa;907643;F;TM1;RDR;XYORGF;XYORGF;2024-09-30;2029-08-27;Active;68597.76;6482.97;360.0;;61294.20999999999;F;2024-08-27;X;0.0;59176.94;2;2;91.80000;60;Other;Vans;Y;;58;49 - 60;360.0;X;;;;PF_F;;0.10182;60272.37362;XY10;60272.37362383418;12.0;0.060877759446899486;0.062605444545468;0.0309781021829456;0.3147726720839204;0;0;N;;0;No-Default;N;acbf48535xybf4853564z::SYS_XY1000;BFLEA;2025-04-23 12:59:37.304075;2025-04-23 12:59:37.304075;INVALID
XY;50;XY1001;2024-10-31;af29ef57exy29ef57e6dz;SYS;708;0;2022-08-05;2028-08-20;EUR;;2022-08-11;47565.68;N;75319.08;12500.0;0.0;1219.35;3811.76;0.0;0.0;0.0;;0.0;;1.0;F;;R;11.99;Act/Act;;;;1257.88;72.0;985.33;EUR;11.0;Current;0.04434;0.345;0;;;;;;;;;;;;;;;;;;;;;STFIN;N;;;PC;MB;N;1;;;;66255.0;acbcdf1edxybcdf1edc5z;VIN;RP;NON;a556caf7fxy56caf7fa1z;a556caf7fxy56caf7fa1z;XY;;;;;3.0;;;abb569efaxyb569efa5cz;;;;;N;N;Loan retail;;;;Other;;;;;;;bbb28c;Benzin;GLE 350 L;GLE;V167;GLE 350 lang;167148;F;TM1;RDR;XYORGF;XYORGF;2022-08-31;2028-08-20;Active;64038.43;-3811.76;3.0;;67850.19;F;2022-08-05;X;985.33;48551.01;27;27;72.50000;73;Other;Core Luxury;Y;;46;73 - 84;3.0;X;;;;PF_F;;0.16596;48992.94625;XY10;48007.616245034835;11.953285337335332;0.09874962087137475;0.10333357394306288;-0.021150505626618826;0.3640126311308861;0;0;N;;0;No-Default;N;a556caf7fxy56caf7fa1z::SYS_XY1000;STFIN;2025-04-24 16:00:03.672142;2025-04-24 16:00:03.672142;INVALID
XY;50;XY1001;2024-10-31;ab21766fexy21766fed4z;SYS;708;0;2021-12-16;2027-12-30;EUR;;2021-12-30;58866.31;N;137183.66;30000.0;0.0;0.0;1071.83;0.0;0.0;0.0;;0.0;;1.0;F;;R;2.79;Act/Act;;;;1620.19;72.0;0.0;EUR;0.0;Current;0.0018;0.345;0;;;;;;;;;;;;;;;;;;;;;STFIN;N;;;PC;MB;N;1;;;;109680.0;a1d36158axyd36158a15z;VIN;RSB;NON;a0d150bbcxyd150bbc14z;a0d150bbcxyd150bbc14z;XY;;;;;0.0;;;aecc58ae9xycc58ae96bz;;;;;N;N;Loan retail;;;;Other;;;;;;;2c9861;Benzin;AMG GLE 53 4M+ Cou;GLE;C167;Mercedes-AMG GLE 53 4MATIC+ Coupé;167361;F;TM1;RDR;XYORGF;XYORGF;2021-12-31;2027-12-30;Active;107183.66;-1071.83;0.0;;108255.49;F;2021-12-16;X;0.0;58866.31;35;35;72.43333;72;AMG;tev & tev +;Y;;38;61 - 72;0.0;X;;;;PF_F;;0.21868;59387.87432;XY10;59387.87432113665;11.959208732169243;0.022326045114681694;0.02255554642020976;-0.003298846364859803;0.3332080347719507;0;0;N;;0;No-Default;N;a0d150bbcxyd150bbc14z::SYS_XY1000;STFIN;2025-04-24 16:00:03.672142;2025-04-24 16:00:03.672142;INVALID
XY;50;XY1001;2024-10-31;ad0742edcxy0742edc1az;SYS;709;0;2023-06-30;2030-06-30;EUR;;2023-07-06;230740.13;N;326846.54;52034.11;0.0;0.0;2748.12;0.0;0.0;5847.77;0.0;0.0;0.0;1.0;F;1;R;0.07;Act/Act;0.0;2023-06-30;2030-06-30;0.0;0.0;0.0;EUR;0.0;Current;0.01;0.36;0;N;;0.0;;;;;;;;;;;;;;;;;;STFIN;N;3002;;PC;MB;N;1;;;;255135.0;a691e2a95xy91e2a95a6z;VIN;RP;NON;a0bfd3e55xybfd3e55d3z;a0bfd3e55xybfd3e55d3z;XY;;0.0;;;245.0;ACE;;abc830411xyc8304113dz;910;D86;;;N;N;Loan retail;N;0.0;;Other;;;;;;;cac8c8;Benzin;AMG SL 63 4M+;SL;R232;Mercedes-AMG SL 63 4MATIC+;232481;F;TM1;RDR;XYORGF;XYORGF;2023-07-31;2030-06-30;Active;274812.43;3099.6500000000005;245.0;;271712.77999999997;F;2023-06-30;X;0.0;230740.13;16;16;84.00000;84;AMG;tev & tev +;Y;;68;73 - 84;245.0;X;;;;PF_F;;0.1592;230572.72088;XY10;230572.72088266272;12.004772808752012;0.07692516496511059;0.07969599009763892;0.0035250951141978792;0.3137072115364778;0;0;N;;0;No-Default;N;a0bfd3e55xybfd3e55d3z::SYS_XY1000;STFIN;2025-04-23 12:59:37.304075;2025-04-23 12:59:37.304075;INVALID
XY;50;XY1001;2024-10-31;a34b2d1d7xy4b2d1d7e1z;SYS;708;0;2024-01-04;2030-01-18;EUR;;2024-01-11;28189.17;N;34053.38;4000.0;0.0;995.0;1661.85;0.0;0.0;0.0;;0.0;;1.0;F;;R;8.89;Act/Act;;;;560.0;72.0;0.0;EUR;0.0;Current;0.00131;0.39;0;;;;;;;;;;;;;;;;;;;;;STFIN;N;;;PC;MB;U;1;;;;;a94638758xy46387584az;VIN;RP;NON;a9dd41419xydd41419dcz;a9dd41419xydd41419dcz;XY;;;;;0.0;;;a6803e87cxy803e87c50z;;;;;N;N;Loan retail;;;;Other;;;;;;;968a5a;Benzin;GLA 250;GLA;H247;GLA 250 City-SUC;247746;F;TM1;RDR;XYORGF;XYORGF;2024-01-31;2030-01-18;Active;31048.38;-1661.85;0.0;;32710.23;F;2024-01-04;X;0.0;28189.17;10;40;72.46667;72;Other;Entry Luxury;Y;;63;61 - 72;0.0;X;;;;PF_F;;0.11746;29407.83011;XY10;29407.83011219014;11.957315719727934;0.0704129254044628;0.0727259813439142;-0.0184865005372193;0.35336708008048834;0;0;N;;0;No-Default;N;a9dd41419xydd41419dcz::SYS_XY1000;STFIN;2025-04-24 16:00:03.672142;2025-04-24 16:00:03.672142;INVALID
XY;50;XY1001;2024-10-31;a710005faxy10005fa7az;SYS;709;0;2023-01-06;2029-01-06;EUR;;2023-01-17;81710.84;N;108926.55;0.0;0.0;0.0;0.0;0.0;0.0;974.03;0.0;0.0;0.0;1.0;F;1;R;0.07;Act/Act;0.0;2023-01-06;2029-01-06;0.0;0.0;0.0;EUR;0.0;Current;0.01;0.32;0;N;;0.0;;;;;;;;;;;;;;;;;;STFIN;N;3002;;PC;MB;U;1;;;;65419.0;ab56a7ba8xy56a7ba84bz;VIN;RSB;NON;a1670f694xy670f694c3z;a1670f694xy670f694c3z;XY;;0.0;;;380.0;ACE;;ac84d2f7dxy84d2f7de9z;910;197;;;N;N;Loan retail;N;0.0;;Other;;;;;;;ba6b9e;xx;xx;xx;xx;xx;xx;xx;TM1;RDR;XYORGF;XYORGF;2023-01-31;2029-01-06;Active;108926.55;974.03;380.0;;107952.52;F;2023-01-06;X;0.0;81710.84;22;52;72.00000;72;Other;;Y;;50;61 - 72;380.0;X;;;;PF_F;;0.0;81258.11478;XY10;81258.11477522245;12.008591527109225;0.07460265302885521;0.07720711816610384;0.0032025931971015054;0.3597194302913248;0;0;N;;0;No-Default;N;a1670f694xy670f694c3z::SYS_XY1000;STFIN;2025-04-23 12:59:37.304075;2025-04-23 12:59:37.304075;INVALID
XY;50;XY1001;2024-10-31;a21916b5cxy1916b5c24z;SYS;708;0;2021-11-09;2027-11-24;EUR;;2021-11-10;74565.57;N;141874.96;10000.0;0.0;799.0;6979.1;0.0;0.0;0.0;;0.0;;1.0;F;;R;6.19;Act/Act;;;;2216.33;72.0;0.0;EUR;0.0;Current;0.01079;0.345;0;;;;;;;;;;;;;;;;;;;;;STFIN;N;;22;PC;MB;N;1;;;;118690.0;a7d262032xyd2620328az;VIN;RP;NON;a281b199axy81b199aa0z;a281b199axy81b199aa0z;XY;;;;;1.0;;;abb0fbe5cxyb0fbe5c8az;;;;;N;N;Loan retail;;;;Other;;;;;;;958408;Benzin;S 500 4M lang;S-Klasse;W/V223;S 500 4MATIC lang;223163;F;TM1;RDR;XYORGF;XYORGF;2021-11-30;2027-11-24;Active;132673.96;-6979.1;1.0;;139653.06;F;2021-11-09;X;0.0;74565.57;36;36;72.50000;73;Other;TEV+;Y;;37;73 - 84;1.0;X;;;;PF_F;;0.07048;76504.87041;XY10;76504.87040767315;11.953040881770049;0.04427731256157538;0.04518525726179301;-0.01762270000790795;0.34279597287832086;0;0;N;;0;No-Default;N;a281b199axy81b199aa0z::SYS_XY1000;STFIN;2025-04-24 16:00:03.672142;2025-04-24 16:00:03.672142;INVALID
XY;50;XY1001;2024-10-31;a2a079ba9xya079ba9aaz;SYS;708;0;2024-07-30;2030-08-13;EUR;;2024-08-06;50491.78;N;49433.24;0.0;0.0;2325.0;0.0;0.0;0.0;6608.66;;0.0;;1.0;F;;R;1.99;Act/Act;;;;763.86;72.0;0.0;EUR;0.0;Current;0.00131;0.39;0;;;;;;;;;;;;;;;;;;;;;STFIN;N;;;PC;MB;U;1;;;;;ae6ce45ecxy6ce45ecf9z;VIN;RP;NON;af9647540xy9647540a2z;af9647540xy9647540a2z;XY;;;;;0.0;;;a81803e5dxy1803e5d59z;;;;;N;N;Loan retail;;;;Other;;;;;;;98cfe4;Benzin;GLB 250 4M;GLB;X247;GLB 250 4MATIC SUV;247647;F;TM1;RDR;XYORGF;XYORGF;2024-08-31;2030-08-13;Active;51758.24;6608.66;0.0;;45149.58;F;2024-07-30;X;0.0;50491.78;3;33;72.46667;72;Other;Entry Luxury;Y;;69;61 - 72;0.0;X;;;;PF_F;;0.0;44233.77174;XY10;44233.77174009673;11.96043417264403;0.0663710965789466;0.06842384449085899;0.04647098503556876;0.351477870570642;0;0;N;;0;No-Default;N;af9647540xy9647540a2z::SYS_XY1000;STFIN;2025-04-24 16:00:03.672142;2025-04-24 16:00:03.672142;INVALID
XY;50;XY1001;2024-10-31;a619efba9xy19efba952z;SYS;708;0;2023-04-08;2026-04-21;EUR;;2023-04-11;13538.32;N;41429.35;15000.0;0.0;0.0;420.7;0.0;0.0;1765.62;;0.0;;1.0;F;;R;2.99;Act/Act;;;;769.31;36.0;0.0;EUR;0.0;Current;0.00108;0.39;0;;;;;;;;;;;;;;;;;;;;;STFIN;N;;24;PC;MB;U;1;;;;;a4e61bf86xye61bf8670z;VIN;RP;NON;a9c385ddfxyc385ddfdaz;a9c385ddfxyc385ddfdaz;XY;;;;;0.0;;;aa417e59fxy417e59f21z;;;;;N;N;Loan retail;;;;Other;;;;;;;493663;xx;xx;xx;xx;xx;xx;xx;TM1;RDR;XYORGF;XYORGF;2023-04-30;2026-04-21;Active;26429.35;1344.9199999999998;0.0;;25084.43;F;2023-04-08;X;0.0;13538.32;19;49;36.43333;36;Other;;Y;;18;25 - 36;0.0;X;;;;PF_F;;0.36206;13172.71797;XY10;13172.717969098358;11.90641637171136;0.06386727912368795;0.06576428382552935;0.033966782526850724;0.6612497404527975;0;0;N;;0;No-Default;N;a9c385ddfxyc385ddfdaz::SYS_XY1000;STFIN;2025-04-24 16:00:03.672142;2025-04-24 16:00:03.672142;INVALID
XY;50;XY1001;2024-10-31;ad38ed60cxy38ed60c8fz;SYS;708;0;2022-01-10;2026-01-10;EUR;;2022-01-24;47716.18;N;72214.21;960.28;36592.4;1717.2;2782.39;795.0;0.0;0.0;;0.0;;1.0;F;;R;5.16;30/360;;;;1011.72;48.0;0.0;EUR;0.0;Current;0.0026;0.34893;0;;;;;;;;;;;;;;;;;;;;;OPLEA;B;;L7F;PC;MB;N;1;;;;68120.0;a0b550252xyb5502522fz;VIN;RP;NON;ab4b77b9fxy4b77b9fabz;ab4b77b9fxy4b77b9fabz;XY;;;;;0.0;;;a8645fda9xy645fda96az;;;;;N;N;Operating lease;;;;Other;;;;;;;519694;Benzin;AMG GLC 43 4M;GLC;X253;Mercedes-AMG GLC 43 4MATIC;253964;F;TM1;RDR;XYORGF;XYORGF;2022-01-31;2026-01-10;Active;72971.13;-1987.3899999999999;0.0;;73946.8;F;2022-01-10;X;0.0;47716.18;34;34;97.26667;48;AMG;tev & tev +;Y;;14;37 - 48;0.0;X;;;;PF_F;;0.0133;48330.61525;XY10;48330.61525404149;12.0;0.04572682887081851;0.04669745555170974;-0.009835696098071035;0.36203206150825507;0;0;N;;0;No-Default;N;ab4b77b9fxy4b77b9fabz::SYS_XY1000;OPLEA;2025-04-24 16:00:03.672142;2025-04-24 16:00:03.672142;INVALID
XY;50;XY1001;2025-04-30;ac81e8349xy81e834989z;SYS;2287;0;2022-08-29;2027-08-29;EUR;;2022-08-29;53448.1;N;132320.0;51169.2;0.0;20219.7;4188.92;490.0;0.0;0.0;;0.0;;;F;;;8.25;30/360;;;;;;0.0;EUR;0.0;Current;;;0;;;0.0;;;;;;;;;;;;;;;;;;STFIN;N;;SAA192;PC;MB;N;1;;;2022-06-05;115781.0;a2f1b9abcxyf1b9abcd0z;VIN;RSB;NON;a9f88a031xyf88a031f5z;a9f88a031xyf88a031f5z;XY;;5.0;;;458.0;SME2021;;a8c715cedxyc715ceddbz;;004S0066S0115S0121S0170;;;N;N;Loan retail;N;;;;;;;;;;cb70e3;Diesel;GLE 300 d 4M L;GLE;V167;GLE 300 d 4MATIC lang;167119;F;TM1;RDR;XYORGF;XYORGF;2022-08-31;2027-08-29;Active;101370.5;-3698.92;458.0;600.0;105069.42;F;2022-08-29;S;0.0;53448.1;32;32;60.00000;60;Other;Core Luxury;Y;600.0;28;49 - 60;458.0;S;5;;;PF_F;5;0.38671;53431.37053;XY10;53431.3705334625;12.00222469410456;0.06738018108578478;0.06950044234901522;-0.015110102303599993;0.42156216039655886;0;0;N;;0;No-Default;N;a9f88a031xyf88a031f5z::SYS_XY1000;STFIN;2025-05-15 07:35:41.759406;2025-05-15 07:35:41.759406;INVALID
XY;50;XY1001;2024-10-31;a7da32eeaxyda32eeaadz;SYS;3250;0;2021-12-14;2026-12-13;EUR;;2021-12-14;1542677.53;N;4268307.0;968307.0;0.0;0.0;0.0;12712.0;27966.0;119256.0;;0.0;0.0;;F;;;0.0;30/360;;;;;;0.0;EUR;0.0;Current;0.0;0.0;0;;;;;;;;;;;;;;;;;;;;;STFIN;N;;;PC;MB;N;1;;;;0.0;a83391b4dxy3391b4d04z;VIN;RSB;NON;a38a89b5exy8a89b5eeez;a38a89b5exy8a89b5eeez;XY;NDA;;;;532.0;PCRET;3.0;af96b7be8xy96b7be8b8z;;14294-PC Straight Demo Campaign Oct-2021;;;N;N;Loan retail;N;;;Other;RE;;IND-FS;;;;2b75da;Benzin;C 200;C-Klasse;W205;C 200;205080;F;TM1;RDR;XYORGF;XYORGF;2021-12-31;2026-12-13;Active;3300000.0;104002.0;532.0;600.0;3195998.0;F;2021-12-14;S;0.0;1542677.53;35;35;59.96666;60;Other;Core Luxury;Y;600.0;25;49 - 60;532.0;S;5;;;PF_F;5;0.22686;1541055.77814;XY10;1541055.7781369798;12.006896551724138;0.07956770580806127;0.08253484461884722;0.013491198117418182;0.4269908704758338;0;0;N;;0;No-Default;N;a38a89b5exy8a89b5eeez::SYS_XY1000;STFIN;2025-05-19 13:38:40.386169;2025-05-19 13:38:40.386169;INVALID
XY;50;XY1001;2024-10-31;ad0977a7bxy0977a7bc9z;SYS;708;0;2023-03-21;2027-04-05;EUR;;2023-03-23;16617.48;N;46895.85;25000.0;0.0;0.0;794.7;0.0;0.0;0.0;;0.0;;1.0;F;;R;12.99;Act/Act;;;;590.48;48.0;1240.0;EUR;56.0;31-60 dpd;0.03913;0.338;0;;;;;;;;;;;;;;;;;;;;;STFIN;N;;;VA;MB;N;1;;;;42145.0;a6afb3d27xyafb3d27b1z;VIN;RSB;NON;a942ae693xy42ae693d4z;a58ea2a69xy8ea2a69a2z;XY;;;;;3.0;;;aceef719bxyeef719b3ez;;;;;N;N;Loan retail;;;;Other;;;;;;;d1c028;Benzin;Vito 121 KA/L Nafta;T0/NCV2/VS20;Vito (VS20);Vito 121 Kastenwagen Lang VS20 Nafta Projekt;447603;F;TM1;RDR;XYORGF;XYORGF;2023-03-31;2027-04-05;Active;21895.85;-794.7;3.0;;22690.55;F;2023-03-21;X;1240.0;17857.48;19;19;48.46667;48;Other;Vans;Y;;29;37 - 48;3.0;X;;;;PF_F;;0.5331;16646.49077;XY10;15406.490767816382;11.92448914343811;0.11118963947742024;0.11701642092663046;-0.018710559967312343;0.5247644433598653;56;56;N;;0;No-Default;N;a942ae693xy42ae693d4z::SYS_XY1000;STFIN;2025-04-24 16:00:03.672142;2025-04-24 16:00:03.672142;INVALID
XY;50;XY1001;2024-10-31;aad9842e3xyd9842e3e5z;SYS;3279;0;2022-08-27;2026-05-27;EUR;;2022-08-29;60152.74;N;90456.13;19896.27;38878.4;0.0;75.0;0.0;0.0;909.93;0.0;0.0;0.0;1.0;F;1;A;0.06;30/360;0.0;2022-08-27;2026-05-27;0.0;0.0;0.0;EUR;0.0;Current;0.00366;0.22;0;N;;0.0;;;;;;;;;;;;;;;;;;OPLEA;B;3105;ABS;PC;MB;N;1;;;;82720.0;aad475eddxyd475edd6az;VIN;RP;NON;abb3e7b63xyb3e7b632az;abb3e7b63xyb3e7b632az;XY;;0.0;;;339.0;ACE;;abc830411xyc8304113dz;910;794;;;N;N;Operating lease;N;0.0;;Other;;;;;;;90a22c;Benzin;GLE 350 4M L;GLE;V167;GLE 350 4MATIC lang;167149;F;TM1;RDR;XYORGF;XYORGF;2022-08-31;2026-05-27;Active;70559.86;834.93;339.0;;68731.88;F;2022-08-27;X;0.0;60152.74;26;26;78.86666;45;Other;Core Luxury;Y;;19;37 - 48;339.0;X;;;;PF_F;;0.21995;51870.74684;XY10;51870.746841894615;12.0;0.06796704336433189;0.07012481064458372;0.004566584417269856;0.3811717737249462;0;0;N;;0;No-Default;N;abb3e7b63xyb3e7b632az::SYS_XY1000;OPLEA;2025-04-23 12:59:37.304075;2025-04-23 12:59:37.304075;INVALID
XY;50;XY1001;2024-10-31;a0b1ce2a3xyb1ce2a369z;SYS;708;0;2022-02-22;2028-03-09;EUR;;2022-03-03;40309.48;N;61440.91;0.0;0.0;5610.0;2850.98;0.0;0.0;0.0;;0.0;;1.0;F;;R;3.99;Act/Act;;;;1050.43;73.0;0.0;EUR;0.0;Current;0.00114;0.414;0;;;;;;;;;;;;;;;;;;;;;STFIN;N;;23;PC;MB;U;1;;;;;a305bba68xy05bba686cz;VIN;RSB;NON;ab4e7ce3dxy4e7ce3d6cz;ab4e7ce3dxy4e7ce3d6cz;XY;;;;;0.0;;;a3702c5e9xy702c5e9c9z;;;;;N;N;Loan retail;;;;Other;;;;;;;131139;xx;xx;xx;xx;xx;xx;xx;TM1;RDR;XYORGF;XYORGF;2022-03-31;2028-03-09;Active;67050.91;-2850.98;0.0;;69901.89;F;2022-02-22;X;0.0;40309.48;32;62;72.56666;73;Other;;Y;;40;73 - 84;0.0;X;;;;PF_F;;0.0;41183.05384;XY10;41183.05384453887;11.950856431913424;0.02592341627051239;0.02623300976626013;-0.013976579584283177;0.33540505287409095;0;0;N;;0;No-Default;N;ab4e7ce3dxy4e7ce3d6cz::SYS_XY1000;STFIN;2025-04-24 16:00:03.672142;2025-04-24 16:00:03.672142;INVALID
XY;50;XY1001;2024-10-31;a812a3d8bxy12a3d8bfbz;SYS;8205;0;2019-11-05;2025-02-04;EUR;;2019-12-19;8870.57;Y;65602.0;8694.0;7500.0;0.0;0.0;0.0;711.35;0.0;;0.0;;1.0;F;;A;0.07;30/360;;;;;;0.0;EUR;0.0;Current;0.0;;0;;2021-01-07;1.0;;;;;;Internal;;;;;;;;;;;;BFLEA;N;;;VA;MB;U;1;;;2018-10-16;65173.15;a44c4a771xy4c4a77193z;VIN;RSB;NON;ab97e71a7xy97e71a776z;ab97e71a7xy97e71a776z;XY;;0.0;;;501.0;RSB;4.0;a4000478exy000478e93z;;Q3 2019 - Van 5,99 % Used;;;N;N;Finance lease;N;;;;;;;;;;239bd6;Diesel;Vito 119 KBV/E;T0/NCV2/VS20;Vito (VS20);Vito Worker 119 CDI Kombi Extralang;447705;F;TM1;RDR;XYORGF;XYORGF;2019-12-31;2025-02-04;Active;56908.0;-711.35;501.0;500.0;56925.71;F;2019-11-05;S;0.0;8870.57;60;72;71.13334;63;Other;Vans;Y;500.0;3;61 - 72;501.0;S;6;;;PF_F;6;0.13253;9520.09133;XY10;9520.09133146321;11.844301578024547;0.05428603492242934;0.05560362806150739;-0.005681755264863739;0.4536776025140979;0;0;N;;0;No-Default;N;ab97e71a7xy97e71a776z::SYS_XY1000;BFLEA;2025-05-12 12:35:38.800057;2025-05-12 12:35:38.800057;INVALID
XY;50;XY1001;2025-04-30;a34acd6c3xy4acd6c380z;SYS;2287;0;2024-11-18;2026-11-18;EUR;;2024-11-19;18603.2;N;24576.5;4575.99;6719.0;2396.77;0.0;0.0;0.0;0.0;;0.0;;;F;;;6.2;30/360;;;;;;0.0;EUR;0.0;Current;;;0;;;0.0;;;;;;;;;;;;;;;;;;BAFIN;U;;;PC;OO;N;1;;;2024-09-01;26973.2;aec9ec92fxyc9ec92f9ez;VIN;CF;NON;ade47676bxye47676b02z;ade47676bxye47676b02z;XY;;4.44;;;;;;a028dea43xy28dea4379z;;4;;;N;N;Loan retail;N;;;;;;;;;;952f6b;xx;xx;xx;xx;xx;xx;xx;TM1;RDR;XYORGF;XYORGF;2024-11-30;2026-11-18;Active;22397.28;0.0;4.44;4.44;21670.039999999997;F;2024-11-18;R;0.0;18603.2;5;5;33.03334;24;Other;;Y;4.44;19;13 - 24;4.44;R;4;;;PF_F;4;0.18619;18561.68008;XY10;18561.680079666185;12.0;0.06199822807003588;0.06379065637692795;0.0;0.8029491806136518;0;0;N;;0;No-Default;N;ade47676bxye47676b02z::SYS_XY1000;BAFIN;2025-05-15 07:35:41.759406;2025-05-15 07:35:41.759406;INVALID
XY;50;XY1001;2025-04-30;a00b73421xy0b73421afz;SYS;2287;0;2022-06-17;2026-06-17;EUR;;2022-06-17;44233.9;N;89022.3;33301.3;36390.9;7131.2;1407.04;490.0;0.0;0.0;;0.0;;;F;;;5.29;30/360;;;;;;0.0;EUR;0.0;Current;;;0;;;0.0;;;;;;;;;;;;;;;;;;OPFIN;B;;SAA241;PC;MB;N;1;;;2021-09-08;78900.0;a7655281bxy655281b86z;VIN;RP;NON;a10ddab4cxy0ddab4c9bz;a10ddab4cxy0ddab4c9bz;XY;;1.0;;;897.0;PI2013;;aa79470c5xy79470c5f6z;;004S0057S0122S0167V0001;;;N;N;Loan retail;N;;;;;;;;;;21b579;Benzin;C 200;C-Klasse;W206;C 200;206042;F;TM1;RDR;XYORGF;XYORGF;2022-06-30;2026-06-17;Active;62852.2;-917.04;897.0;1000.0;62999.34;F;2022-06-17;S;0.0;44233.9;34;34;81.20000;48;Other;Core Luxury;Y;1000.0;14;37 - 48;897.0;S;1;;;PF_F;1;0.37408;44153.45583;XY10;44153.45582684981;12.0;0.04785485272029079;0.048918554555731804;-0.005045975599307216;0.3456692376548699;0;0;N;;0;No-Default;N;a10ddab4cxy0ddab4c9bz::SYS_XY1000;OPFIN;2025-05-15 07:35:41.759406;2025-05-15 07:35:41.759406;INVALID
XY;50;XY1001;2024-10-31;a0286baa4xy286baa423z;SYS;708;0;2022-10-08;2026-10-08;EUR;;2022-10-11;38686.45;N;54833.5;4143.02;23257.6;300.0;2901.55;795.0;0.0;0.0;;0.0;;1.0;F;;R;8.35;30/360;;;;856.98;48.0;0.0;EUR;0.0;Current;0.0026;0.34893;0;;;;;;;;;;;;;;;;;;;;;OPLEA;B;;24A;PC;MB;N;1;;;;48800.0;a8b67fbdaxyb67fbdaadz;VIN;RP;NON;a63c02db5xy3c02db53cz;a63c02db5xy3c02db53cz;XY;;;;;0.0;;;a0cc1852dxycc1852db2z;;;;;N;N;Operating lease;;;;Other;;;;;;;88c7c8;Benzin;GLC 300;GLC;X253;GLC 300;253983;F;TM1;RDR;XYORGF;XYORGF;2022-10-31;2026-10-08;Active;50990.48;-2106.55;0.0;;52240.05;F;2022-10-08;X;0.0;38686.45;25;25;83.33333;48;Other;Core Luxury;Y;;23;37 - 48;0.0;X;;;;PF_F;;0.07556;38413.35111;XY10;38413.35110846817;12.0;0.07361622442686154;0.07615159302814785;-0.016019830878733085;0.3893145161841527;0;0;N;;0;No-Default;N;a63c02db5xy3c02db53cz::SYS_XY1000;OPLEA;2025-04-24 16:00:03.672142;2025-04-24 16:00:03.672142;INVALID
XY;50;XY1001;2024-10-31;ac338e0adxy338e0adf5z;SYS;708;0;2022-08-08;2025-08-08;EUR;;2022-08-11;41451.64;N;62554.0;7629.78;34068.6;300.0;300.0;795.0;0.0;0.0;;0.0;;1.0;F;;R;5.55;30/360;;;;816.94;36.0;0.0;EUR;0.0;Current;0.0026;0.30308;0;;;;;;;;;;;;;;;;;;;;;OPLEA;B;;23A;PC;MB;N;1;;;;61810.0;ab7fb50f7xy7fb50f737z;VIN;RSB;NON;a1f0e1ba5xyf0e1ba502z;a1f0e1ba5xyf0e1ba502z;XY;;;;;0.0;;;a3dad366fxydad366ff9z;;;;;N;N;Operating lease;;;;Other;;;;;;;4c479d;Benzin;E 300;E-Klasse;W213;E 300;213083;F;TM1;RDR;XYORGF;XYORGF;2022-08-31;2025-08-08;Active;55224.22;495.0;0.0;;53912.28;F;2022-08-08;X;0.0;41451.64;27;27;79.06667;36;Other;Core Luxury;Y;;9;25 - 36;0.0;X;;;;PF_F;;0.12197;39405.46014;XY10;39405.46013603594;12.0;0.06596973619408719;0.0680014139538634;0.00406998794402566;0.4485018278660949;0;0;N;;0;No-Default;N;a1f0e1ba5xyf0e1ba502z::SYS_XY1000;OPLEA;2025-04-24 16:00:03.672142;2025-04-24 16:00:03.672142;INVALID
XY;50;XY1001;2024-10-31;ab8551b35xy8551b35aaz;SYS;709;0;2024-09-30;2029-09-30;EUR;;2024-10-08;71503.49;N;89813.21;8848.94;27937.26;0.0;1619.29;0.0;0.0;7748.56;0.0;0.0;0.0;1.0;F;1;A;0.02;30/360;0.0;2024-09-30;2029-09-30;0.0;0.0;0.0;EUR;0.0;Current;0.01;0.21;0;N;;0.0;;;;;;;;;;;;;;;;;;FILEA;U;3105;;VA;MB;N;1;;;;71634.0;a9615a1e3xy615a1e3ecz;VIN;RP;NON;a47a397f8xy7a397f801z;a47a397f8xy7a397f801z;XY;;0.0;;;255.0;ACE;;ac84d2f7dxy84d2f7de9z;910;880;;;N;N;Finance lease;N;0.0;;Other;;;;;;;6bdd3b;Diesel;416 KA 4X2 3665;Sprinter/NCV3/VS30;VS30 VAN DUS MB;VS30 RWD - KaWa;907643;F;TM1;RDR;XYORGF;XYORGF;2024-10-31;2029-09-30;Acquisition;80964.27;6129.27;255.0;;73815.34;F;2024-09-30;X;0.0;71503.49;1;1;87.06667;60;Other;Vans;Y;;59;49 - 60;255.0;X;;;;PF_F;;0.09853;73815.34;XY10;73815.34;12.001785714285715;0.05504097102036291;0.056450758933187344;0.025177087061920435;0.32161268656427655;0;0;N;;0;No-Default;N;a47a397f8xy7a397f801z::SYS_XY1000;BFLEA;2025-04-23 12:59:37.304075;2025-04-23 12:59:37.304075;INVALID
XY;50;XY1001;2025-04-30;a80d1626exy0d1626e0bz;SYS;2287;0;2021-09-29;2026-09-29;EUR;;2021-09-29;50200.4;N;85139.7;5300.0;33275.9;5840.31;3527.37;490.0;0.0;0.0;;0.0;;;F;;;5.29;30/360;;;;;;0.0;EUR;0.0;Current;;;0;;;0.0;;;;;;;;;;;;;;;;;;OPFIN;B;;;PC;MB;N;1;;;2021-06-28;74976.0;aa4c003a6xy4c003a6cbz;VIN;RSB;NON;aaaa5009exyaa5009e2ez;aaaa5009exyaa5009e2ez;XY;;6.0;;;340.0;SME2021;;aeadadc8exyadadc8e78z;;004S0066S0115S0121V0001;;;N;N;Loan retail;N;;;;;;;;;;984ade;Benzin;GLC 200;GLC;X253;GLC 200;253980;F;TM1;RDR;XYORGF;XYORGF;2021-09-30;2026-09-29;Active;85680.01;-3037.37;340.0;500.0;88717.37999999999;F;2021-09-29;S;0.0;50200.4;43;43;98.46667;60;Other;Core Luxury;Y;500.0;17;49 - 60;340.0;S;6;;;PF_F;6;0.06225;50181.73222;XY10;50181.73221583326;12.00222469410456;0.04201373437525222;0.042832261599517814;-0.010883762992181696;0.31283537271084916;0;0;N;;0;No-Default;N;aaaa5009exyaa5009e2ez::SYS_XY1000;OPFIN;2025-05-15 07:35:41.759406;2025-05-15 07:35:41.759406;INVALID
XY;50;XY1001;2024-10-31;a5a788ff2xya788ff266z;SYS;708;0;2022-02-25;2028-03-11;EUR;;2022-03-07;149002.18;N;277315.1;30000.0;0.0;0.0;2673.15;0.0;0.0;0.0;;0.0;;1.0;F;;R;4.19;Act/Act;;;;3897.52;72.0;0.0;EUR;0.0;Current;0.00661;0.414;0;;;;;;;;;;;;;;;;;;;;;STFIN;N;;2D;PC;MB;U;1;;;;;a71885a4exy1885a4e8bz;VIN;RSB;NON;aca02be72xya02be724ez;aca02be72xya02be724ez;XY;;;;;1.0;;;a965940a1xy65940a1daz;;;;;N;N;Loan retail;;;;Other;;;;;;;6a2e63;xx;xx;xx;xx;xx;xx;xx;TM1;RDR;XYORGF;XYORGF;2022-03-31;2028-03-11;Active;247315.1;-2673.15;1.0;;249988.25;F;2022-02-25;X;0.0;149002.18;32;62;72.53333;73;Other;;Y;;40;73 - 84;1.0;X;;;;PF_F;;0.10818;149570.19133;XY10;149570.19132939354;11.953334259748004;0.038259402458742785;0.038936159107382816;-0.0036405681152407096;0.34029638780171745;0;0;N;;0;No-Default;N;aca02be72xya02be724ez::SYS_XY1000;STFIN;2025-04-24 16:00:03.672142;2025-04-24 16:00:03.672142;INVALID
XY;50;XY1001;2024-10-31;ac8e9d4a1xy8e9d4a1ffz;SYS;708;0;2021-09-23;2027-09-23;EUR;;2021-09-24;16817.84;N;63214.0;30064.0;0.0;0.0;531.5;0.0;0.0;0.0;;0.0;;1.0;F;;R;2.79;Act/Act;;;;500.56;72.0;0.0;EUR;0.0;Current;0.00115;0.416;0;;;;;;;;;;;;;;;;;;;;;STFIN;N;;2D;PC;MB;U;1;;;;;a91693f4exy1693f4ef8z;VIN;RP;NON;a6e479c4axye479c4aa7z;a6e479c4axye479c4aa7z;XY;;;;;0.0;;;a8a170027xya170027a9z;;;;;N;N;Loan retail;;;;Other;;;;;;;524d4e;Benzin;GLE 350 4M L;GLE;V167;GLE 350 4MATIC lang;167149;F;TM1;RDR;XYORGF;XYORGF;2021-09-30;2027-09-23;Active;33150.0;-531.5;0.0;;33681.5;F;2021-09-23;X;0.0;16817.84;37;67;72.00000;72;Other;Core Luxury;Y;;35;61 - 72;0.0;X;;;;PF_F;;0.47559;16940.40224;XY10;16940.40223774152;12.009368001446541;0.022524195222257126;0.02275817896927379;-0.005375916375053157;0.33931439537525193;0;0;N;;0;No-Default;N;a6e479c4axye479c4aa7z::SYS_XY1000;STFIN;2025-04-24 16:00:03.672142;2025-04-24 16:00:03.672142;INVALID
XY;50;XY1001;2024-10-31;a570049bexy70049be82z;SYS;3279;0;2022-05-24;2026-02-24;EUR;;2022-05-27;61279.88;N;99315.91;0.0;41373.0;0.0;75.0;0.0;0.0;1201.32;0.0;0.0;0.0;1.0;F;1;A;0.04;30/360;0.0;2022-05-24;2026-02-24;0.0;0.0;0.0;EUR;0.0;Current;0.00366;0.22;0;N;;0.0;;;;;;;;;;;;;;;;;;OPLEA;B;3105;ABS;PC;MB;N;1;;;;91940.0;ac52a3a1exy52a3a1ea1z;VIN;RSB;NON;ad944fb64xy944fb64c7z;ad944fb64xy944fb64c7z;XY;;0.0;;;299.0;ACE;;a6cb72d64xycb72d64abz;910;188;;;N;N;Operating lease;N;0.0;;Other;;;;;;;d7ca62;Benzin;AMG GLC 43 4M;GLC;X253;Mercedes-AMG GLC 43 4MATIC;253964;F;TM1;RDR;XYORGF;XYORGF;2022-05-31;2026-02-24;Active;99315.91;1126.32;299.0;;96615.51;F;2022-05-24;X;0.0;61279.88;29;29;77.16667;45;AMG;tev & tev +;Y;;16;37 - 48;299.0;X;;;;PF_F;;0.0;61316.48414;XY10;61316.48413872274;12.0;0.053561658348562434;0.054896309638922586;0.004661671293355131;0.4054861535497049;0;0;N;;0;No-Default;N;ad944fb64xy944fb64c7z::SYS_XY1000;OPLEA;2025-04-23 12:59:37.304075;2025-04-23 12:59:37.304075;INVALID
XY;50;XY1001;2024-10-31;a0029374dxy029374db1z;SYS;708;0;2022-12-22;2029-01-06;EUR;;2022-12-27;21553.44;N;39263.25;10000.0;0.0;0.0;492.63;0.0;0.0;0.0;;0.0;;1.0;F;;R;6.69;Act/Act;;;;495.94;72.0;0.0;EUR;0.0;Current;0.00114;0.414;0;;;;;;;;;;;;;;;;;;;;;STFIN;N;;2D;PC;MB;U;1;;;;;a947a8e01xy47a8e01aez;VIN;RP;NON;ad98afec6xy98afec601z;ad98afec6xy98afec601z;XY;;;;;0.0;;;a8be77863xybe77863d7z;;;;;N;N;Loan retail;;;;Other;;;;;;;318f99;Benzin;ML 350 4M;GLE;W166;ML 350 4MATIC;166057;F;TM1;RDR;XYORGF;XYORGF;2022-12-31;2029-01-06;Active;29263.25;-492.63;0.0;;29755.88;F;2022-12-22;X;0.0;21553.44;22;52;72.46667;72;Other;Core Luxury;Y;;50;61 - 72;0.0;X;;;;PF_F;;0.25469;22221.45306;XY10;22221.45306481883;11.955266375169066;0.061091176743580465;0.06282752445902157;-0.005809311497096202;0.3492845345970892;0;0;N;;0;No-Default;N;ad98afec6xy98afec601z::SYS_XY1000;STFIN;2025-04-24 16:00:03.672142;2025-04-24 16:00:03.672142;INVALID
XY;50;XY1001;2024-10-31;ab4b489b2xy4b489b296z;SYS;708;0;2023-09-23;2029-10-07;EUR;;2023-10-05;30749.98;N;35241.59;0.0;0.0;0.0;1138.3;0.0;0.0;0.0;;0.0;;1.0;F;;R;8.09;Act/Act;;;;621.4;72.0;0.0;EUR;0.0;Current;0.00108;0.39;0;;;;;;;;;;;;;;;;;;;;;STFIN;N;;;PC;MB;U;1;;;;;a14cc7138xy4cc7138a1z;VIN;RP;NON;a71b22d0fxy1b22d0f48z;a71b22d0fxy1b22d0f48z;XY;;;;;0.0;;;adbe7190fxybe7190f8cz;;;;;N;N;Loan retail;;;;Other;;;;;;;484270;xx;xx;xx;xx;xx;xx;xx;TM1;RDR;XYORGF;XYORGF;2023-10-31;2029-10-07;Active;35241.59;-1138.3;0.0;;36379.89;F;2023-09-23;X;0.0;30749.98;13;43;72.46667;72;Other;;Y;;59;61 - 72;0.0;X;;;;PF_F;;0.0;31403.83378;XY10;31403.833781126476;11.957715290308032;0.06969712488682549;0.07196277683142335;-0.01120297528470296;0.3526748761521259;0;0;N;;0;No-Default;N;a71b22d0fxy1b22d0f48z::SYS_XY1000;STFIN;2025-04-24 16:00:03.672142;2025-04-24 16:00:03.672142;INVALID
XY;50;XY1001;2024-10-31;a22536057xy2536057e1z;SYS;8205;0;2024-06-27;2025-06-26;EUR;;2024-07-09;53992.07;N;58857.62;0.0;44731.79;0.0;0.0;0.0;0.0;0.0;;0.0;;1.0;F;;A;0.06;30/360;;;;;;0.0;EUR;0.0;Current;0.0;;0;;;0.0;;;;;;Internal;;;;;;;;;;;;OPLEA;N;;;PC;MB;D;1;;;2024-06-27;58857.62;ac979f3cfxy979f3cf1cz;VIN;CD;NON;a4000478exy000478e93z;ab3ac9d7fxy3ac9d7ff7z;XY;;4.4;Dealer;;0.0;;;a23faf172xy3faf172f5z;;No Campaign;;;N;N;Operating lease;N;;;;;;;;;;825a0a;Benzin;C 180;C-Klasse;W206;C 180;206041;F;TM1;RDR;XYORGF;XYORGF;2024-07-31;2025-06-26;Active;58857.62;0.0;4.4;4.4;58664.090000000004;F;2024-06-27;R;0.0;53992.07;4;4;49.80000;12;Other;Core Luxury;N;4.4;8;0 - 12;4.4;R;4;;;PF_F;4;0.0;53807.97694;XY10;53807.97694163595;18.184615384615388;0.06446618729661031;0.0664093930996104;0.0;1.1984373543063573;0;0;N;;0;No-Default;N;a4000478exy000478e93z::SYS_XY1000;OPLEA;2025-05-12 12:35:38.800057;2025-05-12 12:35:38.800057;INVALID
XY;50;XY1001;2024-10-31;ad2c9b71bxy2c9b71b29z;SYS;708;0;2023-11-13;2029-11-28;EUR;;2023-11-15;48376.88;N;58662.06;4000.0;0.0;0.0;3174.0;0.0;0.0;0.0;;0.0;;1.0;F;;R;9.79;Act/Act;;;;1010.93;72.0;0.0;EUR;0.0;Current;0.00627;0.39;0;;;;;;;;;;;;;;;;;;;;;STFIN;N;;;PC;MB;U;1;;;;;aed642f97xyd642f9727z;VIN;RP;NON;ad0bb9eeaxy0bb9eea5ez;ad0bb9eeaxy0bb9eea5ez;XY;;;;;1.0;;;a0e2421fdxye2421fd8bz;;;;;N;N;Loan retail;;;;Other;;;;;;;7adb1b;xx;xx;xx;xx;xx;xx;xx;TM1;RDR;XYORGF;XYORGF;2023-11-30;2029-11-28;Active;54662.06;-3174.0;1.0;;57836.06;F;2023-11-13;X;0.0;48376.88;12;42;72.50000;73;Other;;Y;;61;73 - 84;1.0;X;;;;PF_F;;0.06819;50797.57723;XY10;50797.57723308616;11.952264703358717;0.07773223544058984;0.08055656299229097;-0.020167682843356516;0.3557819632547726;0;0;N;;0;No-Default;N;ad0bb9eeaxy0bb9eea5ez::SYS_XY1000;STFIN;2025-04-24 16:00:03.672142;2025-04-24 16:00:03.672142;INVALID
XY;50;XY1001;2024-10-31;ac1ce4e05xy1ce4e0560z;SYS;708;0;2021-10-11;2025-10-11;EUR;;2021-10-22;33029.63;N;57766.0;193.41;24318.8;3446.0;1526.35;795.0;0.0;3232.94;;0.0;;1.0;F;;R;3.32;30/360;;;;900.0;48.0;0.0;EUR;0.0;Current;0.03083;0.34692;0;;;;;;;;;;;;;;;;;;;;;OPLEA;B;;24B;PC;MB;N;1;;;;53990.0;aa8e79c47xy8e79c4766z;VIN;RP;NON;a1a572c33xya572c3381z;a1a572c33xya572c3381z;XY;;;;;2.0;;;adde76c70xyde76c7000z;;;;;N;N;Operating lease;;;;Other;;;;;;;11268a;Benzin;AMG A 35 4M Lim;A-Klasse;V177;Mercedes-AMG A 35 4MATIC Limousine;177151;F;TM1;RDR;XYORGF;XYORGF;2021-10-31;2025-10-11;Active;61018.59;2501.59;2.0;;57617.0;F;2021-10-11;X;0.0;33029.63;37;37;82.86667;48;AMG;tev & tev +;Y;;11;37 - 48;2.0;X;;;;PF_F;;0.00335;32682.79465;XY10;32682.794647252376;12.002232142857142;0.0541857907081101;0.055551815544890415;0.016091514524470177;0.3834102581744672;0;0;N;;0;No-Default;N;a1a572c33xya572c3381z::SYS_XY1000;OPLEA;2025-04-24 16:00:03.672142;2025-04-24 16:00:03.672142;INVALID
XY;50;XY1001;2024-10-31;afa193ebfxya193ebf3bz;SYS;708;0;2022-03-26;2028-04-10;EUR;;2022-04-11;22571.77;N;35051.25;0.0;0.0;699.0;1302.28;0.0;0.0;0.0;;0.0;;1.0;F;;R;4.99;Act/Act;;;;576.76;72.0;305.02;EUR;21.0;Current;0.00661;0.414;0;;;;;;;;;;;;;;;;;;;;;STFIN;N;;23;PC;MB;U;1;;;;;a84c5e2eexy4c5e2ee51z;VIN;RP;NON;a5facc7d4xyfacc7d4acz;a5facc7d4xyfacc7d4acz;XY;;;;;1.0;;;a4128d136xy128d136fdz;;;;;N;N;Loan retail;;;;Other;;;;;;;fbd206;Diesel;C 200 d T;C-Klasse;S206;C 200 d T-Modell;206203;F;TM1;RDR;XYORGF;XYORGF;2022-04-30;2028-04-10;Active;35750.25;-1302.28;1.0;;37052.53;F;2022-03-26;X;305.02;22876.79;31;61;72.46667;72;Other;Core Luxury;Y;;41;61 - 72;1.0;X;;;;PF_F;;0.0;22967.85299;XY10;22662.83298636771;11.948316858637115;0.037740826822338376;0.03839924341808546;-0.012159682105669214;0.33993353936053666;0;0;N;;0;No-Default;N;a5facc7d4xyfacc7d4acz::SYS_XY1000;STFIN;2025-04-24 16:00:03.672142;2025-04-24 16:00:03.672142;INVALID
XY;50;XY1001;2024-10-31;a957a3452xy57a34526fz;SYS;708;0;2019-11-12;2025-11-27;EUR;;2019-11-19;6677.04;N;63550.35;30000.0;0.0;0.0;435.5;0.0;0.0;204.69;;0.0;;1.0;F;;R;3.99;Act/Act;;;;525.62;72.0;0.0;EUR;0.0;Current;0.0019;0.339;0;;;;;;;;;;;;;;;;;;;;;STFIN;N;;;PC;MB;N;1;;;;59680.0;a9e913657xye9136578dz;VIN;RP;NON;a6f765864xyf76586468z;a6f765864xyf76586468z;XY;;;;;0.0;;;a0d95475dxyd95475d21z;;;;;N;N;Loan retail;;;;Other;;;;;;;06aa1b;Elektro;EQC 400 4M;GLC;N293;EQC 400 4MATIC;293890;T;TM1;RDR;XYORGF;XYORGF;2019-11-30;2025-11-27;Active;33550.35;-230.81;0.0;;33781.159999999996;F;2019-11-12;X;0.0;6677.04;60;60;72.50000;73;Other;Core Luxury;Y;;13;73 - 84;0.0;X;;;;PF_F;;0.47207;6682.33244;XY10;6682.332435153802;11.95226458090656;0.03758067553225811;0.03823354275267384;-0.0023197727186270445;0.3402627251833046;0;0;N;;0;No-Default;N;a6f765864xyf76586468z::SYS_XY1000;STFIN;2025-04-24 16:00:03.672142;2025-04-24 16:00:03.672142;INVALID
XY;50;XY1001;2024-10-31;a15c79fbaxy5c79fba47z;SYS;708;0;2024-05-10;2027-05-10;EUR;;2024-05-13;44738.61;N;47147.55;469.41;31933.1;0.0;300.0;0.0;0.0;2206.19;;0.0;;1.0;F;;R;4.85;30/360;;;;567.59;36.0;0.0;EUR;0.0;Current;0.01413;0.29561;0;;;;;;;;;;;;;;;;;;;;;OPLEA;B;;24B;PC;MB;N;1;;;;50245.0;a4f866854xyf866854e3z;VIN;RP;NON;aacb935a8xycb935a82az;aacb935a8xycb935a82az;XY;;;;;1.0;;;aecc58ae9xycc58ae96bz;;;;;N;N;Operating lease;;;;Other;;;;;;;512edd;Benzin;C 300;C-Klasse;W206;C 300;206046;F;TM1;RDR;XYORGF;XYORGF;2024-05-31;2027-05-10;Active;46678.14;1906.19;1.0;;44204.36;F;2024-05-10;X;0.0;44738.61;6;6;111.46667;36;Other;Core Luxury;Y;;30;25 - 36;1.0;X;;;;PF_F;;0.00996;42569.80576;XY10;42569.805758341965;12.0;0.06631171532603335;0.06836470788918426;0.017844897728374033;0.4269008618045758;0;0;N;;0;No-Default;N;aacb935a8xycb935a82az::SYS_XY1000;OPLEA;2025-04-24 16:00:03.672142;2025-04-24 16:00:03.672142;INVALID
XY;50;XY1001;2024-10-31;a0ba36924xyba36924a1z;SYS;708;0;2024-07-12;2028-01-12;EUR;;2024-07-15;69427.89;N;72680.0;0.0;35087.0;0.0;500.0;0.0;0.0;0.0;;0.0;;1.0;F;;R;6.84;30/360;;;;1202.21;42.0;0.0;EUR;0.0;Current;0.00305;0.29561;0;;;;;;;;;;;;;;;;;;;;;OPLEA;B;;;PC;MB;N;1;;;;65815.0;a97a4d16exy7a4d16e5bz;VIN;RP;NON;aa427d758xy427d75806z;aa427d758xy427d75806z;XY;;;;;0.0;;;a90029cc6xy0029cc648z;;;;;N;N;Operating lease;;;;Other;;;;;;;b830ce;Benzin;GLC 300 4M Cou;GLC;C254;GLC 300 4MATIC Coupé;254347;F;TM1;RDR;XYORGF;XYORGF;2024-07-31;2028-01-12;Active;72680.0;-500.0;0.0;;71977.79;F;2024-07-12;X;0.0;69427.89;4;4;81.23333;42;Other;Core Luxury;Y;;38;37 - 48;0.0;X;;;;PF_F;;0.0;69536.07372;XY10;69536.07372261064;12.0;0.06547508756210027;0.0674761353249173;-0.002935452521584253;0.42340534907982924;0;0;N;;0;No-Default;N;aa427d758xy427d75806z::SYS_XY1000;OPLEA;2025-04-24 16:00:03.672142;2025-04-24 16:00:03.672142;INVALID
XY;50;XY1001;2024-10-31;a11c7867dxy1c7867d78z;SYS;708;0;2024-01-25;2030-02-05;EUR;;2024-02-06;37847.16;N;71056.89;30000.0;0.0;0.0;2069.0;0.0;0.0;0.0;;0.0;;1.0;F;;R;8.99;Act/Act;;;;741.9;72.0;0.0;EUR;0.0;Current;0.00753;0.39;0;;;;;;;;;;;;;;;;;;;;;STFIN;N;;;PC;MB;U;1;;;;;a4f5f6096xyf5f6096baz;VIN;RP;NON;a32f86dc3xy2f86dc314z;a32f86dc3xy2f86dc314z;XY;;;;;1.0;;;a74f04c44xy4f04c445fz;;;;;N;N;Loan retail;;;;Other;;;;;;;9d98b6;Benzin;AMG GLA 35 4M;GLA;H247;Mercedes-AMG GLA 35 4MATIC SUC;247751;F;TM1;RDR;XYORGF;XYORGF;2024-02-29;2030-02-05;Active;41056.89;-2069.0;1.0;;43125.89;F;2024-01-25;X;0.0;37847.16;9;39;72.33334;72;AMG;tev & tev +;Y;;63;61 - 72;1.0;X;;;;PF_F;;0.4222;39278.16516;XY10;39278.16515810752;11.959867480467992;0.07238186368608657;0.07482907456785376;-0.017517807889762982;0.35530732607627347;0;0;N;;0;No-Default;N;a32f86dc3xy2f86dc314z::SYS_XY1000;STFIN;2025-04-24 16:00:03.672142;2025-04-24 16:00:03.672142;INVALID
XY;50;XY1001;2024-10-31;a2e467e3fxye467e3fe2z;SYS;708;0;2021-12-15;2025-12-30;EUR;;2022-01-01;13127.19;N;49296.1;6000.0;0.0;0.0;588.62;0.0;0.0;0.0;;0.0;;1.0;F;;R;2.69;Act/Act;;;;953.48;48.0;0.0;EUR;0.0;Current;0.00114;0.414;0;;;;;;;;;;;;;;;;;;;;;STFIN;N;;;PC;MB;U;1;;;;;ab746634dxy746634deez;VIN;RP;NON;aeb99aa87xyb99aa876bz;aeb99aa87xyb99aa876bz;XY;;;;;0.0;;;a1dd0242exydd0242efbz;;;;;N;N;Loan retail;;;;Other;;;;;;;7a1fbb;Benzin;GLB 250 4M;GLB;X247;GLB 250 4MATIC SUV;247647;F;TM1;RDR;XYORGF;XYORGF;2022-01-31;2025-12-30;Active;43296.1;-588.62;0.0;;43884.72;F;2021-12-15;X;0.0;13127.19;35;65;48.46667;49;Other;Entry Luxury;Y;;14;49 - 60;0.0;X;;;;PF_F;;0.12171;13179.0961;XY10;13179.096104560436;11.9248624539166;0.020300938748323373;0.020490364008248746;-0.006598949435303467;0.49083467806758857;0;0;N;;0;No-Default;N;aeb99aa87xyb99aa876bz::SYS_XY1000;STFIN;2025-04-24 16:00:03.672142;2025-04-24 16:00:03.672142;INVALID
XY;50;XY1001;2024-10-31;a0008c7e4xy008c7e4bdz;SYS;3279;0;2022-05-17;2026-02-17;EUR;;2022-05-20;58248.67;N;91880.13;12153.64;40984.0;0.0;150.0;0.0;0.0;1030.73;0.0;0.0;0.0;1.0;F;1;A;0.04;30/360;0.0;2022-05-17;2026-02-17;0.0;0.0;0.0;EUR;0.0;Current;0.00366;0.22;0;N;;0.0;;;;;;;;;;;;;;;;;;OPLEA;B;3105;ABS;PC;MB;N;1;;;;87200.0;afe43f131xye43f13123z;VIN;RP;NON;ac9fd7d8fxy9fd7d8f39z;ac9fd7d8fxy9fd7d8f39z;XY;;0.0;;;316.0;ACE;;a4c344f52xyc344f52abz;910;188;;;N;N;Operating lease;N;0.0;;Other;;;;;;;6bf019;Benzin;GLE 450 4M L;GLE;V167;GLE 450 4MATIC lang;167159;F;TM1;RDR;XYORGF;XYORGF;2022-05-31;2026-02-17;Active;79726.49;880.73;316.0;;77739.22000000002;F;2022-05-17;X;0.0;58248.67;29;29;81.26666;45;Other;Core Luxury;Y;;16;37 - 48;316.0;X;;;;PF_F;;0.13228;54209.8607;XY10;54209.86070107042;12.0;0.053161181113721895;0.05447580179543271;0.004261569999170621;0.381209507632517;0;0;N;;0;No-Default;N;ac9fd7d8fxy9fd7d8f39z::SYS_XY1000;OPLEA;2025-04-23 12:59:37.304075;2025-04-23 12:59:37.304075;INVALID
XY;50;XY1001;2024-10-31;ad2e7b18axy2e7b18accz;SYS;708;0;2024-10-13;2028-10-13;EUR;;2024-10-16;119149.42;N;120017.74;5269.17;50552.5;0.0;2877.88;0.0;0.0;0.0;;0.0;;1.0;F;;R;7.58;30/360;;;;1866.38;48.0;0.0;EUR;0.0;Current;0.00305;0.33446;0;;;;;;;;;;;;;;;;;;;;;OPLEA;B;;;PC;MB;N;1;;;;98285.0;a3838f2f7xy838f2f708z;VIN;RP;NON;a2a36d30cxya36d30c46z;a2a36d30cxya36d30c46z;XY;;;;;0.0;;;a5bb12c2fxybb12c2f77z;;;;;N;N;Operating lease;;;;Other;;;;;;;3ac89b;Benzin;AMG GLE 53 4M+ Cou;GLE;C167;Mercedes-AMG GLE 53 4MATIC+ Coupé;167361;F;TM1;RDR;XYORGF;XYORGF;2024-10-31;2028-10-13;Acquisition;114748.57;-2877.88;0.0;;115760.07;F;2024-10-13;X;0.0;119149.42;1;1;82.93333;48;AMG;tev & tev +;Y;;47;37 - 48;0.0;X;;;;PF_F;;0.0439;115760.07;XY10;115760.07;12.095238095238095;0.06611913621203726;0.06815719096488819;-0.009634865680910848;0.38379623167590776;0;0;N;;0;No-Default;N;a2a36d30cxya36d30c46z::SYS_XY1000;OPLEA;2025-04-24 16:00:03.672142;2025-04-24 16:00:03.672142;INVALID
XY;50;XY1001;2024-10-31;ae31b8b27xy31b8b27ecz;SYS;708;0;2023-06-29;2026-06-29;EUR;;2023-08-21;8225.17;N;15496.67;0.0;0.0;0.0;200.0;0.0;0.0;0.0;;0.0;;1.0;F;;R;7.44;Act/Act;;;;481.62;36.0;0.0;EUR;0.0;Current;0.00627;0.39;0;;;;;;;;;;;;;;;;;;;;;STFIN;N;;;PC;MB;U;1;;;;;a7b08d08dxyb08d08dafz;VIN;RP;NON;a498fe5a3xy98fe5a300z;a498fe5a3xy98fe5a300z;XY;;;;;1.0;;;a586ae5ffxy86ae5ff77z;;;;;N;N;Loan retail;;;;Other;;;;;;;5c69aa;xx;xx;xx;xx;xx;xx;xx;TM1;RDR;XYORGF;XYORGF;2023-08-31;2026-06-29;Active;15496.67;-200.0;1.0;;15696.67;F;2023-06-29;X;0.0;8225.17;16;46;36.00000;36;Other;;Y;;20;25 - 36;1.0;X;;;;PF_F;;0.0;9101.38746;XY10;9101.387457553803;12.005423425904487;0.06574598486219119;0.06776357740269237;-0.008654295105373883;0.677909307942659;0;0;N;;0;No-Default;N;a498fe5a3xy98fe5a300z::SYS_XY1000;STFIN;2025-04-24 16:00:03.672142;2025-04-24 16:00:03.672142;INVALID
XY;50;XY1001;2024-10-31;a71414de8xy1414de838z;SYS;708;0;2020-12-19;2024-12-19;EUR;;2020-12-21;24004.67;N;50073.17;864.72;22994.75;3220.57;3859.11;795.0;0.0;1322.89;;0.0;;1.0;F;;R;4.92;30/360;;;;786.03;48.0;0.0;EUR;0.0;Current;0.00359;0.3256;0;;;;;;;;;;;;;;;;;;;;;OPLEA;B;;L7F;PC;MB;N;1;;;;47645.0;a3c756b6axyc756b6a79z;VIN;RP;NON;a349125fdxy49125fdffz;a349125fdxy49125fdffz;XY;;;;;0.0;;;acb3210efxyb3210ef37z;;;;;N;N;Operating lease;;;;Other;;;;;;;b13d17;Benzin;C 300;C-Klasse;W205;C 300;205083;F;TM1;RDR;XYORGF;XYORGF;2020-12-31;2024-12-19;Active;52429.02;-1741.2200000000003;0.0;;53384.21;F;2020-12-19;X;0.0;24004.67;46;46;88.76666;48;Other;Core Luxury;Y;;2;37 - 48;0.0;X;;;;PF_F;;0.01727;23616.02568;XY10;23616.02568141206;12.0;0.04249015727067093;0.04332748331337935;-0.012416694052438643;0.3751079262924145;0;0;N;;0;No-Default;N;a349125fdxy49125fdffz::SYS_XY1000;OPLEA;2025-04-24 16:00:03.672142;2025-04-24 16:00:03.672142;INVALID
XY;50;XY1001;2024-10-31;a85a21522xy5a215225fz;SYS;708;0;2022-07-31;2025-07-31;EUR;;2022-08-02;31059.48;N;43523.2;1814.52;26925.4;0.0;300.0;0.0;0.0;0.0;;0.0;;1.0;F;;R;5.31;30/360;;;;561.64;36.0;0.0;EUR;0.0;Current;0.0026;0.30308;0;;;;;;;;;;;;;;;;;;;;;OPLEA;B;;L7F;PC;MB;N;1;;;;43290.0;ade6eae82xye6eae8218z;VIN;RP;NON;aca4cfca9xya4cfca922z;aca4cfca9xya4cfca922z;XY;;;;;0.0;;;a2e7854c0xye7854c091z;;;;;N;N;Operating lease;;;;Other;;;;;;;e91ee8;Benzin;GLA 250;GLA;H247;GLA 250 City-SUC;247746;F;TM1;RDR;XYORGF;XYORGF;2022-08-31;2025-07-31;Active;41708.68;-300.0;0.0;;41447.04;F;2022-07-31;X;0.0;31059.48;27;27;94.40000;36;Other;Entry Luxury;Y;;9;25 - 36;0.0;X;;;;PF_F;;0.04169;30348.40873;XY10;30348.408734514043;12.0;0.04990660464144516;0.051064135766628035;-0.003141583533736572;0.434757564354591;0;0;N;;0;No-Default;N;aca4cfca9xya4cfca922z::SYS_XY1000;OPLEA;2025-04-24 16:00:03.672142;2025-04-24 16:00:03.672142;INVALID
XY;50;XY1001;2024-10-31;a09a46424xy9a46424eaz;SYS;708;0;2023-03-16;2026-03-16;EUR;;2023-04-06;103896.47;N;138375.0;0.0;74722.5;0.0;3076.82;0.0;0.0;0.0;;0.0;;1.0;F;;R;7.71;30/360;;;;2450.04;36.0;0.0;EUR;0.0;Current;0.00253;0.29561;0;;;;;;;;;;;;;;;;;;;;;OPLEA;B;;L7F;PC;MB;N;1;;;;138375.0;a2c163677xyc163677ffz;VIN;RP;NON;a7dc61a19xydc61a193fz;a7dc61a19xydc61a193fz;XY;;;;;0.0;;;ac936d014xy936d014bdz;;;;;N;N;Operating lease;;;;Other;;;;;;;6bb013;Benzin;S 500 4M lang;S-Klasse;W/V223;S 500 4MATIC lang;223163;F;TM1;RDR;XYORGF;XYORGF;2023-04-30;2026-03-16;Active;138375.0;-3076.82;0.0;;139001.78;F;2023-03-16;X;0.0;103896.47;20;20;78.20000;36;Other;TEV+;Y;;17;25 - 36;0.0;X;;;;PF_F;;0.0;105438.96805;XY10;105438.96804949116;12.0;0.06647617318491948;0.06853945637727633;-0.010574234294293092;0.4740314468368645;0;0;N;;0;No-Default;N;a7dc61a19xydc61a193fz::SYS_XY1000;OPLEA;2025-04-24 16:00:03.672142;2025-04-24 16:00:03.672142;INVALID
XY;50;XY1001;2025-04-30;ac63bc3f3xy63bc3f342z;SYS;2287;0;2024-01-20;2028-01-20;EUR;;2024-01-24;358238.0;N;385692.0;5000.0;164588.0;37337.9;15065.2;490.0;0.0;0.0;;0.0;;;F;;;8.99;30/360;;;;;;0.0;EUR;0.0;Current;;;0;;;0.0;;;;;;;;;;;;;;;;;;OPFIN;B;;;PC;MB;N;1;;;2023-12-12;363561.0;ac1667ad7xy1667ad7eez;VIN;RSB;NON;a013aff06xy13aff0608z;a013aff06xy13aff0608z;XY;;4.0;;;564.0;SME2021;;a8c715cedxyc715ceddbz;;004S0066S0115S0121S0174V0001;;;N;N;Loan retail;N;;;;;;;;;;9f7eac;Benzin;AMG G 63;G-Klasse;W463;Mercedes-AMG G 63 Station-Wagen lang;463276;F;TM1;RDR;XYORGF;XYORGF;2024-01-31;2028-01-20;Active;418029.9;-14575.2;564.0;700.0;432605.10000000003;F;2024-01-20;S;0.0;358238.0;15;15;83.70000;48;AMG;tev & tev +;Y;700.0;33;37 - 48;564.0;S;4;;;PF_F;4;0.01296;357409.99369;XY10;357409.99368558556;12.0;0.07613281996329967;0.07884640637136608;-0.013767277364091585;0.4021525454650274;0;0;N;;0;No-Default;N;a013aff06xy13aff0608z::SYS_XY1000;OPFIN;2025-05-15 07:35:41.759406;2025-05-15 07:35:41.759406;INVALID
XY;50;XY1001;2024-10-31;ad401065exy401065e54z;SYS;708;0;2024-05-27;2029-06-11;EUR;;2024-05-29;33072.27;N;35707.69;1000.0;0.0;0.0;959.6;0.0;0.0;0.0;;0.0;;1.0;F;;R;8.19;Act/Act;;;;709.28;60.0;0.0;EUR;0.0;Current;0.00131;0.39;0;;;;;;;;;;;;;;;;;;;;;STFIN;N;;;PC;MB;U;1;;;;;a1d997b43xyd997b43e5z;VIN;RP;NON;a1fc23186xyfc231863az;a1fc23186xyfc231863az;XY;;;;;0.0;;;a058b0832xy58b083235z;;;;;N;N;Loan retail;;;;Other;;;;;;;452a30;Benzin;GLA 250 4M;GLA;H247;GLA 250 4MATIC City-SUC;247747;F;TM1;RDR;XYORGF;XYORGF;2024-05-31;2029-06-11;Active;34707.69;-959.6;0.0;;35667.29;F;2024-05-27;X;0.0;33072.27;5;35;60.46667;60;Other;Entry Luxury;Y;;55;49 - 60;0.0;X;;;;PF_F;;0.02801;33756.56763;XY10;33756.56763218758;11.945060877823954;0.07057621586213599;0.07289900126614345;-0.01132378088899906;0.41590538235818236;0;0;N;;0;No-Default;N;a1fc23186xyfc231863az::SYS_XY1000;STFIN;2025-04-24 16:00:03.672142;2025-04-24 16:00:03.672142;INVALID
XY;50;XY1001;2024-10-31;ad47f019exy47f019ed4z;SYS;708;0;2022-10-08;2026-10-08;EUR;;2022-10-10;55113.92;N;77722.09;7599.38;33624.0;300.0;500.0;795.0;0.0;0.0;;0.0;;1.0;F;;R;5.99;30/360;;;;1045.3;48.0;0.0;EUR;0.0;Current;0.0026;0.34893;0;;;;;;;;;;;;;;;;;;;;;OPLEA;B;;23A;PC;MB;N;1;;;;74720.0;abdb98071xydb98071efz;VIN;RP;NON;aef1698dfxyf1698df74z;aef1698dfxyf1698df74z;XY;;;;;0.0;;;a965940a1xy65940a1daz;;;;;N;N;Operating lease;;;;Other;;;;;;;4b35d2;Benzin;GLE 450 4M L;GLE;V167;GLE 450 4MATIC lang;167159;F;TM1;RDR;XYORGF;XYORGF;2022-10-31;2026-10-08;Active;70422.71;295.0;0.0;;69082.41;F;2022-10-08;X;0.0;55113.92;25;25;84.56666;48;Other;Core Luxury;Y;;23;37 - 48;0.0;X;;;;PF_F;;0.09778;52025.00556;XY10;52025.00556138237;12.0;0.065715644878207;0.06773155903649977;0.0015878808990194004;0.37526840596072836;0;0;N;;0;No-Default;N;aef1698dfxyf1698df74z::SYS_XY1000;OPLEA;2025-04-24 16:00:03.672142;2025-04-24 16:00:03.672142;INVALID
XY;50;XY1001;2024-10-31;ac0fd06f4xy0fd06f4f9z;SYS;709;0;2024-04-22;2026-04-22;EUR;;2024-05-06;19097.59;N;44653.93;20000.0;0.0;0.0;369.81;0.0;0.0;0.0;0.0;0.0;0.0;1.0;F;1;R;0.07;Act/Act;0.0;2024-04-22;2026-04-22;0.0;0.0;0.0;EUR;0.0;Current;0.00368;0.32;0;N;;0.0;;;;;;;;;;;;;;;;;;STFIN;N;3002;;PC;MB;U;1;;;;62300.0;a55fa04f7xy5fa04f771z;VIN;RSB;NON;a52912365xy291236590z;a52912365xy291236590z;XY;;0.0;;;336.0;ACE;;ac84d2f7dxy84d2f7de9z;910;915;;;N;N;Loan retail;N;0.0;;Other;;;;;;;fa4091;xx;xx;xx;xx;xx;xx;xx;TM1;RDR;XYORGF;XYORGF;2024-05-31;2026-04-22;Active;24653.93;-369.81;336.0;;25023.74;F;2024-04-22;X;0.0;19097.59;6;36;24.00000;24;Other;;Y;;18;13 - 24;336.0;X;;;;PF_F;;0.44789;19066.95578;XY10;19066.955783252848;12.021466010183477;0.0646776216716149;0.0666297378388791;-0.014721821798900664;0.9928023691010951;0;0;N;;0;No-Default;N;a52912365xy291236590z::SYS_XY1000;STFIN;2025-04-23 12:59:37.304075;2025-04-23 12:59:37.304075;INVALID
XY;50;XY1001;2024-10-31;a28c70dfdxy8c70dfd68z;SYS;708;0;2022-12-21;2029-01-03;EUR;;2023-01-02;36719.44;N;48696.44;2000.0;0.0;1423.0;1276.14;0.0;0.0;0.0;;0.0;;1.0;F;;R;8.09;Act/Act;;;;848.28;72.0;0.0;EUR;0.0;Current;0.00661;0.414;0;;;;;;;;;;;;;;;;;;;;;STFIN;N;;;PC;MB;U;1;;;;;a6023f3dbxy023f3dbb7z;VIN;RP;NON;a8f66d513xyf66d513c0z;a8f66d513xyf66d513c0z;XY;;;;;1.0;;;aaf0922a3xyf0922a336z;;;;;N;N;Loan retail;;;;Other;;;;;;;377e27;xx;xx;xx;xx;xx;xx;xx;TM1;RDR;XYORGF;XYORGF;2023-01-31;2029-01-03;Active;48119.44;-1276.14;1.0;;49395.58;F;2022-12-21;X;0.0;36719.44;22;52;72.40000;72;Other;;Y;;50;61 - 72;1.0;X;;;;PF_F;;0.04107;37190.1572;XY10;37190.15720040301;11.96027604436737;0.07164842666895821;0.07404456857524809;-0.009251806044771854;0.35411035580290573;0;0;N;;0;No-Default;N;a8f66d513xyf66d513c0z::SYS_XY1000;STFIN;2025-04-24 16:00:03.672142;2025-04-24 16:00:03.672142;INVALID
XY;50;XY1001;2024-10-31;adda4b36fxyda4b36f4cz;SYS;708;0;2023-02-20;2029-03-07;EUR;;2023-02-23;44498.29;N;62094.95;5000.0;0.0;0.0;3316.76;0.0;0.0;0.0;;0.0;;1.0;F;;R;9.99;Act/Act;;;;1061.78;72.0;0.0;EUR;0.0;Current;0.01465;0.39;0;;;;;;;;;;;;;;;;;;;;;STFIN;N;;;PC;MB;U;1;;;;;a0063e7e7xy063e7e751z;VIN;RP;NON;a1e232847xye232847f5z;a1e232847xye232847f5z;XY;;;;;2.0;;;a058b0832xy58b083235z;;;;;N;N;Loan retail;;;;Other;;;;;;;0f2a14;xx;xx;xx;xx;xx;xx;xx;TM1;RDR;XYORGF;XYORGF;2023-02-28;2029-03-07;Active;57094.95;-3316.76;2.0;;60411.71;F;2023-02-20;X;0.0;44498.29;20;50;72.56666;73;Other;;Y;;52;73 - 84;2.0;X;;;;PF_F;;0.08052;47325.83797;XY10;47325.83796820537;11.955266283330038;0.07972112492185307;0.08269277909379238;-0.0201790413558961;0.3558217530073751;0;0;N;;0;No-Default;N;a1e232847xye232847f5z::SYS_XY1000;STFIN;2025-04-24 16:00:03.672142;2025-04-24 16:00:03.672142;INVALID
XY;50;XY1001;2024-10-31;a7c7f3ed0xyc7f3ed053z;SYS;709;0;2024-06-21;2030-06-14;EUR;;2024-06-26;44901.75;N;46080.04;0.0;0.0;0.0;921.6;0.0;0.0;0.0;0.0;0.0;0.0;1.0;F;1;R;0.08;Act/Act;0.0;2024-06-21;2030-06-14;0.0;0.0;0.0;EUR;0.0;Current;0.00368;0.32;0;N;;0.0;;;;;;;;;;;;;;;;;;STFIN;N;3002;;PC;MB;U;1;;;;43500.0;a2065c4f7xy065c4f7d8z;VIN;RP;NON;a2faccf41xyfaccf41c6z;a2faccf41xyfaccf41c6z;XY;;0.0;;;203.0;ACE;;ac364b951xy364b951e5z;910;E79;;;N;N;Loan retail;N;0.0;;Other;;;;;;;afb931;xx;xx;xx;xx;xx;xx;xx;TM1;RDR;XYORGF;XYORGF;2024-06-30;2030-06-14;Active;46080.04;-921.6;203.0;;47001.64;F;2024-06-21;X;0.0;44901.75;4;34;71.76667;72;Other;;Y;;67;61 - 72;203.0;X;;;;PF_F;;0.0;44800.26301;XY10;44800.2630139896;12.594475837198036;0.08100893326644924;0.08408735170969478;-0.007228256681916415;0.36609590947675463;0;0;N;;0;No-Default;N;a2faccf41xyfaccf41c6z::SYS_XY1000;STFIN;2025-04-23 12:59:37.304075;2025-04-23 12:59:37.304075;INVALID
XY;50;XY1001;2024-10-31;af511a3eaxy511a3eadcz;SYS;8205;0;2022-05-07;2027-05-06;EUR;;2022-05-12;13036.63;N;58999.51;33820.51;0.0;0.0;0.0;0.0;314.74;0.0;;0.0;;1.0;F;;A;0.07;30/360;;;;;;0.0;EUR;0.0;Current;0.0;;0;;;0.0;;;;;;Internal;;;;;;;;;;;;FILEA;N;;;PC;MB;N;1;;;2022-05-07;53775.0;abc40d05cxyc40d05c44z;VIN;RSB;NON;a8dee344exydee344ef0z;a8dee344exydee344ef0z;XY;;0.0;;;651.0;RSB;4.0;a9146e47cxy146e47c5dz;;Q2-2022 [Select&Drive] 4,99% Nieuw;;;N;N;Finance lease;N;;;;;;;;;;34d555;Benzin;C 200;C-Klasse;W206;C 200;206042;F;TM1;RDR;XYORGF;XYORGF;2022-05-31;2027-05-01;Active;25179.0;-314.74;651.0;700.0;25115.280000000002;F;2022-05-07;S;0.0;13036.63;30;30;59.96666;60;Other;Core Luxury;Y;700.0;30;49 - 60;651.0;S;4;;;PF_F;4;0.57323;13490.33428;XY10;13490.334276892125;12.05;0.0446145715871405;0.045538746135523826;-0.005283493723222843;0.4208592475071951;0;0;N;;0;No-Default;N;a8dee344exydee344ef0z::SYS_XY1000;FILEA;2025-05-12 12:35:38.800057;2025-05-12 12:35:38.800057;INVALID
XY;50;XY1001;2024-10-31;a8016600dxy016600db6z;SYS;708;0;2024-10-05;2027-10-05;EUR;;2024-10-08;62678.55;N;62888.95;11826.11;41987.5;300.0;400.0;795.0;0.0;1520.62;;0.0;;1.0;F;;R;4.15;30/360;;;;444.44;36.0;0.0;EUR;0.0;Current;0.00305;0.29561;0;;;;;;;;;;;;;;;;;;;;;OPLEA;B;;;PC;MB;N;1;;;;83975.0;a425b8059xy25b8059aaz;VIN;RP;NON;a290a2fb4xy90a2fb431z;a290a2fb4xy90a2fb431z;XY;;;;;0.0;;;afc7c2a82xyc7c2a8294z;;;;;N;N;Operating lease;;;;Other;;;;;;;54e66f;Elektro;EQE 350 4M SUV;GLE;X294;EQE 350 4MATIC SUV;294612;T;TM1;RDR;XYORGF;XYORGF;2024-10-31;2027-10-05;Acquisition;51362.84;1915.62;0.0;;49002.77999999999;F;2024-10-05;X;0.0;62678.55;1;1;108.23333;36;Other;Core Luxury;Y;;35;25 - 36;0.0;X;;;;PF_F;;0.18805;49002.78;XY10;49002.77999999999;12.0;0.06257493300002127;0.06440115691682304;0.015058835093911822;0.39599707251795624;0;0;N;;0;No-Default;N;a290a2fb4xy90a2fb431z::SYS_XY1000;OPLEA;2025-04-24 16:00:03.672142;2025-04-24 16:00:03.672142;INVALID
XY;50;XY1001;2024-10-31;a50f134ccxy0f134cc0dz;SYS;708;0;2020-10-31;2026-04-30;EUR;;2020-11-06;14452.81;N;63751.47;14719.61;0.0;0.0;1305.64;0.0;0.0;0.0;;0.0;;1.0;F;;R;3.99;Act/Act;;;;828.63;66.0;0.0;EUR;0.0;Current;0.0019;0.34;0;;;;;;;;;;;;;;;;;;;;;STFIN;N;;;PC;MB;N;1;;;;63030.0;a70227372xy022737297z;VIN;RSB;NON;a678a5bfbxy78a5bfb4bz;a678a5bfbxy78a5bfb4bz;XY;;;;;0.0;;;abb6a7a37xyb6a7a37c6z;;;;;N;N;Loan retail;;;;Other;;;;;;;480e2e;Benzin;GLE 350 4M L;GLE;V167;GLE 350 4MATIC lang;167149;F;TM1;RDR;XYORGF;XYORGF;2020-11-30;2026-04-30;Active;49031.86;-1305.64;0.0;;50337.5;F;2020-10-31;X;0.0;14452.81;48;48;66.00000;66;Other;Core Luxury;Y;;18;61 - 72;0.0;X;;;;PF_F;;0.23089;14560.956;XY10;14560.95600046261;12.015148617257028;0.030160695883029658;0.03058117402639273;-0.009762626225402138;0.3722165945724429;0;0;N;;0;No-Default;N;a678a5bfbxy78a5bfb4bz::SYS_XY1000;STFIN;2025-04-24 16:00:03.672142;2025-04-24 16:00:03.672142;INVALID
XY;50;XY1001;2024-10-31;a96691787xy669178793z;SYS;708;0;2024-02-23;2030-05-09;EUR;;2024-02-27;27409.35;Y;26603.92;0.0;0.0;1222.65;1804.1;0.0;0.0;0.0;;0.0;;1.0;F;;R;13.39;Act/Act;;;;567.48;75.0;0.0;EUR;0.0;Current;0.02827;0.39;0;;2024-08-23;;;;;;;;;;;;;;;;;;;STFIN;N;;;PC;MB;U;1;;;;;a9f7652caxyf7652caf0z;VIN;RP;NON;ac7130b36xy7130b3690z;ac7130b36xy7130b3690z;XY;;;;;3.0;;;a806e6159xy06e615988z;;;;;N;N;Loan retail;;;;Other;;;;;;;9ac5e8;Benzin;A 220 Lim;A-Klasse;V177;A 220 Limousine;177144;F;TM1;RDR;XYORGF;XYORGF;2024-02-29;2030-05-09;Active;27826.57;-1804.1;3.0;;29630.67;F;2024-02-23;X;0.0;27409.35;8;38;74.53333;75;Other;Entry Luxury;Y;;66;73 - 84;3.0;X;;;;PF_F;;0.0;28804.11418;XY10;28804.114182430098;11.850670552764115;0.11071887531129122;0.11641362364385865;-0.021708590671430703;0.3436869453970731;0;0;N;;0;No-Default;N;ac7130b36xy7130b3690z::SYS_XY1000;STFIN;2025-04-24 16:00:03.672142;2025-04-24 16:00:03.672142;INVALID
XY;50;XY1001;2024-10-31;a10d936c1xy0d936c142z;SYS;708;0;2021-02-26;2027-03-13;EUR;;2021-03-10;12192.89;N;29433.26;0.0;0.0;0.0;0.0;0.0;0.0;1636.66;;0.0;;1.0;F;;R;2.99;Act/Act;;;;447.62;72.0;0.0;EUR;0.0;Current;0.01564;0.416;0;;;;;;;;;;;;;;;;;;;;;STFIN;N;;22;PC;MB;U;1;;;;;a9bf591eexybf591eeafz;VIN;RP;NON;abfe6c9ddxyfe6c9dddcz;abfe6c9ddxyfe6c9dddcz;XY;;;;;2.0;;;a315fa9c5xy15fa9c570z;;;;;N;N;Loan retail;;;;Other;;;;;;;e0c5a1;xx;xx;xx;xx;xx;xx;xx;TM1;RDR;XYORGF;XYORGF;2021-03-31;2027-03-13;Active;29433.26;1636.66;2.0;;27796.6;F;2021-02-26;X;0.0;12192.89;44;74;72.50000;73;Other;;Y;;28;73 - 84;2.0;X;;;;PF_F;;0.0;12373.61593;XY10;12373.615928813117;11.891009258715508;0.038498462360658035;0.03916969741492422;0.018593614544430766;0.3303101728750632;0;0;N;;0;No-Default;N;abfe6c9ddxyfe6c9dddcz::SYS_XY1000;STFIN;2025-04-24 16:00:03.672142;2025-04-24 16:00:03.672142;INVALID
XY;50;XY1001;2024-10-31;a8015bdd1xy015bdd153z;SYS;708;0;2023-05-12;2028-11-12;EUR;;2023-05-22;35732.08;N;49412.18;3800.0;0.0;695.0;3149.73;0.0;0.0;0.0;;0.0;;1.0;F;;R;8.89;Act/Act;;;;889.62;66.0;0.0;EUR;0.0;Current;0.00627;0.39;0;;;;;;;;;;;;;;;;;;;;;STFIN;N;;;PC;MB;U;1;;;;;ac1bc3aa3xy1bc3aa37fz;VIN;RP;NON;a21738a03xy1738a03a6z;a21738a03xy1738a03a6z;XY;;;;;1.0;;;a3702c5e9xy702c5e9c9z;;;;;N;N;Loan retail;;;;Other;;;;;;;3c500f;Benzin;GLB 250;GLB;X247;GLB 250 SUV;247646;F;TM1;RDR;XYORGF;XYORGF;2023-05-31;2028-11-12;Active;46307.18;-3149.73;1.0;;49456.91;F;2023-05-12;X;0.0;35732.08;18;48;66.00000;66;Other;Entry Luxury;Y;;48;61 - 72;1.0;X;;;;PF_F;;0.0769;38326.92202;XY10;38326.92201784666;11.998088629917268;0.06347143971172692;0.06535054397243109;-0.025428316771411066;0.3840620811164444;0;0;N;;0;No-Default;N;a21738a03xy1738a03a6z::SYS_XY1000;STFIN;2025-04-24 16:00:03.672142;2025-04-24 16:00:03.672142;INVALID
XY;50;XY1001;2024-10-31;af097f206xy097f20634z;SYS;708;0;2024-08-30;2030-09-14;EUR;;2024-09-05;68819.84;N;68863.38;1000.0;0.0;995.0;3802.82;0.0;0.0;0.0;;0.0;;1.0;F;;R;10.69;Act/Act;;;;1305.45;72.0;0.0;EUR;0.0;Current;0.01759;0.39;0;;;;;;;;;;;;;;;;;;;;;STFIN;N;;;PC;MB;U;1;;;;;aedcceab4xydcceab4fcz;VIN;RP;NON;a521dd0e5xy21dd0e50cz;a521dd0e5xy21dd0e50cz;XY;;;;;2.0;;;a9c451879xyc45187969z;;;;;N;N;Loan retail;;;;Other;;;;;;;ca1894;Benzin;GLS 450 4M;GLS;X167;GLS 450 4MATIC;167959;F;TM1;RDR;XYORGF;XYORGF;2024-09-30;2030-09-14;Active;68858.38;-3802.82;2.0;;72661.20000000001;F;2024-08-30;X;0.0;68819.84;2;32;72.50000;72;Other;TEV+;Y;;70;61 - 72;2.0;X;;;;PF_F;;0.01452;72137.29179;XY10;72137.29179387455;11.954505726330723;0.08748190125559248;0.0910688990700237;-0.0194178470576922;0.3598173878944719;0;0;N;;0;No-Default;N;a521dd0e5xy21dd0e50cz::SYS_XY1000;STFIN;2025-04-24 16:00:03.672142;2025-04-24 16:00:03.672142;INVALID
XY;50;XY1001;2024-10-31;ad382835axy382835ac1z;SYS;708;0;2024-07-26;2026-07-26;EUR;;2024-08-07;77504.8;N;79102.39;0.0;65020.55;300.0;400.0;795.0;0.0;4234.87;;0.0;;1.0;F;;R;4.26;30/360;;;;20474.4;24.0;0.0;EUR;0.0;Current;0.01446;0.29561;0;;;;;;;;;;;;;;;;;;;;;OPLEA;B;;;PC;MB;N;1;;;;110925.0;a16bc3be8xy6bc3be8d8z;VIN;RP;NON;a57be0a24xy7be0a24b2z;a57be0a24xy7be0a24b2z;XY;;;;;2.0;;;af0d48489xy0d48489f9z;;;;;N;N;Operating lease;;;;Other;;;;;;;d6f037;Elektro;EQS 450+ SUV;GLS;X296;EQS 450+ SUV;296623;T;TM1;RDR;XYORGF;XYORGF;2024-08-31;2026-07-26;Active;79402.39;4629.87;2.0;;54298.119999999995;F;2024-07-26;X;0.0;77504.8;3;3;134.70000;24;Other;TEV+;Y;;21;13 - 24;2.0;X;;;;PF_F;;0.0;54298.12;XY10;54298.119999999995;0.5;0.09873665975912246;0.09429124071946392;0.047041701217349685;0.6047845048071945;0;0;N;;0;No-Default;N;a57be0a24xy7be0a24b2z::SYS_XY1000;OPLEA;2025-04-24 16:00:03.672142;2025-04-24 16:00:03.672142;INVALID
