MGT_InsertTime;MGT_UpdateTime;MGT_ValidationStatus;ctt_abs_code;ctt_acquisition_date;ctt_additional_asset_information;ctt_additional_collateral_amount;ctt_additional_collateral_type;ctt_additional_financed_amount;ctt_analysis_entity;ctt_asset_model_date;ctt_asset_type_segment;ctt_balance_sheet_entity;ctt_balloon_rv;ctt_bevis_id;ctt_borrower_country;ctt_borrower_sub_type;ctt_borrower_type;ctt_branch;ctt_brand;ctt_business_division;ctt_business_line;ctt_campaign;ctt_cms_contract_number;ctt_cmsir;ctt_co_r_v_r;ctt_commission;ctt_continuation_deal;ctt_contract_currency;ctt_credit_impaired;ctt_customer_group_number;ctt_customer_number;ctt_date_of_last_restructuring;ctt_day_conv;ctt_dealer;ctt_delinquency_reason_code;ctt_delinquent_amount;ctt_delinquent_amount_ccy;ctt_delinquent_days_contract;ctt_delivering_entity;ctt_deposit_rate;ctt_down_payment;ctt_drv_portfolio_name_rdr;ctt_drv_portfolio_name_tm1;ctt_drv_portfolio_type_rdr;ctt_drv_portfolio_type_tm1;ctt_economic_capital_ratio;ctt_end_date;ctt_fda_1;ctt_fda_2;ctt_fee;ctt_financial_product_group;ctt_fix_variable;ctt_fixing_period;ctt_funding_entity;ctt_hostile_termination_flag;ctt_icrsa_flag;ctt_idc;ctt_ifrs9_classification;ctt_ifrs9_country_region;ctt_impaired_information;ctt_industry_segmentation;ctt_installment;ctt_installment_count;ctt_insurance_ancillary;ctt_insurance_gap;ctt_insurance_motor;ctt_insurance_ppi;ctt_insurance_warranty;ctt_last_fixing;ctt_lgd;ctt_list_price;ctt_loan_commitment_flag;ctt_loan_limit;ctt_model_sap;ctt_nbv_local_cms;ctt_new_used;ctt_next_fixing;ctt_nib_ratio;ctt_number_restructurings;ctt_opex;ctt_payment_mode;ctt_pd;ctt_period_in_month;ctt_portfolio;ctt_portfolio_cr;ctt_portfolio_pp;ctt_portfolio_tm1;ctt_position_id;ctt_product_sap;ctt_r_model_score_card;ctt_r_model_score_card_version;ctt_rating;ctt_rating_name;ctt_rating_scoring_flag;ctt_rating_version;ctt_reporting_date;ctt_reserves_segment_contract;ctt_restructuring_flag;ctt_rv_guarantee_flag;ctt_sales_price;ctt_scoring;ctt_security_deposit;ctt_source_system;ctt_start_date;ctt_status;ctt_subsidy;ctt_subsidy_percent;ctt_tax_rate;ctt_trade_date;ctt_triggering_event_flag;ctt_units;ctt_variable_type;ctt_vin;ctt_vin_type;ctt_written_off_flag
2025-04-24 16:00:03.672142;2025-04-24 16:00:03.672142;INVALID;12;2021-05-19;;;;0.0;XY;;PC;XY10;0.0;708;XY;NON;RP;;MB;Other;;;acbbd763axybbd763aa6z;2.99;;1133.64;;EUR;;a06a5de1bxy6a5de1b0dz;a06a5de1bxy6a5de1b0dz;;Act/Act;a018b3698xy18b36981az;;0.0;EUR;0.0;50;;16000.0;XYORGF;XYORGF;RDR;TM1;;2027-04-27;;;0.0;STFIN;F;;XY1001;N;;0.0;Loan retail;;;;647.14;72.0;;;;;;;0.416;;N;;;18012.79;U;;;;;R;0.00115;1.0;;;;;a06a5de1bxy6a5de1b0dz::SYS_XY1000;;;;;;;;2024-10-31;;N;N;58553.22;0.0;0.0;SYS;2021-04-12;0;326.66;;;;0;1;;a20f5125exy0f5125e94z;VIN;
2025-04-24 16:00:03.672142;2025-04-24 16:00:03.672142;INVALID;;2023-05-30;;;;0.0;XY;;PC;XY10;27062.8;708;XY;NON;RP;;MB;Other;;;a5417f773xy417f773f6z;6.6;;500.0;;EUR;;ac7a19826xy7a1982638z;ac7a19826xy7a1982638z;;30/360;a90029cc6xy0029cc648z;;0.0;EUR;0.0;50;;0.0;XYORGF;XYORGF;RDR;TM1;;2027-05-24;;;0.0;OPLEA;F;;XY1001;N;;0.0;Operating lease;;;;595.0;48.0;;;;;;;0.29561;;N;;;39188.81;U;;;;;R;0.00253;1.0;;;;;ac7a19826xy7a1982638z::SYS_XY1000;;;;;;;;2024-10-31;;N;B;45980.81;0.0;0.0;SYS;2023-05-24;0;0.0;;;;0;1;;a7c15cfeexyc15cfee70z;VIN;
2025-04-24 16:00:03.672142;2025-04-24 16:00:03.672142;INVALID;L7F;2022-05-23;;;;300.0;XY;;PC;XY10;28071.0;708;XY;NON;RP;;MB;Other;;;ade763a32xye763a32d1z;6.75;;1804.55;;EUR;;a7e5bbcadxye5bbcadcfz;a7e5bbcadxye5bbcadcfz;;30/360;ab0625fcfxy0625fcf79z;;0.0;EUR;0.0;50;;1666.34;XYORGF;XYORGF;RDR;TM1;;2025-05-19;;;795.0;OPLEA;F;;XY1001;N;;0.0;Operating lease;;;;711.96;36.0;;;;;;;0.30308;46785.0;N;;;31557.1;N;;;;;R;0.0026;1.0;;;;;a7e5bbcadxye5bbcadcfz::SYS_XY1000;;;;;;;;2024-10-31;;N;B;46785.0;0.0;0.0;SYS;2022-05-19;0;0.0;;;;0;1;;afd104436xyd1044364fz;VIN;
2025-05-15 07:27:53.805558;2025-05-15 07:27:53.805558;INVALID;;2019-07-26;;;;0.0;XY;2019-07-17;VA;XY10;1518.12;1042;XY;NON;CD;;MB;;;HÃ¤ndlerfinanzierung;a4f147232xyf14723267z;6.125;;0.0;;EUR;;a893bb416xy93bb4164bz;a6641327exy641327e60z;;30/360;acbae61b7xybae61b7f0z;;373.11;EUR;0.0;50;0.0;0.0;XYORGF;XYORGF;RDR;TM1;;2023-02-28;;;0.0;BFLEA;V;3.0;XY1001;N;;0.0;Finance lease;;;;;;;;;;;2023-02-28;;17145.0;;;;0.0;N;;;;;;;1.0;;;;;a6641327exy641327e60z::SYS_XY1000;;G1AAAT;1.0;3.24;CRC;;1.0;2024-10-31;;N;N;14194.09;322.0;0.0;SYS;2019-07-26;1;0.0;;;;0;1;1.0;a6dd134ecxydd134ec07z;VIN;
2025-04-24 16:00:03.672142;2025-04-24 16:00:03.672142;INVALID;2D;2023-03-06;;;;0.0;XY;;PC;XY10;0.0;708;XY;NON;RP;;MB;Other;;;a932083a0xy32083a0dcz;7.99;;2778.03;;EUR;;adb547912xyb54791221z;adb547912xyb54791221z;;Act/Act;ab9d9a118xy9d9a118bcz;;0.0;EUR;0.0;50;;18500.0;XYORGF;XYORGF;RDR;TM1;;2028-09-07;;;0.0;STFIN;F;;XY1001;N;;0.0;Loan retail;;;;1087.22;67.0;;;;;;;0.39;;N;;;41772.39;U;;;;;R;0.00627;1.0;;;;;adb547912xyb54791221z::SYS_XY1000;;;;;;;;2024-10-31;;N;N;76223.45;1.0;0.0;SYS;2023-02-21;0;0.0;;;;0;1;;af5fe3444xy5fe34440cz;VIN;
2025-04-24 16:00:03.672142;2025-04-24 16:00:03.672142;INVALID;;2024-10-24;;;;300.0;XY;;PC;XY10;26355.7;708;XY;NON;RP;;MB;Other;;;a902a2a3exy02a2a3e2dz;4.09;;1240.14;;EUR;;ad73ab745xy73ab74546z;ad73ab745xy73ab74546z;;30/360;aae83fd2dxye83fd2dc3z;;0.0;EUR;0.0;50;;7610.5;XYORGF;XYORGF;RDR;TM1;;2028-10-18;;;795.0;OPLEA;F;;XY1001;N;;0.0;Operating lease;;;;685.96;48.0;;;;;;;0.33446;54995.0;N;;;59335.9;N;;;;;R;0.00305;1.0;;;;;ad73ab745xy73ab74546z::SYS_XY1000;;;;;;;;2024-10-31;;N;B;59336.35;0.0;0.0;SYS;2024-10-18;0;3128.92;;;;0;1;;aa206f610xy206f610c2z;VIN;
2025-04-24 16:00:03.672142;2025-04-24 16:00:03.672142;INVALID;;2023-10-03;;;;0.0;XY;;PC;XY10;0.0;708;XY;NON;RSB;;MB;Other;;;a1b656bffxyb656bff3bz;12.59;;2000.54;;EUR;;ad1e47c26xy1e47c26eez;ad1e47c26xy1e47c26eez;;Act/Act;a586ae5ffxy86ae5ff77z;;1398.66;EUR;8.0;50;;345.44;XYORGF;XYORGF;RDR;TM1;;2029-09-23;;;0.0;STFIN;F;;XY1001;N;;0.0;Loan retail;;;;1271.5;72.0;;;;;;;0.39;;N;;;57347.98;U;;;;;R;0.02355;1.0;;;;;ad1e47c26xy1e47c26eez::SYS_XY1000;;;;;;;;2024-10-31;;N;N;64374.33;3.0;0.0;SYS;2023-09-23;0;0.0;;;;0;1;;a68e5eaf7xy8e5eaf741z;VIN;
2025-04-24 16:00:03.672142;2025-04-24 16:00:03.672142;INVALID;;2024-04-22;;;;995.0;XY;;PC;XY10;0.0;708;XY;NON;RSB;;MB;Other;;;a43743015xy3743015acz;2.99;;670.08;;EUR;;ae53029aaxy53029aab7z;ae53029aaxy53029aab7z;;Act/Act;a5afa0376xyafa0376c6z;;0.0;EUR;0.0;50;;0.0;XYORGF;XYORGF;RDR;TM1;;2027-04-21;;;0.0;STFIN;F;;XY1001;N;;0.0;Loan retail;;;;1362.93;36.0;;;;;;;0.39;;N;;;39379.74;U;;;;;R;0.00131;1.0;;;;;ae53029aaxy53029aab7z::SYS_XY1000;;;;;;;;2024-10-31;;N;N;45820.01;0.0;0.0;SYS;2024-04-06;0;3060.97;;;;0;1;;aaae9455axyae9455ac2z;VIN;
2025-04-23 12:59:37.304075;2025-04-23 12:59:37.304075;INVALID;;2024-08-12;;;;0.0;XY;;VA;XY10;0.0;709;XY;NON;RSB;910.0;MB;Other;;887;aee8ddda4xye8ddda47fz;0.05;;1209.01;N;EUR;N;a83667dd9xy3667dd9ffz;a83667dd9xy3667dd9ffz;;Act/Act;a6ab73e89xyab73e89baz;;0.0;EUR;0.0;50;0.0;60000.0;XYORGF;XYORGF;RDR;TM1;;2029-07-31;;;0.0;STFIN;F;0.0;XY1001;N;;0.0;Loan retail;;;;0.0;0.0;;;;;;2024-07-31;0.36;97020.0;N;0.0;;55982.08;N;2029-07-31;;0.0;;R;0.01;1.0;;;;;a83667dd9xy3667dd9ffz::SYS_XY1000;3002.0;ACE;;0.0;;;;2024-10-31;;N;N;120450.4;300.0;0.0;SYS;2024-07-31;0;3234.32;0.0;;;0;1;1.0;a986397d0xy86397d021z;VIN;
2025-04-24 16:00:03.672142;2025-04-24 16:00:03.672142;INVALID;;2023-12-20;;;;0.0;XY;;PC;XY10;0.0;708;XY;NON;RP;;MB;Other;;;adc05dae1xyc05dae1fbz;8.29;;1883.42;;EUR;;afb1e5c22xyb1e5c22c3z;afb1e5c22xyb1e5c22c3z;;Act/Act;a2fab13a2xyfab13a242z;;0.0;EUR;0.0;50;;20000.0;XYORGF;XYORGF;RDR;TM1;;2029-12-29;;;0.0;STFIN;F;;XY1001;N;;0.0;Loan retail;;;;1386.49;72.0;;;;;;;0.338;92100.0;N;;;58073.63;N;;;;;R;0.00162;1.0;;;;;afb1e5c22xyb1e5c22c3z::SYS_XY1000;;;;;;;;2024-10-31;;N;N;98172.96;0.0;0.0;SYS;2023-12-14;0;0.0;;;;0;1;;a6a128f23xya128f2321z;VIN;
2025-04-24 16:00:03.672142;2025-04-24 16:00:03.672142;INVALID;;2023-08-14;;;;0.0;XY;;PC;XY10;0.0;708;XY;NON;RP;;MB;Other;;;a039e6c7dxy39e6c7d46z;7.39;;1129.96;;EUR;;ac894f69bxy894f69b10z;ac894f69bxy894f69b10z;;Act/Act;ab1c593c5xy1c593c5a7z;;0.0;EUR;0.0;50;;4825.34;XYORGF;XYORGF;RDR;TM1;;2029-08-26;;;0.0;STFIN;F;;XY1001;N;;0.0;Loan retail;;;;1607.88;72.0;;;;;;;0.338;93710.0;N;;;78324.2;N;;;;;R;0.00985;1.0;;;;;ac894f69bxy894f69b10z::SYS_XY1000;;;;;;;;2024-10-31;;N;N;97822.07;1.0;0.0;SYS;2023-08-11;0;0.0;;;;0;1;;a839fd5adxy39fd5ad99z;VIN;
2025-04-24 16:00:03.672142;2025-04-24 16:00:03.672142;INVALID;;2021-06-07;;;;799.0;XY;;PC;XY10;0.0;708;XY;NON;RP;;MB;Other;;;a060f3562xy60f35624dz;3.49;;1022.99;;EUR;;a3cba10c4xycba10c4aez;a3cba10c4xycba10c4aez;;Act/Act;a60f01d91xy0f01d91f6z;;0.0;EUR;0.0;50;;10000.0;XYORGF;XYORGF;RDR;TM1;;2026-12-12;;;0.0;STFIN;F;;XY1001;N;;0.0;Loan retail;;;;687.12;66.0;;;;;;;0.416;;N;;;17216.31;U;;;;;R;0.00658;1.0;;;;;a3cba10c4xycba10c4aez::SYS_XY1000;;;;;;;;2024-10-31;;N;N;50350.24;1.0;0.0;SYS;2021-05-28;0;407.67;;;;0;1;;ac2daf070xy2daf070c1z;VIN;
2025-04-24 16:00:03.672142;2025-04-24 16:00:03.672142;INVALID;24A;2024-01-04;;;;4752.23;XY;;PC;XY10;59603.7;708;XY;NON;RSB;;MB;Other;;;ae159ead8xy159ead8c2z;8.79;;3728.09;;EUR;;a4e90e877xye90e877f1z;a4e90e877xye90e877f1z;;30/360;acc4d696axyc4d696a39z;;0.0;EUR;0.0;50;;5000.0;XYORGF;XYORGF;RDR;TM1;;2027-01-04;;;795.0;OPLEA;F;;XY1001;N;;0.0;Operating lease;;;;1822.02;36.0;;;;;;;0.29561;;N;;;94646.84;U;;;;;R;0.00305;1.0;;;;;a4e90e877xye90e877f1z::SYS_XY1000;;;;;;;;2024-10-31;;N;B;103186.75;0.0;0.0;SYS;2024-01-04;0;0.0;;;;0;1;;a71aabf02xy1aabf027ez;VIN;
2025-04-23 12:59:37.304075;2025-04-23 12:59:37.304075;INVALID;;2022-07-18;;;;0.0;XY;;VA;XY10;28754.31;709;XY;NON;RSB;910.0;MB;Other;;883;a18909395xy8909395c4z;0.05;;808.49;N;EUR;N;a7fa954d8xyfa954d885z;a7fa954d8xyfa954d885z;;30/360;a8af8cf90xyaf8cf90bbz;;0.0;EUR;0.0;50;0.0;0.0;XYORGF;XYORGF;RDR;TM1;;2027-07-14;;;0.0;FILEA;F;0.0;XY1001;N;;0.0;Finance lease;;;;0.0;0.0;;;;;;2022-07-14;0.22;73729.0;N;0.0;;57098.81;N;2027-07-14;;0.0;;A;0.01;1.0;;;;;a7fa954d8xyfa954d885z::SYS_XY1000;3105.0;ACE;;0.0;;;;2024-10-31;;N;U;80849.46;241.0;0.0;SYS;2022-07-14;0;3554.53;0.0;;;0;1;1.0;a987e6d31xy87e6d31ddz;VIN;
2025-04-23 12:59:37.304075;2025-04-23 12:59:37.304075;INVALID;;2024-01-08;;;;0.0;XY;;PC;XY10;0.0;709;XY;NON;RP;910.0;MB;Other;;E77;a7b748d53xyb748d5311z;0.07;;422.26;N;EUR;N;a5a5d0800xya5d0800bdz;a5a5d0800xya5d0800bdz;;Act/Act;aa3834319xy38343192dz;;0.0;EUR;0.0;50;0.0;-4200.0;XYORGF;XYORGF;RDR;TM1;;2029-12-14;;;0.0;STFIN;F;0.0;XY1001;N;;0.0;Loan retail;;;;0.0;0.0;;;;;;2023-12-22;0.32;34400.0;N;0.0;;37249.11;U;2029-12-14;;0.0;;R;0.00368;1.0;;;;;a5a5d0800xya5d0800bdz::SYS_XY1000;3002.0;ACE;;0.0;;;;2024-10-31;;N;N;38047.65;293.0;0.0;SYS;2023-12-22;0;698.99;0.0;;;0;1;1.0;aba25311dxya25311dc1z;VIN;
2025-04-24 16:00:03.672142;2025-04-24 16:00:03.672142;INVALID;22;2021-11-29;;;;1105.5;XY;;PC;XY10;0.0;708;XY;NON;RP;;MB;Other;;;a4ccf0ec2xyccf0ec2f4z;5.39;;2910.29;;EUR;;a74ebc6b1xy4ebc6b1daz;a74ebc6b1xy4ebc6b1daz;2024-10-16;Act/Act;ac4e29690xy4e296909dz;;0.0;EUR;0.0;50;;0.0;XYORGF;XYORGF;RDR;TM1;;2027-10-09;;;0.0;STFIN;F;;XY1001;N;;0.0;Loan retail;;;;1036.73;70.0;;;;;;;0.345;44360.0;N;;;35048.13;N;;;;;R;0.01079;1.0;;;;;a74ebc6b1xy4ebc6b1daz::SYS_XY1000;;;;;;;;2024-10-31;;Y;N;57864.02;1.0;0.0;SYS;2021-11-24;0;0.0;;;;0;1;;a824c3bc7xy24c3bc7a7z;VIN;
2025-04-23 12:59:37.304075;2025-04-23 12:59:37.304075;INVALID;;2023-09-08;;;;0.0;XY;;PC;XY10;0.0;709;XY;NON;RSB;910.0;MB;Other;;869;aa2430efaxy2430efaf7z;0.07;;0.0;N;EUR;N;a5607f39dxy607f39ddez;a5607f39dxy607f39ddez;;Act/Act;a43b22d66xy3b22d66dbz;;0.0;EUR;0.0;50;0.0;15500.0;XYORGF;XYORGF;RDR;TM1;;2028-08-30;;;0.0;STFIN;F;0.0;XY1001;N;;0.0;Loan retail;;;;0.0;0.0;;;;;;2023-08-31;0.32;63842.0;N;0.0;;60737.04;U;2028-08-30;;0.0;;R;0.01;1.0;;;;;a5607f39dxy607f39ddez::SYS_XY1000;3002.0;ACE;;0.0;;;;2024-10-31;;N;N;91925.42;510.0;0.0;SYS;2023-08-31;0;629.67;0.0;;;0;1;1.0;a88448b9exy8448b9edbz;VIN;
2025-04-24 16:00:03.672142;2025-04-24 16:00:03.672142;INVALID;24B;2022-12-07;;;;300.0;XY;;PC;XY10;33663.0;708;XY;NON;RP;;MB;Other;;;adaee9113xyaee9113ffz;7.77;;3599.49;;EUR;;a918ddcc1xy18ddcc17fz;a918ddcc1xy18ddcc17fz;;30/360;a5bb12c2fxybb12c2f77z;;0.0;EUR;0.0;50;;1038.71;XYORGF;XYORGF;RDR;TM1;;2027-12-05;;;795.0;OPLEA;F;;XY1001;N;;0.0;Operating lease;;;;1378.38;60.0;;;;;;;0.34893;78870.0;N;;;69496.67;N;;;;;R;0.0026;1.0;;;;;a918ddcc1xy18ddcc17fz::SYS_XY1000;;;;;;;;2024-10-31;;N;B;91263.0;0.0;0.0;SYS;2022-12-05;0;0.0;;;;0;1;;a1e0f99f7xye0f99f793z;VIN;
2025-04-24 16:00:03.672142;2025-04-24 16:00:03.672142;INVALID;24A;2023-12-07;;;;300.0;XY;;PC;XY10;26215.0;708;XY;NON;RP;;MB;Other;;;a3ad0fd8cxyad0fd8cd3z;5.14;;681.83;;EUR;;a5d9811dexyd9811dea2z;a5d9811dexyd9811dea2z;;30/360;a98ba1cbfxy8ba1cbfbdz;;0.0;EUR;0.0;50;;0.0;XYORGF;XYORGF;RDR;TM1;;2027-12-04;;;795.0;OPLEA;F;;XY1001;N;;0.0;Operating lease;;;;765.8;48.0;;;;;;;0.33446;52100.0;N;;;47535.88;N;;;;;R;0.00253;1.0;;;;;a5d9811dexyd9811dea2z::SYS_XY1000;;;;;;;;2024-10-31;;N;B;53500.0;0.0;0.0;SYS;2023-12-04;0;2740.36;;;;0;1;;a8eac8719xyeac87195fz;VIN;
2025-04-24 16:00:03.672142;2025-04-24 16:00:03.672142;INVALID;;2024-10-30;;;;300.0;XY;;PC;XY10;39850.25;708;XY;NON;RP;;MB;Other;;;acc1de7acxyc1de7ac44z;7.14;;1995.47;;EUR;;ad206a075xy206a07524z;ad206a075xy206a07524z;;30/360;aa35b6814xy35b6814f1z;;0.0;EUR;0.0;50;;2217.11;XYORGF;XYORGF;RDR;TM1;;2028-10-28;;;795.0;OPLEA;F;;XY1001;N;;0.0;Operating lease;;;;1475.43;48.0;;;;;;;0.33446;92675.0;N;;;93090.29;N;;;;;R;0.00305;1.0;;;;;ad206a075xy206a07524z::SYS_XY1000;;;;;;;;2024-10-31;;N;B;92901.44;0.0;0.0;SYS;2024-10-28;0;0.0;;;;0;1;;a98a2d0e9xy8a2d0e912z;VIN;
2025-04-24 16:00:03.672142;2025-04-24 16:00:03.672142;INVALID;L7F;2022-12-06;;;;2656.22;XY;;PC;XY10;21376.65;708;XY;NON;RP;;MB;Other;;;aee9e0a33xye9e0a33c0z;7.62;;1310.56;;EUR;;a279d278bxy79d278bfaz;a279d278bxy79d278bfaz;;30/360;afdfdd2bfxydfdd2bf32z;;0.0;EUR;0.0;50;;1798.34;XYORGF;XYORGF;RDR;TM1;;2025-09-24;;;795.0;OPLEA;F;;XY1001;N;;0.0;Operating lease;;;;1084.77;36.0;;;;;;;0.30308;;N;;;30857.26;U;;;;;R;0.01727;1.0;;;;;a279d278bxy79d278bfaz::SYS_XY1000;;;;;;;;2024-10-31;;N;B;50420.0;1.0;0.0;SYS;2022-09-24;0;0.0;;;;0;1;;a08074b81xy8074b81b9z;VIN;
2025-04-24 16:00:03.672142;2025-04-24 16:00:03.672142;INVALID;;2023-04-28;;;;0.0;XY;;PC;XY10;0.0;708;XY;NON;RP;;MB;Other;;;ad251072fxy251072fdaz;2.99;;1216.06;;EUR;;acc40fb51xyc40fb518bz;acc40fb51xyc40fb518bz;;Act/Act;a586ae5ffxy86ae5ff77z;;0.0;EUR;0.0;50;;21777.31;XYORGF;XYORGF;RDR;TM1;;2029-04-25;;;0.0;STFIN;F;;XY1001;N;;0.0;Loan retail;;;;1695.2;72.0;;;;;;;0.338;110710.0;N;;;85579.52;N;;;;;R;0.00162;1.0;;;;;acc40fb51xyc40fb518bz::SYS_XY1000;;;;;;;;2024-10-31;;N;N;133383.31;0.0;0.0;SYS;2023-04-25;0;9845.43;;;;0;1;;a3acc1029xyacc102903z;VIN;
2025-04-24 16:00:03.672142;2025-04-24 16:00:03.672142;INVALID;24;2023-08-17;;;;0.0;XY;;PC;XY10;0.0;708;XY;NON;RP;;MB;Other;;;a22b892e4xy2b892e4b4z;6.99;;436.17;;EUR;;a5e03cc5bxye03cc5b6bz;a5e03cc5bxye03cc5b6bz;;Act/Act;a58260ef4xy8260ef464z;;0.0;EUR;0.0;50;;2500.0;XYORGF;XYORGF;RDR;TM1;;2029-08-25;;;0.0;STFIN;F;;XY1001;N;;0.0;Loan retail;;;;745.59;72.0;;;;;;;0.39;;N;;;36627.46;U;;;;;R;0.00108;1.0;;;;;a5e03cc5bxye03cc5b6bz::SYS_XY1000;;;;;;;;2024-10-31;;N;N;46117.51;0.0;0.0;SYS;2023-08-11;0;0.0;;;;0;1;;a7687e386xy687e386c5z;VIN;
2025-04-23 12:59:37.304075;2025-04-23 12:59:37.304075;INVALID;;2023-05-09;;;;0.0;XY;;VA;XY10;0.0;709;XY;NON;RSB;910.0;MB;Other;;750;a50e31ba9xy0e31ba917z;0.07;;258.49;N;EUR;N;a5a9006ddxya9006dd75z;a5a9006ddxya9006dd75z;;Act/Act;a6cb72d64xycb72d64abz;;0.0;EUR;0.0;50;0.0;0.0;XYORGF;XYORGF;RDR;TM1;;2027-05-03;;;0.0;STFIN;F;0.0;XY1001;N;;0.0;Loan retail;;;;0.0;0.0;;;;;;2023-05-03;0.32;11241.0;N;0.0;;11787.03;U;2027-05-03;;0.0;;R;0.01;1.0;;;;;a5a9006ddxya9006dd75z::SYS_XY1000;3002.0;ACE;;0.0;;;;2024-10-31;;N;N;17232.52;380.0;0.0;SYS;2023-05-03;0;0.0;0.0;;;0;1;1.0;a1ee31b5bxyee31b5b9ez;VIN;
2025-04-24 16:00:03.672142;2025-04-24 16:00:03.672142;INVALID;24B;2021-12-07;;;;0.0;XY;;PC;XY10;24063.0;708;XY;NON;RP;;MB;Other;;;aa66d2028xy66d202831z;5.78;;3024.77;;EUR;;ac985dbb5xy985dbb59cz;ac985dbb5xy985dbb59cz;;30/360;aebabfeb1xybabfeb1bbz;;0.0;EUR;0.0;50;;2193.83;XYORGF;XYORGF;RDR;TM1;;2025-11-26;;;0.0;OPLEA;F;;XY1001;N;;0.0;Operating lease;;;;698.61;48.0;;;;;;;0.34692;44755.0;N;;;31351.37;N;;;;;R;0.0026;1.0;;;;;ac985dbb5xy985dbb59cz::SYS_XY1000;;;;;;;;2024-10-31;;N;B;51323.22;0.0;0.0;SYS;2021-11-26;0;0.0;;;;0;1;;a2ee11e13xyee11e13c6z;VIN;
2025-04-24 16:00:03.672142;2025-04-24 16:00:03.672142;INVALID;;2024-07-11;;;;0.0;XY;;PC;XY10;37087.2;708;XY;NON;RP;;MB;Other;;;ac4396f85xy4396f856az;7.59;;796.97;;EUR;;aee58d154xye58d15466z;aee58d154xye58d15466z;;30/360;a7cd89dbcxycd89dbc7az;;0.0;EUR;0.0;50;;0.0;XYORGF;XYORGF;RDR;TM1;;2027-07-10;;;0.0;OPLEA;F;;XY1001;N;;0.0;Manufacturing lease;;;;1200.0;36.0;;;;;;;0.29561;68680.0;N;;;65121.36;N;;;;;R;0.00305;1.0;;;;;aee58d154xye58d15466z::SYS_XY1000;;;;;;;;2024-10-31;;N;B;68332.7;0.0;0.0;SYS;2024-07-10;0;0.0;;;;0;1;;af526f465xy526f465d8z;VIN;
2025-04-24 16:00:03.672142;2025-04-24 16:00:03.672142;INVALID;23A;2021-11-26;;;;0.0;XY;;PC;XY10;22767.8;708;XY;NON;RP;;MB;Other;;;aaad220d7xyad220d7c6z;2.55;;1386.0;;EUR;;a8b1542a5xyb1542a5adz;a8b1542a5xyb1542a5adz;;30/360;a058b0832xy58b083235z;;680.68;EUR;5.0;50;;91.38;XYORGF;XYORGF;RDR;TM1;;2025-11-26;;;0.0;OPLEA;F;;XY1001;N;;0.0;Operating lease;;;;680.68;48.0;;;;;;;0.34692;49985.0;N;;;30515.24;N;;;;;R;0.01188;1.0;;;;;a8b1542a5xyb1542a5adz::SYS_XY1000;;;;;;;;2024-10-31;;N;B;51745.0;1.0;0.0;SYS;2021-11-26;0;3447.3;;;;0;1;;a7cf2ed14xycf2ed1421z;VIN;
2025-04-24 16:00:03.672142;2025-04-24 16:00:03.672142;INVALID;L7F;2024-01-10;;;;0.0;XY;;PC;XY10;51444.45;708;XY;NON;RP;;MB;Other;;;aa72e9ed7xy72e9ed7b0z;7.88;;2037.65;;EUR;;a15d79bd1xy5d79bd137z;a15d79bd1xy5d79bd137z;;30/360;a806e6159xy06e615988z;;0.0;EUR;0.0;50;;2373.42;XYORGF;XYORGF;RDR;TM1;;2027-04-08;;;0.0;OPLEA;F;;XY1001;N;;0.0;Operating lease;;;;1587.35;39.0;;;;;;;0.29561;94705.0;N;;;85617.82;N;;;;;R;0.00305;1.0;;;;;a15d79bd1xy5d79bd137z::SYS_XY1000;;;;;;;;2024-10-31;;N;B;97034.95;0.0;0.0;SYS;2024-01-08;0;0.0;;;;0;1;;abcee3978xycee397870z;VIN;
2025-04-24 16:00:03.672142;2025-04-24 16:00:03.672142;INVALID;;2019-03-01;;;;0.0;XY;;PC;XY10;0.0;708;XY;NON;RP;;MB;Other;;;a5d150da3xyd150da31fz;2.99;;1120.85;;EUR;;a00c19528xy0c19528bbz;a00c19528xy0c19528bbz;;Act/Act;a6531efb1xy531efb1f1z;;0.0;EUR;0.0;50;;0.0;XYORGF;XYORGF;RDR;TM1;;2025-01-18;;;0.0;STFIN;F;;XY1001;N;;0.0;Loan retail;;;;639.78;72.0;;;;;;;0.346;;N;;;1881.83;U;;;;;R;0.02933;1.0;;;;;a00c19528xy0c19528bbz::SYS_XY1000;;;;;;;;2024-10-31;;N;N;42069.06;;0.0;SYS;2019-01-04;0;5799.61;;;;0;1;;a53de8113xy3de8113abz;VIN;
2025-04-24 16:00:03.672142;2025-04-24 16:00:03.672142;INVALID;;2022-02-10;;;;1052.33;XY;;PC;XY10;23906.4;708;XY;NON;RP;;MB;Other;;;a88255b13xy8255b13c4z;7.05;;3611.86;;EUR;;a610f281dxy10f281dc7z;a610f281dxy10f281dc7z;;30/360;a0e2421fdxye2421fd8bz;;974.44;EUR;23.0;50;;2256.52;XYORGF;XYORGF;RDR;TM1;;2025-08-08;;;795.0;OPLEA;F;;XY1001;N;;0.0;Operating lease;;;;904.23;42.0;;;;;;;0.30308;48525.0;N;;;30549.11;N;;;;;R;0.03047;1.0;;;;;a610f281dxy10f281dc7z::SYS_XY1000;;;;;;;;2024-10-31;;N;B;52864.12;2.0;0.0;SYS;2022-02-08;0;995.87;;;;0;1;;a4251cca5xy251cca5c9z;VIN;
2025-04-24 16:00:03.672142;2025-04-24 16:00:03.672142;INVALID;;2023-12-11;;;;0.0;XY;;PC;XY10;0.0;708;XY;NON;RP;;MB;Other;;;acdf42e8fxydf42e8fa1z;7.79;;1486.63;;EUR;;ac8abf901xy8abf90132z;ac8abf901xy8abf90132z;;Act/Act;a9073c29cxy073c29ca8z;;2362.5;EUR;10.0;50;;0.0;XYORGF;XYORGF;RDR;TM1;;2029-12-21;;;0.0;STFIN;F;;XY1001;N;;0.0;Loan retail;;;;2250.0;72.0;;;;;;;0.39;;N;;;117230.86;U;;;;;R;0.00627;1.0;;;;;ac8abf901xy8abf90132z::SYS_XY1000;;;;;;;;2024-10-31;;N;N;128663.89;1.0;0.0;SYS;2023-12-06;0;0.0;;;;0;1;;a2ddd1a0axyddd1a0a97z;VIN;
2025-04-24 16:00:03.672142;2025-04-24 16:00:03.672142;INVALID;23A;2022-12-19;;;;3281.4;XY;;PC;XY10;29980.0;708;XY;NON;RP;;MB;Other;;;aa5393140xy53931404az;7.17;;1019.21;;EUR;;a17ff216fxy7ff216fccz;a17ff216fxy7ff216fccz;;30/360;a970e679dxy70e679db5z;;0.0;EUR;0.0;50;;4568.5;XYORGF;XYORGF;RDR;TM1;;2026-12-10;;;0.0;OPLEA;F;;XY1001;N;;0.0;Operating lease;;;;1000.0;48.0;;;;;;;0.34893;58200.0;N;;;50525.37;N;;;;;R;0.0026;1.0;;;;;a17ff216fxy7ff216fccz::SYS_XY1000;;;;;;;;2024-10-31;;N;B;65677.96;0.0;0.0;SYS;2022-12-10;0;0.0;;;;0;1;;a97852934xy785293474z;VIN;
2025-05-15 07:35:41.759406;2025-05-15 07:35:41.759406;INVALID;SAA241;2024-06-22;;;;7061.0;XY;2019-03-01;PC;XY10;8160.0;2287;XY;NON;RP;;OO;;;003S0115S0122;a4548a092xy548a09256z;11.55;;2469.44;;EUR;N;aa26b6c2bxy26b6c2b87z;aa26b6c2bxy26b6c2b87z;;30/360;a24bcf641xy4bcf641a4z;;0.0;EUR;0.0;50;;5000.0;XYORGF;XYORGF;RDR;TM1;;2029-06-22;;;590.0;BAFIN;F;;XY1001;N;;0.0;Loan retail;;;;;;;;;;;;;73500.0;N;;;39925.1;U;;;0.0;;;;;;;;;aa26b6c2bxy26b6c2b87z::SYS_XY1000;;PI2013;;8.0;;;;2025-04-30;;N;U;40800.0;479.0;0.0;SYS;2024-06-22;0;0.0;;;;0;1;;a3d032ce8xyd032ce87az;VIN;
2025-04-24 16:00:03.672142;2025-04-24 16:00:03.672142;INVALID;L7F;2024-01-03;;;;300.0;XY;;PC;XY10;32032.8;708;XY;NON;RP;;MB;Other;;;a11a4ba37xy1a4ba3762z;11.07;;500.0;;EUR;;a58e79d0axy8e79d0ac3z;a58e79d0axy8e79d0ac3z;;30/360;a8399328dxy399328d60z;;0.0;EUR;0.0;50;;0.0;XYORGF;XYORGF;RDR;TM1;;2028-12-31;;;795.0;OPLEA;F;;XY1001;N;;0.0;Operating lease;;;;1159.28;60.0;;;;;;;0.33446;65675.0;N;;;64818.7;N;;;;;R;0.07362;1.0;;;;;a58e79d0axy8e79d0ac3z::SYS_XY1000;;;;;;;;2024-10-31;;N;B;71102.08;3.0;0.0;SYS;2023-12-31;0;0.0;;;;0;1;;a832320d5xy32320d5aez;VIN;
2025-04-24 16:00:03.672142;2025-04-24 16:00:03.672142;INVALID;22;2022-03-01;;;;135.8;XY;;PC;XY10;0.0;708;XY;NON;RP;;MB;Other;;;a7482388cxy482388c95z;4.99;;1077.25;;EUR;;aacfdc9d1xycfdc9d1c7z;aacfdc9d1xycfdc9d1c7z;;Act/Act;a54b8e9b2xy4b8e9b25fz;;0.0;EUR;0.0;50;;2000.0;XYORGF;XYORGF;RDR;TM1;;2028-03-14;;;0.0;STFIN;F;;XY1001;N;;0.0;Loan retail;;;;625.68;72.0;;;;;;;0.414;;N;;;23633.08;U;;;;;R;0.01556;1.0;;;;;aacfdc9d1xycfdc9d1c7z::SYS_XY1000;;;;;;;;2024-10-31;;N;N;40650.12;2.0;0.0;SYS;2022-02-28;0;974.21;;;;0;1;;a473c3990xy73c3990c3z;VIN;
2025-04-24 16:00:03.672142;2025-04-24 16:00:03.672142;INVALID;2D;2020-11-04;;;;0.0;XY;;PC;XY10;0.0;708;XY;NON;RP;;MB;Other;;;aa702e10dxy702e10de4z;2.99;;921.83;;EUR;;ad7bba384xy7bba38400z;ad7bba384xy7bba38400z;;Act/Act;ab839293fxy839293fdcz;;0.0;EUR;0.0;50;;6000.0;XYORGF;XYORGF;RDR;TM1;;2025-11-13;;;0.0;STFIN;F;;XY1001;N;;0.0;Loan retail;;;;732.13;60.0;;;;;;;0.381;;N;;;9221.81;U;;;;;R;0.00119;1.0;;;;;ad7bba384xy7bba38400z::SYS_XY1000;;;;;;;;2024-10-31;;N;N;46704.39;0.0;0.0;SYS;2020-10-29;0;155.69;;;;0;1;;ab25deddbxy25deddb8bz;VIN;
2025-05-14 10:30:48.121335;2025-05-14 10:30:48.121335;INVALID;;2022-12-27;;;;0.0;XY;;PC;XY10;2200000.0;3250;XY;NON;RSB;;MB;Other;RE;14073 ROTF  Agility 10K  Oct 2022 Campaign;aeb429965xyb4299659dz;0.0;;0.0;;EUR;N;aa99d0f68xy99d0f6847z;aa99d0f68xy99d0f6847z;;30/360;abcd502fcxycd502fcd7z;;0.0;EUR;;50;0.0;1900000.0;XYORGF;XYORGF;RDR;TM1;;2027-01-04;;;12712.0;OPFIN;F;;XY1001;N;;14831.0;Loan retail;;;ARTS_ENTERTAINMENT_AND_RECREATION;;;;;;;;;0.0;4400000.0;N;;;2296269.41;N;;;;;;0.0;;;;;IND-FS;aa99d0f68xy99d0f6847z::SYS_XY1000;;PC;1.0;;;;;2024-09-30;;N;T;4400000.0;364.0;24118.0;SYS;2022-12-27;0;109712.0;;;;0;1;;a8778c269xy778c26955z;VIN;
2025-04-23 12:59:37.304075;2025-04-23 12:59:37.304075;INVALID;ABS;2020-10-07;;;;0.0;XY;;PC;XY10;0.0;3279;XY;NON;RP;910.0;MB;Other;;790;aaa59df70xya59df707ez;0.0089;;150.0;N;EUR;N;a89843289xy98432892fz;a89843289xy98432892fz;;Act/Act;abdfab996xydfab996e9z;;0.0;EUR;0.0;50;0.0;37888.0;XYORGF;XYORGF;RDR;TM1;;2025-10-02;;;0.0;STFIN;F;0.0;XY1001;N;;0.0;Loan retail;;;;0.0;0.0;;;;;;2020-10-02;0.38;59650.0;N;0.0;;6508.42;N;2025-10-02;;0.0;;R;0.003;1.0;;;;;a89843289xy98432892fz::SYS_XY1000;3002.0;ACE;;0.0;;;;2024-10-31;;N;N;70277.75;339.0;0.0;SYS;2020-10-02;0;2512.23;0.0;;;0;1;1.0;a51078c76xy1078c7695z;VIN;
2025-04-24 16:00:03.672142;2025-04-24 16:00:03.672142;INVALID;L7F;2021-08-27;;;;229.61;XY;;PC;XY10;22544.6;708;XY;NON;RP;;MB;Other;;;a6354abb8xy354abb83fz;2.12;;759.64;;EUR;;ae60c3d13xy60c3d1340z;ae60c3d13xy60c3d1340z;;30/360;a8f532ab9xyf532ab9faz;;0.0;EUR;0.0;50;;1898.11;XYORGF;XYORGF;RDR;TM1;;2025-08-21;;;795.0;OPLEA;F;;XY1001;N;;0.0;Operating lease;;;;587.89;48.0;;;;;;;0.30072;;N;;;27851.45;U;;;;;R;0.01723;1.0;;;;;ae60c3d13xy60c3d1340z::SYS_XY1000;;;;;;;;2024-10-31;;N;B;48665.69;1.0;0.0;SYS;2021-08-21;0;2542.14;;;;0;1;;abcb3189exycb3189e15z;VIN;
2025-04-24 16:00:03.672142;2025-04-24 16:00:03.672142;INVALID;23;2020-07-23;;;;0.0;XY;;PC;XY10;0.0;708;XY;NON;RP;;MB;Other;;;a345e6aabxy45e6aab6az;2.45;;643.78;;EUR;;adbc18904xybc1890440z;adbc18904xybc1890440z;;Act/Act;a06d28d61xy6d28d61b8z;;0.0;EUR;0.0;50;;11500.0;XYORGF;XYORGF;RDR;TM1;;2025-07-28;;;0.0;STFIN;F;;XY1001;N;;0.0;Loan retail;;;;1043.4;60.0;;;;;;;0.34;65575.0;N;;;9272.63;N;;;;;R;0.0019;1.0;;;;;adbc18904xybc1890440z::SYS_XY1000;;;;;;;;2024-10-31;;N;N;70304.7;0.0;0.0;SYS;2020-07-13;0;2505.86;;;;0;1;;afd64f60bxyd64f60b2cz;VIN;
2025-04-24 16:00:03.672142;2025-04-24 16:00:03.672142;INVALID;;2022-03-16;;;;795.0;XY;;PC;XY10;0.0;708;XY;NON;RP;;MB;Other;;;a30844ec7xy0844ec72az;5.79;;2560.98;;EUR;;ac272fff0xy272fff086z;ac272fff0xy272fff086z;;Act/Act;a70348be2xy0348be21bz;;1088.09;EUR;30.0;50;;7551.36;XYORGF;XYORGF;RDR;TM1;;2027-03-30;;;0.0;STFIN;F;;XY1001;N;;0.0;Loan retail;;;;1088.09;60.0;;;;;;;0.345;55615.0;N;;;30477.04;N;;;;;R;0.01074;1.0;;;;;ac272fff0xy272fff086z::SYS_XY1000;;;;;;;;2024-10-31;;N;N;63196.69;1.0;0.0;SYS;2022-03-16;0;0.0;;;;0;1;;abff37181xyff37181c7z;VIN;
2025-04-24 16:00:03.672142;2025-04-24 16:00:03.672142;INVALID;2D;2023-03-02;;;;0.0;XY;;PC;XY10;0.0;708;XY;NON;RP;;MB;Other;;;a5ec7cffaxyec7cffa4dz;9.99;;9627.57;;EUR;;a8bdba5dfxybdba5dfa2z;a8bdba5dfxybdba5dfa2z;2024-04-08;Act/Act;a96e80ab2xy6e80ab231z;;5015.41;EUR;46.0;50;;2500.0;XYORGF;XYORGF;RDR;TM1;;2029-05-15;;;0.0;STFIN;F;;XY1001;N;;0.0;Loan retail;;;;3211.72;74.0;;;;;;;0.338;148050.0;N;;;149808.57;N;;;;;R;0.02424;1.0;;;;;a8bdba5dfxybdba5dfa2z::SYS_XY1000;;;;;;;;2024-10-31;;Y;N;175193.15;2.0;0.0;SYS;2023-02-28;0;0.0;;;;0;1;;a9b24b624xyb24b624bez;VIN;
2025-04-24 16:00:03.672142;2025-04-24 16:00:03.672142;INVALID;;2024-07-29;;;;0.0;XY;;PC;XY10;0.0;708;XY;NON;RP;;MB;Other;;;ac922024bxy922024be5z;2.99;;588.17;;EUR;;a769d90f6xy69d90f6e9z;a769d90f6xy69d90f6e9z;;Act/Act;a8e7a5a46xye7a5a4605z;;0.0;EUR;0.0;50;;0.0;XYORGF;XYORGF;RDR;TM1;;2027-08-06;;;0.0;STFIN;F;;XY1001;N;;0.0;Loan retail;;;;1056.49;36.0;;;;;;;0.39;;N;;;34473.72;U;;;;;R;0.00753;1.0;;;;;a769d90f6xy69d90f6e9z::SYS_XY1000;;;;;;;;2024-10-31;;N;N;36292.37;1.0;0.0;SYS;2024-07-23;0;2537.92;;;;0;1;;a4aca6807xyaca68078az;VIN;
2025-04-24 16:00:03.672142;2025-04-24 16:00:03.672142;INVALID;;2024-10-15;;;;300.0;XY;;PC;XY10;24120.25;708;XY;NON;RP;;MB;Other;;;a1bb511a3xybb511a37ez;3.53;;400.0;;EUR;;aa9279956xy92799565az;aa9279956xy92799565az;;30/360;a806e6159xy06e615988z;;0.0;EUR;0.0;50;;5376.7;XYORGF;XYORGF;RDR;TM1;;2028-10-12;;;795.0;OPLEA;F;;XY1001;N;;0.0;Operating lease;;;;586.83;48.0;;;;;;;0.33446;49225.0;N;;;51468.74;N;;;;;R;0.00305;1.0;;;;;aa9279956xy92799565az::SYS_XY1000;;;;;;;;2024-10-31;;N;B;51534.41;0.0;0.0;SYS;2024-10-12;0;2287.77;;;;0;1;;ad21f5a20xy21f5a20dfz;VIN;
2025-05-15 07:27:53.805558;2025-05-15 07:27:53.805558;INVALID;;2020-06-17;;;;0.0;XY;2020-05-12;VA;XY10;673.23;1042;XY;NON;RSB;;MB;;;no campaign;a54133ec9xy4133ec9a6z;7.5;;0.0;;EUR;;a6af9a153xyaf9a153b6z;a6af9a153xyaf9a153b6z;;30/360;a45546e0bxy5546e0b0fz;;0.0;EUR;0.0;50;0.0;0.0;XYORGF;XYORGF;RDR;TM1;;2025-05-31;;;0.0;BFLEA;V;3.0;XY1001;N;;0.0;Finance lease;;;;;;;;;;;2024-08-31;;43574.0;;;;5203.89;N;2024-11-30;;;;;;1.0;;;;;a6af9a153xyaf9a153b6z::SYS_XY1000;;G1AAAT;1.0;;;;;2024-10-31;;N;N;36300.0;746.0;0.0;SYS;2020-06-01;0;0.0;;;;0;1;1.0;a113e7262xy13e726298z;VIN;
2025-05-15 07:27:53.805558;2025-05-15 07:27:53.805558;INVALID;;2023-05-26;;;;0.0;XY;2023-05-10;PC;XY10;22658.51;1042;XY;NON;RSB;;MB;;;Mercedes-Benz Bank Bonus gewerblich 2023-02Q;aebf64e5axybf64e5a8az;8.1861;;0.0;;EUR;;a86850db9xy6850db9fcz;a1f546c85xyf546c85d7z;;30/360;a420314f1xy20314f1cez;;0.0;EUR;0.0;50;0.0;4166.67;XYORGF;XYORGF;RDR;TM1;;2027-05-31;;;0.0;OPLEA;F;;XY1001;N;;0.0;Manufacturing lease;;;;;;;;;;;;;44868.34;;;;34463.95;N;;;;;;;1.0;;;;;a1f546c85xyf546c85d7z::SYS_XY1000;;RSB;1.0;;;;;2024-10-31;;N;B;40624.91;704.0;0.0;SYS;2023-05-26;0;0.0;;;;0;1;;a65b61e49xy5b61e49a8z;VIN;
2025-04-24 16:00:03.672142;2025-04-24 16:00:03.672142;INVALID;;2022-09-14;;;;0.0;XY;;PC;XY10;39802.0;708;XY;NON;RP;;MB;Other;;;a7d77d354xyd77d35461z;9.35;;2928.21;;EUR;;a29d2871cxy9d2871cf1z;a29d2871cxy9d2871cf1z;;30/360;a144090a5xy44090a521z;;0.0;EUR;0.0;50;;0.0;XYORGF;XYORGF;RDR;TM1;;2025-08-26;;;0.0;OPLEA;F;;XY1001;N;;0.0;Operating lease;;;;42368.04;36.0;;;;;;;0.30308;69435.0;N;;;48725.32;N;;;;;R;0.00104;1.0;;;;;a29d2871cxy9d2871cf1z::SYS_XY1000;;;;;;;;2024-10-31;;N;B;73565.0;0.0;0.0;SYS;2022-08-26;0;0.0;;;;0;1;;ae3c8d700xy3c8d700bbz;VIN;
2025-04-24 16:00:03.672142;2025-04-24 16:00:03.672142;INVALID;;2024-02-05;;;;300.0;XY;;PC;XY10;52642.35;708;XY;NON;RSB;;MB;Other;;;a309b8b98xy09b8b985bz;9.26;;3992.07;;EUR;;ae6c53c52xy6c53c5241z;ae6c53c52xy6c53c5241z;;30/360;a54b8e9b2xy4b8e9b25fz;;0.0;EUR;0.0;50;;8664.97;XYORGF;XYORGF;RDR;TM1;;2027-01-31;;;795.0;OPLEA;F;;XY1001;N;;0.0;Operating lease;;;;1517.45;36.0;;;;;;;0.29561;90555.0;N;;;84876.66;N;;;;;R;0.00305;1.0;;;;;ae6c53c52xy6c53c5241z::SYS_XY1000;;;;;;;;2024-10-31;;N;B;95374.5;0.0;0.0;SYS;2024-01-31;0;0.0;;;;0;1;;a3cf424e6xycf424e6e7z;VIN;
2025-04-24 16:00:03.672142;2025-04-24 16:00:03.672142;INVALID;;2023-05-30;;;;0.0;XY;;PC;XY10;52704.0;708;XY;NON;RP;;MB;Other;;;a86a2dc7fxy6a2dc7fa0z;6.52;;300.0;;EUR;;a6e8a7c25xye8a7c2539z;a6e8a7c25xye8a7c2539z;;30/360;aecc58ae9xycc58ae96bz;;0.0;EUR;0.0;50;;18144.23;XYORGF;XYORGF;RDR;TM1;;2025-05-21;;;0.0;OPLEA;F;;XY1001;N;;0.0;Operating lease;;;;539.72;24.0;;;;;;;0.29561;82350.0;N;;;59341.42;N;;;;;R;0.00253;1.0;;;;;a6e8a7c25xye8a7c2539z::SYS_XY1000;;;;;;;;2024-10-31;;N;B;76598.49;0.0;0.0;SYS;2023-05-21;0;0.0;;;;0;1;;a52bcecefxy2bcecefedz;VIN;
2025-04-24 16:00:03.672142;2025-04-24 16:00:03.672142;INVALID;24B;2022-09-06;;;;1928.84;XY;;PC;XY10;21740.85;708;XY;NON;RP;;MB;Other;;;a9247cdbbxy247cdbbc7z;6.24;;500.0;;EUR;;ad8d838b5xy8d838b528z;ad8d838b5xy8d838b528z;;30/360;a74156bb0xy4156bb0cez;;0.0;EUR;0.0;50;;2302.12;XYORGF;XYORGF;RDR;TM1;;2026-02-23;;;0.0;OPLEA;F;;XY1001;N;;0.0;Operating lease;;;;830.0;42.0;;;;;;;0.30308;;N;;;32772.58;U;;;;;R;0.01727;1.0;;;;;ad8d838b5xy8d838b528z::SYS_XY1000;;;;;;;;2024-10-31;;N;B;49261.4;1.0;0.0;SYS;2022-08-23;0;0.0;;;;0;1;;a6df05b1fxydf05b1fb3z;VIN;
2025-04-24 16:00:03.672142;2025-04-24 16:00:03.672142;INVALID;23A;2022-09-06;;;;0.0;XY;;PC;XY10;32606.75;708;XY;NON;RP;;MB;Other;;;a6f190cdexyf190cdee5z;7.26;;1754.68;;EUR;;ab9fe2c22xy9fe2c2271z;ab9fe2c22xy9fe2c2271z;;30/360;aac4729a9xyc4729a916z;;0.0;EUR;0.0;50;;12068.62;XYORGF;XYORGF;RDR;TM1;;2025-09-05;;;795.0;OPLEA;F;;XY1001;N;;0.0;Operating lease;;;;685.38;36.0;;;;;;;0.30308;59285.0;N;;;40251.66;N;;;;;R;0.0026;1.0;;;;;ab9fe2c22xy9fe2c2271z::SYS_XY1000;;;;;;;;2024-10-31;;N;B;59766.25;0.0;0.0;SYS;2022-09-05;0;0.0;;;;0;1;;a58f35e23xy8f35e23fez;VIN;
2025-05-15 07:35:41.759406;2025-05-15 07:35:41.759406;INVALID;;2024-09-20;;;;0.0;XY;2024-06-22;PC;XY10;19000.0;2287;XY;NON;CF;;OO;;;4;ab8379c17xy8379c17e1z;6.1;;0.0;;EUR;N;a937ad11bxy37ad11badz;a937ad11bxy37ad11badz;;30/360;a028dea43xy28dea4379z;;0.0;EUR;0.0;50;;0.0;XYORGF;XYORGF;RDR;TM1;;2026-09-17;;;0.0;BAFIN;F;;XY1001;N;;0.0;Loan retail;;;;;;;;;;;;;35319.4;N;;;30834.0;N;;;0.0;;;;;;;;;a937ad11bxy37ad11badz::SYS_XY1000;;;;4.18;;;;2025-04-30;;N;U;35319.4;;0.0;SYS;2024-09-17;0;0.0;;;;0;1;;aa2af4216xy2af421630z;VIN;
2025-04-24 16:00:03.672142;2025-04-24 16:00:03.672142;INVALID;24B;2024-05-22;;;;300.0;XY;;PC;XY10;39047.85;708;XY;NON;RP;;MB;Other;;;ae586b0b3xy586b0b347z;1.09;;400.0;;EUR;;aa91cd642xy91cd64237z;aa91cd642xy91cd64237z;;30/360;a9bd02ee4xybd02ee429z;;0.0;EUR;0.0;50;;0.0;XYORGF;XYORGF;RDR;TM1;;2027-05-21;;;795.0;OPLEA;F;;XY1001;N;;0.0;Operating lease;;;;732.86;36.0;;;;;;;0.29561;67245.0;N;;;59426.0;N;;;;;R;0.01413;1.0;;;;;aa91cd642xy91cd64237z::SYS_XY1000;;;;;;;;2024-10-31;;N;B;62670.0;1.0;0.0;SYS;2024-05-21;0;8244.0;;;;0;1;;ac7701265xy770126558z;VIN;
2025-05-15 07:35:41.759406;2025-05-15 07:35:41.759406;INVALID;;2021-03-31;;;;5184.98;XY;2021-02-09;PC;XY10;0.0;2287;XY;NON;RSB;;MB;;;004S0066S0115S0121;a3894c16fxy894c16f57z;3.89;;788.8;;EUR;N;a7b61fce7xyb61fce7e4z;a7b61fce7xyb61fce7e4z;;30/360;a48cef090xy8cef09038z;;1714.29;EUR;30.0;50;;11000.0;XYORGF;XYORGF;RDR;TM1;;2026-03-31;;;490.0;STFIN;F;;XY1001;N;;0.0;Loan retail;;;;;;;;;;;;;66900.0;N;;;14311.8;N;;;0.0;;;;;;;;;a7b61fce7xyb61fce7e4z::SYS_XY1000;;PI2013;;4.0;;;;2025-04-30;;N;N;69695.0;771.0;0.0;SYS;2021-03-31;0;0.0;;;;0;1;;a43ff3bf3xy3ff3bf31az;VIN;
2025-04-24 16:00:03.672142;2025-04-24 16:00:03.672142;INVALID;;2024-08-12;;;;3310.35;XY;;PC;XY10;33822.0;708;XY;NON;RP;;MB;Other;;;ae3bd380axy3bd380abfz;6.92;;1830.22;;EUR;;a74a85b5bxy4a85b5be3z;a74a85b5bxy4a85b5be3z;;30/360;ab839293fxy839293fdcz;;0.0;EUR;0.0;50;;2933.62;XYORGF;XYORGF;RDR;TM1;;2028-08-08;;;795.0;OPLEA;F;;XY1001;N;;0.0;Operating lease;;;;1442.41;48.0;;;;;;;0.33446;72210.0;N;;;85321.02;N;;;;;R;0.01413;1.0;;;;;a74a85b5bxy4a85b5be3z::SYS_XY1000;;;;;;;;2024-10-31;;N;B;85160.57;1.0;0.0;SYS;2024-08-08;0;1045.95;;;;0;1;;a6c6d4a60xyc6d4a6007z;VIN;
2025-05-12 12:35:38.800057;2025-05-12 12:35:38.800057;INVALID;;2020-03-23;;;;0.0;XY;2016-11-04;VA;XY10;2000.0;8205;XY;NON;RSB;;MB;;;Q1-2020 Van 4,99 % Used;a456132fexy56132fe3ez;0.08;;0.0;;EUR;N;ab0c94789xy0c947897az;ab0c94789xy0c947897az;;30/360;acfb6aabaxyfb6aaba96z;;-196.88;EUR;397.0;50;;2078.27;XYORGF;XYORGF;RDR;TM1;;2023-12-19;;;0.0;BFLEA;F;;XY1001;Y;;124.31;Finance lease;;;;;;;;;;;;;17275.0;N;;;0.0;U;;;0.0;;A;0.0;1.0;;Internal;;;ab0c94789xy0c947897az::SYS_XY1000;;RSB;4.0;0.0;;;;2024-10-31;;N;N;12023.27;393.0;0.0;SYS;2020-03-20;1;0.0;;;;6;1;;a665cc4ebxy65cc4eb3bz;VIN;
2025-04-23 12:59:37.304075;2025-04-23 12:59:37.304075;INVALID;;2022-06-28;;;;0.0;XY;;PC;XY10;0.0;709;XY;NON;RP;910.0;MB;Other;;415;a98f74a42xy8f74a4207z;0.06;;748.53;N;EUR;N;a10c6f27axy0c6f27af0z;a10c6f27axy0c6f27af0z;;Act/Act;a9d0b159bxyd0b159b07z;;0.0;EUR;0.0;50;0.0;5000.0;XYORGF;XYORGF;RDR;TM1;;2028-06-25;;;0.0;STFIN;F;0.0;XY1001;N;;0.0;Loan retail;;;;0.0;0.0;;;;;;2022-06-25;0.37;64340.0;N;0.0;;48956.47;N;2028-06-25;;0.0;;R;0.01;1.0;;;;;a10c6f27axy0c6f27af0z::SYS_XY1000;3002.0;ACE;;0.0;;;;2024-10-31;;N;N;79852.89;274.0;0.0;SYS;2022-06-25;0;1052.7;0.0;;;0;1;1.0;ab97483b0xy97483b0a6z;VIN;
2025-05-12 12:35:38.800057;2025-05-12 12:35:38.800057;INVALID;;2023-10-09;;;;0.0;XY;2022-08-31;PC;XY10;10000.0;8205;XY;NON;RP;;MB;;;Q3-2023 - 6,99% Used;a4fd2caebxyfd2caebf8z;0.06;;0.0;;EUR;N;ade65e6cbxye65e6cb36z;ade65e6cbxye65e6cb36z;;30/360;a4f854175xyf8541751fz;;0.0;EUR;0.0;50;;42624.99;XYORGF;XYORGF;RDR;TM1;;2027-10-05;;;0.0;BFLEA;F;;XY1001;N;;0.0;Loan retail;;;;;;;;;;;;;73504.0;N;;;34112.02;U;;;0.0;;R;0.0;1.0;;Internal;;;ade65e6cbxye65e6cb36z::SYS_XY1000;;RP;2.0;0.0;;;;2024-10-31;;N;N;84624.99;249.0;0.0;SYS;2023-10-06;0;0.0;;;;0;1;;a681f210bxy81f210badz;VIN;
2025-04-24 16:00:03.672142;2025-04-24 16:00:03.672142;INVALID;;2024-01-02;;;;2136.94;XY;;PC;XY10;54971.6;708;XY;NON;RP;;MB;Other;;;a4256971axy256971a25z;2.39;;1508.42;;EUR;;af8ab771fxy8ab771f12z;af8ab771fxy8ab771f12z;;30/360;a7d37dd64xyd37dd64bdz;;0.0;EUR;0.0;50;;18739.18;XYORGF;XYORGF;RDR;TM1;;2026-12-31;;;795.0;OPLEA;F;;XY1001;N;;0.0;Operating lease;;;;697.61;36.0;;;;;;;0.29561;;N;;;82676.87;U;;;;;R;0.00253;1.0;;;;;af8ab771fxy8ab771f12z::SYS_XY1000;;;;;;;;2024-10-31;;N;B;91245.0;0.0;0.0;SYS;2023-12-31;0;9316.44;;;;0;1;;a594f0affxy94f0affcfz;VIN;
2025-04-24 16:00:03.672142;2025-04-24 16:00:03.672142;INVALID;;2024-07-15;;;;0.0;XY;;VA;XY10;0.0;708;XY;NON;RP;;MB;Other;;;a47c84c4dxy7c84c4d4fz;5.9;;300.0;;EUR;;ab6d998ebxy6d998eb8cz;ab6d998ebxy6d998eb8cz;;Act/Act;a5fd32d24xyfd32d242az;;0.0;EUR;0.0;50;;13000.0;XYORGF;XYORGF;RDR;TM1;;2029-07-24;;;0.0;STFIN;F;;XY1001;N;;0.0;Loan retail;;;;832.15;60.0;;;;;;;0.338;56383.0;N;;;41329.77;N;;;;;R;0.01182;1.0;;;;;ab6d998ebxy6d998eb8cz::SYS_XY1000;;;;;;;;2024-10-31;;N;N;56043.21;1.0;0.0;SYS;2024-07-09;0;1183.75;;;;0;1;;ad4fdd65cxy4fdd65ce0z;VIN;
2025-04-23 12:59:37.304075;2025-04-23 12:59:37.304075;INVALID;;2023-11-28;;;;0.0;XY;;PC;XY10;86556.05;709;XY;NON;RP;910.0;MB;Other;;E33;a4a205affxya205affdaz;0.02;;1720.12;N;EUR;N;a61a4f190xy1a4f190a2z;a61a4f190xy1a4f190a2z;;30/360;a50286a11xy0286a1141z;;0.0;EUR;0.0;50;0.0;0.0;XYORGF;XYORGF;RDR;TM1;;2027-11-22;;;0.0;OPLEA;F;0.0;XY1001;N;;0.0;Operating lease;;;;0.0;0.0;;;;;;2023-11-22;0.21;176645.0;N;0.0;;135514.5;N;2027-11-22;;0.0;;A;0.00368;1.0;;;;;a61a4f190xy1a4f190a2z::SYS_XY1000;3105.0;ACE;;0.0;;;;2024-10-31;;N;B;172012.1;281.0;0.0;SYS;2023-11-22;0;23143.3;0.0;;;0;1;1.0;a8a197708xya19770805z;VIN;
2025-04-24 16:00:03.672142;2025-04-24 16:00:03.672142;INVALID;12;2020-12-21;;;;0.0;XY;;PC;XY10;0.0;708;XY;NON;RP;;MB;Other;;;adb211462xyb211462d7z;1.99;;574.05;;EUR;;a087b2599xy87b2599c0z;a087b2599xy87b2599c0z;;Act/Act;a8be77863xybe77863d7z;;0.0;EUR;0.0;50;;6000.0;XYORGF;XYORGF;RDR;TM1;;2026-12-19;;;0.0;STFIN;F;;XY1001;N;;0.0;Loan retail;;;;699.04;72.0;;;;;;;0.34;50905.0;N;;;16992.94;N;;;;;R;0.01113;1.0;;;;;a087b2599xy87b2599c0z::SYS_XY1000;;;;;;;;2024-10-31;;N;N;53405.41;1.0;0.0;SYS;2020-12-19;0;2725.71;;;;0;1;;a695a6b18xy95a6b18b6z;VIN;
2025-04-23 12:59:37.304075;2025-04-23 12:59:37.304075;INVALID;;2023-12-20;;;;0.0;XY;;PC;XY10;0.0;709;XY;NON;RP;910.0;MB;Other;;E69;aa592d501xy592d50192z;0.07;;1074.21;N;EUR;N;a4715d504xy715d50413z;a4715d504xy715d50413z;;Act/Act;a44107838xy410783808z;;0.0;EUR;0.0;50;0.0;1953.42;XYORGF;XYORGF;RDR;TM1;;2026-12-01;;;0.0;STFIN;F;0.0;XY1001;N;;0.0;Loan retail;;;;0.0;0.0;;;;;;2023-12-01;0.32;94500.0;N;0.0;;80891.75;U;2026-12-01;;0.0;;R;0.00368;1.0;;;;;a4715d504xy715d50413z::SYS_XY1000;3002.0;ACE;;0.0;;;;2024-10-31;;N;N;109395.77;298.0;0.0;SYS;2023-12-01;0;473.53;0.0;;;0;1;1.0;a6727be7exy727be7efbz;VIN;
2025-04-24 16:00:03.672142;2025-04-24 16:00:03.672142;INVALID;;2024-10-29;;;;10511.1;XY;;PC;XY10;65398.0;708;XY;NON;RP;;MB;Other;;;a0a7a5690xya7a569054z;7.35;;500.0;;EUR;;ab4e1ee8dxy4e1ee8df8z;ab4e1ee8dxy4e1ee8df8z;;30/360;acda0ecb9xyda0ecb9e0z;;0.0;EUR;0.0;50;;32000.77;XYORGF;XYORGF;RDR;TM1;;2029-10-28;;;795.0;OPLEA;F;;XY1001;N;;0.0;Operating lease;;;;2175.0;60.0;;;;;;;0.33446;172100.0;N;;;185923.59;N;;;;;R;0.01413;1.0;;;;;ab4e1ee8dxy4e1ee8df8z::SYS_XY1000;;;;;;;;2024-10-31;;N;B;175613.7;1.0;0.0;SYS;2024-10-28;0;0.0;;;;0;1;;a53958886xy395888606z;VIN;
2025-04-24 16:00:03.672142;2025-04-24 16:00:03.672142;INVALID;;2023-01-17;;;;6365.1;XY;;PC;XY10;44086.65;708;XY;NON;RP;;MB;Other;;;a45f56d4dxy5f56d4d7bz;9.85;;8334.61;;EUR;;a3f859af8xyf859af841z;a3f859af8xyf859af841z;;30/360;ae25100efxy25100ef80z;;0.0;EUR;0.0;50;;18065.9;XYORGF;XYORGF;RDR;TM1;;2027-01-15;;;795.0;OPLEA;F;;XY1001;N;;0.0;Operating lease;;;;1934.1;48.0;;;;;;;0.33446;116390.0;N;;;88053.5;N;;;;;R;0.00253;1.0;;;;;a3f859af8xyf859af841z::SYS_XY1000;;;;;;;;2024-10-31;;N;B;117460.0;0.0;0.0;SYS;2023-01-15;0;0.0;;;;0;1;;af9d0ab5dxy9d0ab5df7z;VIN;
2025-04-24 16:00:03.672142;2025-04-24 16:00:03.672142;INVALID;L7F;2020-12-09;;;;300.0;XY;;PC;XY10;27915.75;708;XY;NON;RP;;MB;Other;;;a6a20a2d7xya20a2d7fez;6.11;;2094.99;;EUR;;af6e61f9axy6e61f9ae8z;af6e61f9axy6e61f9ae8z;;30/360;a3649d8faxy649d8fa0fz;;0.0;EUR;0.0;50;;4020.62;XYORGF;XYORGF;RDR;TM1;;2024-12-08;;;795.0;OPLEA;F;;XY1001;N;;0.0;Operating lease;;;;830.41;48.0;;;;;;;0.3256;59785.0;N;;;28754.58;N;;;;;R;0.14563;1.0;;;;;af6e61f9axy6e61f9ae8z::SYS_XY1000;;;;;;;;2024-10-31;;N;B;60265.73;4.0;0.0;SYS;2020-12-08;0;2599.56;;;;0;1;;a911917d5xy11917d5e7z;VIN;
2025-04-24 16:00:03.672142;2025-04-24 16:00:03.672142;INVALID;;2021-09-20;;;;0.0;XY;;PC;XY10;0.0;708;XY;NON;RP;;MB;Other;;;a7554d86bxy554d86b6fz;7.99;;1673.18;;EUR;;a4465f67bxy465f67b19z;a4465f67bxy465f67b19z;;Act/Act;a614b5561xy14b55616az;;138.08;EUR;30.0;50;;5000.0;XYORGF;XYORGF;RDR;TM1;;2027-10-01;;;0.0;STFIN;F;;XY1001;N;;0.0;Loan retail;;;;780.77;72.0;;;;;;;0.416;;N;;;25156.65;U;;;;;R;0.02554;1.0;;;;;a4465f67bxy465f67b19z::SYS_XY1000;;;;;;;;2024-10-31;;N;N;49392.1;3.0;0.0;SYS;2021-09-17;0;0.0;;;;0;1;;a9000a346xy000a3469ez;VIN;
2025-05-15 07:35:41.759406;2025-05-15 07:35:41.759406;INVALID;;2025-02-07;;;;1192.8;XY;2024-02-01;PC;XY10;16000.0;2287;XY;NON;CF;;OO;;;5;aa2c494b8xy2c494b835z;6.3;;0.0;;EUR;N;aa02fff7bxy02fff7bb8z;a7c0296baxyc0296bab3z;;30/360;a028dea43xy28dea4379z;;0.0;EUR;0.0;50;;0.0;XYORGF;XYORGF;RDR;TM1;;2027-02-05;;;0.0;FILEA;F;;XY1001;N;;0.0;Finance lease;;;;;;;;;;;;;26938.3;N;;;25627.1;N;;;0.0;;;;;;;;;a7c0296baxyc0296bab3z::SYS_XY1000;;;;2.64;;;;2025-04-30;;N;U;25745.5;;0.0;SYS;2025-02-05;0;0.0;;;;0;1;;a6221fb84xy221fb84dez;VIN;
2025-05-15 07:35:41.759406;2025-05-15 07:35:41.759406;INVALID;SAA241;2021-07-20;;;;490.0;XY;2018-05-15;PC;XY10;7883.36;2287;XY;NON;RP;;MB;;;003S0115S0122;a9e1279f3xye1279f35ez;6.9;;0.0;;EUR;N;a3846d047xy846d0476bz;a3846d047xy846d0476bz;;30/360;aac25f0f6xyc25f0f667z;;0.0;EUR;0.0;50;;0.0;XYORGF;XYORGF;RDR;TM1;;2026-07-20;;;490.0;BAFIN;F;;XY1001;N;;0.0;Loan retail;;;;;;;;;;;;;70612.0;N;;;16960.2;U;;;0.0;;;;;;;;;a3846d047xy846d0476bz::SYS_XY1000;;PI2013;;4.0;;;;2025-04-30;;N;U;39550.6;785.0;0.0;SYS;2021-07-20;0;0.0;;;;0;1;;a13e9af4cxy3e9af4cc2z;VIN;
2025-04-24 16:00:03.672142;2025-04-24 16:00:03.672142;INVALID;23;2022-09-06;;;;0.0;XY;;PC;XY10;0.0;708;XY;NON;RP;;MB;Other;;;af1b3d688xy1b3d68817z;5.94;;602.78;;EUR;;a9e677046xye677046d4z;a9e677046xye677046d4z;;Act/Act;a58260ef4xy8260ef464z;;0.0;EUR;0.0;50;;4000.0;XYORGF;XYORGF;RDR;TM1;;2028-08-27;;;0.0;STFIN;F;;XY1001;N;;0.0;Loan retail;;;;999.75;72.0;;;;;;;0.345;;N;;;41061.97;U;;;;;R;0.01074;1.0;;;;;a9e677046xye677046d4z::SYS_XY1000;;;;;;;;2024-10-31;;N;N;64278.63;1.0;0.0;SYS;2022-08-13;0;0.0;;;;0;1;;ac557f4d7xy557f4d70cz;VIN;
2025-04-24 16:00:03.672142;2025-04-24 16:00:03.672142;INVALID;;2024-09-05;;;;2354.42;XY;;PC;XY10;28576.95;708;XY;NON;RP;;MB;Other;;;a881313a9xy81313a908z;5.81;;796.94;;EUR;;ae9430541xy943054116z;ae9430541xy943054116z;;30/360;af2b33d83xy2b33d83e9z;;0.0;EUR;0.0;50;;0.0;XYORGF;XYORGF;RDR;TM1;;2027-08-31;;;795.0;OPLEA;F;;XY1001;N;;0.0;Operating lease;;;;799.08;36.0;;;;;;;0.29561;50135.0;N;;;48496.97;N;;;;;R;0.00305;1.0;;;;;ae9430541xy943054116z::SYS_XY1000;;;;;;;;2024-10-31;;N;B;47335.0;0.0;0.0;SYS;2024-08-31;0;1030.64;;;;0;1;;a5c5eb656xyc5eb65600z;VIN;
2025-04-24 16:00:03.672142;2025-04-24 16:00:03.672142;INVALID;;2024-07-23;;;;995.0;XY;;PC;XY10;0.0;708;XY;NON;RP;;MB;Other;;;aaf750104xyf75010477z;8.99;;1441.51;;EUR;;acc91a255xyc91a2552fz;acc91a255xyc91a2552fz;;Act/Act;a66631941xy66319415cz;;0.0;EUR;0.0;50;;1340.0;XYORGF;XYORGF;RDR;TM1;;2030-08-03;;;0.0;STFIN;F;;XY1001;N;;0.0;Loan retail;;;;418.79;72.0;;;;;;;0.39;;N;;;22899.69;U;;;;;R;0.00131;1.0;;;;;acc91a255xyc91a2552fz::SYS_XY1000;;;;;;;;2024-10-31;;N;N;23499.4;0.0;0.0;SYS;2024-07-20;0;0.0;;;;0;1;;afe0d0b6fxye0d0b6fd8z;VIN;
2025-04-24 16:00:03.672142;2025-04-24 16:00:03.672142;INVALID;24;2023-09-25;;;;0.0;XY;;PC;XY10;0.0;708;XY;NON;RP;;MB;Other;;;a61b440d9xy1b440d96cz;10.59;;5394.42;;EUR;;a390a0270xy90a027052z;a390a0270xy90a027052z;;Act/Act;a3aa3c73dxyaa3c73de8z;;0.0;EUR;0.0;50;;22500.0;XYORGF;XYORGF;RDR;TM1;;2029-09-23;;;0.0;STFIN;F;;XY1001;N;;0.0;Loan retail;;;;1807.07;72.0;;;;;;;0.338;98930.0;N;;;83042.16;N;;;;;R;0.02424;1.0;;;;;a390a0270xy90a027052z::SYS_XY1000;;;;;;;;2024-10-31;;N;N;118494.63;2.0;0.0;SYS;2023-09-23;0;0.0;;;;0;1;;ada45e985xya45e98503z;VIN;
2025-04-24 16:00:03.672142;2025-04-24 16:00:03.672142;INVALID;L7F;2021-03-19;;;;300.0;XY;;PC;XY10;25553.0;708;XY;NON;RP;;MB;Other;;;a75e57188xy5e57188d4z;1.45;;300.0;;EUR;;a9462b05bxy462b05bb2z;a9462b05bxy462b05bb2z;;30/360;a2fab13a2xyfab13a242z;;0.0;EUR;0.0;50;;0.0;XYORGF;XYORGF;RDR;TM1;;2025-03-05;;;795.0;OPLEA;F;;XY1001;N;;0.0;Operating lease;;;;593.61;48.0;;;;;;;0.34692;58075.0;N;;;27746.38;N;;;;;R;0.0026;1.0;;;;;a9462b05bxy462b05bb2z::SYS_XY1000;;;;;;;;2024-10-31;;N;B;50723.35;0.0;0.0;SYS;2021-03-05;0;1638.73;;;;0;1;;ab9763fe8xy9763fe874z;VIN;
2025-04-24 16:00:03.672142;2025-04-24 16:00:03.672142;INVALID;24B;2022-11-23;;;;300.0;XY;;PC;XY10;62885.35;708;XY;NON;RP;;MB;Other;;;afda430ebxyda430eb52z;6.77;;1401.28;;EUR;;a49f26005xy9f260052bz;a49f26005xy9f260052bz;2023-08-24;30/360;a965940a1xy65940a1daz;;0.0;EUR;0.0;50;;1303.87;XYORGF;XYORGF;RDR;TM1;;2026-11-16;;;795.0;OPLEA;F;;XY1001;N;;0.0;Operating lease;;;;2032.44;48.0;;;;;;;0.34893;146245.0;N;;;99138.0;N;;;;;R;0.0026;1.0;;;;;a49f26005xy9f260052bz::SYS_XY1000;;;;;;;;2024-10-31;;Y;B;133610.96;0.0;0.0;SYS;2022-11-16;0;0.0;;;;0;1;;a5601d0d4xy601d0d4f1z;VIN;
2025-04-24 16:00:03.672142;2025-04-24 16:00:03.672142;INVALID;;2021-05-21;;;;0.0;XY;;PC;XY10;33529.95;708;XY;NON;RP;;MB;Other;;;ad3cf7d3exy3cf7d3e3ez;3.4;;400.0;;EUR;;a58febf6fxy8febf6f33z;a58febf6fxy8febf6f33z;;30/360;a5bb12c2fxybb12c2f77z;;0.0;EUR;0.0;50;;3548.79;XYORGF;XYORGF;RDR;TM1;;2024-11-20;;;0.0;OPLEA;F;;XY1001;N;;0.0;Operating lease;;;;770.28;42.0;;;;;;;0.30072;64105.0;N;;;33986.83;N;;;;;R;0.01188;1.0;;;;;a58febf6fxy8febf6f33z::SYS_XY1000;;;;;;;;2024-10-31;;N;B;63835.36;1.0;0.0;SYS;2021-05-20;0;0.0;;;;0;1;;a0af93616xyaf93616d3z;VIN;
2025-05-14 10:30:48.121335;2025-05-14 10:30:48.121335;INVALID;;2024-06-24;;;;0.0;XY;;PC;XY10;0.0;3250;XY;NON;RP;;MB;Other;RE;14294 ROTF PC Straight Campaign June-24;aa84c94bfxy84c94bf99z;0.0;;0.0;;EUR;N;aeb5c95c3xyb5c95c32fz;aeb5c95c3xyb5c95c32fz;;30/360;a3e4d9788xye4d97888az;;0.0;EUR;;50;0.0;150000.0;XYORGF;XYORGF;RDR;TM1;;2029-07-04;;;15254.0;STFIN;F;;XY1001;N;;42653.0;Loan retail;;;NDA;;;;;;;;;0.0;7340000.0;N;;;6923517.55;N;;;;;;0.0;;;;;IND-FS;aeb5c95c3xyb5c95c32fz::SYS_XY1000;;PC;1.0;;;;;2024-09-30;;N;N;7340000.0;795.0;0.0;SYS;2024-06-24;0;112954.0;;;;0;1;;a94eb7f1dxy4eb7f1d3cz;VIN;
2025-04-24 16:00:03.672142;2025-04-24 16:00:03.672142;INVALID;L7F;2021-11-22;;;;11.59;XY;;PC;XY10;30521.0;708;XY;NON;RSB;;MB;Other;;;a7e94d688xye94d6882bz;5.04;;1249.41;;EUR;;af8a03478xy8a0347860z;af8a03478xy8a0347860z;;30/360;adbe7190fxybe7190f8cz;;47.83;EUR;30.0;50;;0.0;XYORGF;XYORGF;RDR;TM1;;2025-11-17;;;0.0;OPLEA;F;;XY1001;N;;0.0;Operating lease;;;;956.67;48.0;;;;;;;0.34692;64100.0;N;;;40001.5;N;;;;;R;0.01188;1.0;;;;;af8a03478xy8a0347860z::SYS_XY1000;;;;;;;;2024-10-31;;N;B;66635.0;1.0;0.0;SYS;2021-11-17;0;0.0;;;;0;1;;a11f8d39fxy1f8d39f42z;VIN;
2025-04-24 16:00:03.672142;2025-04-24 16:00:03.672142;INVALID;L7F;2023-06-21;;;;4173.18;XY;;PC;XY10;66764.1;708;XY;NON;RP;;MB;Other;;;aa0ada00bxy0ada00beez;6.41;;2202.78;;EUR;;ace25ca7cxye25ca7cafz;ace25ca7cxye25ca7cafz;;30/360;a38a315dbxy8a315dbe8z;;0.0;EUR;0.0;50;;16990.0;XYORGF;XYORGF;RDR;TM1;;2026-06-16;;;795.0;OPLEA;F;;XY1001;N;;0.0;Operating lease;;;;2499.0;36.0;;;;;;;0.29561;130910.0;N;;;113687.53;N;;;;;R;0.00253;1.0;;;;;ace25ca7cxye25ca7cafz::SYS_XY1000;;;;;;;;2024-10-31;;N;B;149218.64;0.0;0.0;SYS;2023-06-16;0;272.63;;;;0;1;;ab0408badxy0408bad06z;VIN;
2025-04-24 16:00:03.672142;2025-04-24 16:00:03.672142;INVALID;;2024-10-18;;;;0.0;XY;;PC;XY10;57144.75;708;XY;NON;RP;;MB;Other;;;ad360bbcaxy360bbcadbz;3.74;;400.0;;EUR;;a75e1b5cbxy5e1b5cbe7z;a75e1b5cbxy5e1b5cbe7z;;30/360;af0d48489xy0d48489f9z;;0.0;EUR;0.0;50;;20261.39;XYORGF;XYORGF;RDR;TM1;;2028-04-14;;;0.0;OPLEA;F;;XY1001;N;;0.0;Operating lease;;;;2967.0;42.0;;;;;;;0.29561;142605.0;N;;;185660.34;N;;;;;R;0.01413;1.0;;;;;a75e1b5cbxy5e1b5cbe7z::SYS_XY1000;;;;;;;;2024-10-31;;N;B;187418.0;1.0;0.0;SYS;2024-10-14;0;8711.03;;;;0;1;;af86a5261xy86a5261dez;VIN;
2025-04-24 16:00:03.672142;2025-04-24 16:00:03.672142;INVALID;;2024-07-03;;;;300.0;XY;;PC;XY10;29008.0;708;XY;NON;RSB;;MB;Other;;;a93043c86xy3043c86bfz;5.91;;940.88;;EUR;;aff616a5fxyf616a5f44z;aff616a5fxyf616a5f44z;;30/360;a3649d8faxy649d8fa0fz;;782.3;EUR;11.0;50;;3153.73;XYORGF;XYORGF;RDR;TM1;;2027-06-20;;;795.0;OPLEA;F;;XY1001;N;;0.0;Operating lease;;;;741.96;36.0;;;;;;;0.29561;50540.0;N;;;48557.32;N;;;;;R;0.03616;1.0;;;;;aff616a5fxyf616a5f44z::SYS_XY1000;;;;;;;;2024-10-31;;N;B;50910.0;2.0;0.0;SYS;2024-06-20;0;3241.35;;;;0;1;;ad6d377c3xy6d377c37bz;VIN;
2025-04-24 16:00:03.672142;2025-04-24 16:00:03.672142;INVALID;;2024-01-03;;;;115.15;XY;;PC;XY10;0.0;708;XY;NON;RP;;MB;Other;;;a53c66210xy3c6621010z;8.39;;1171.19;;EUR;;a435f2888xy35f2888a4z;a435f2888xy35f2888a4z;;Act/Act;aeacd56b6xyacd56b6fcz;;0.0;EUR;0.0;50;;10263.32;XYORGF;XYORGF;RDR;TM1;;2030-01-05;;;0.0;STFIN;F;;XY1001;N;;0.0;Loan retail;;;;583.77;72.0;;;;;;;0.39;;N;;;29823.3;U;;;;;R;0.00108;1.0;;;;;a435f2888xy35f2888a4z::SYS_XY1000;;;;;;;;2024-10-31;;N;N;42971.32;0.0;0.0;SYS;2023-12-22;0;0.0;;;;0;1;;a1f612b2exyf612b2ea2z;VIN;
2025-04-23 12:59:37.304075;2025-04-23 12:59:37.304075;INVALID;;2022-07-08;;;;0.0;XY;;PC;XY10;27670.5;709;XY;NON;RSB;910.0;MB;Other;;794;a4d239e51xyd239e5146z;0.05;;150.0;N;EUR;N;a933b4066xy33b406652z;a933b4066xy33b406652z;;30/360;a50286a11xy0286a1141z;;0.0;EUR;0.0;50;0.0;0.0;XYORGF;XYORGF;RDR;TM1;;2026-03-30;;;0.0;OPLEA;F;0.0;XY1001;N;;0.0;Operating lease;;;;0.0;0.0;;;;;;2022-06-30;0.22;61490.0;N;0.0;;42496.35;N;2026-03-30;;0.0;;A;0.00366;1.0;;;;;a933b4066xy33b406652z::SYS_XY1000;3105.0;ACE;;0.0;;;;2024-10-31;;N;B;67646.93;281.0;0.0;SYS;2022-06-30;0;804.22;0.0;;;0;1;1.0;a0171c637xy171c63798z;VIN;
2025-04-24 16:00:03.672142;2025-04-24 16:00:03.672142;INVALID;;2023-11-28;;;;1491.95;XY;;PC;XY10;0.0;708;XY;NON;RP;;MB;Other;;;a11563b0dxy1563b0d01z;9.79;;2792.6;;EUR;;a176e5d7fxy76e5d7fd4z;a176e5d7fxy76e5d7fd4z;;Act/Act;abb569efaxyb569efa5cz;;0.0;EUR;0.0;50;;3500.0;XYORGF;XYORGF;RDR;TM1;;2029-12-09;;;0.0;STFIN;F;;XY1001;N;;0.0;Loan retail;;;;881.34;72.0;;;;;;;0.39;;N;;;43012.11;U;;;;;R;0.00627;1.0;;;;;a176e5d7fxy76e5d7fd4z::SYS_XY1000;;;;;;;;2024-10-31;;N;N;49660.52;1.0;0.0;SYS;2023-11-24;0;0.0;;;;0;1;;aa7e6bfa6xy7e6bfa621z;VIN;
2025-04-24 16:00:03.672142;2025-04-24 16:00:03.672142;INVALID;;2023-12-14;;;;0.0;XY;;PC;XY10;0.0;708;XY;NON;RP;;MB;Other;;;ac2cbbcb0xy2cbbcb001z;8.99;;1559.66;;EUR;;a8bcc6292xybcc629279z;a8bcc6292xybcc629279z;;Act/Act;acaa4d5e6xyaa4d5e6a6z;;0.0;EUR;0.0;50;;13500.0;XYORGF;XYORGF;RDR;TM1;;2028-12-26;;;0.0;STFIN;F;;XY1001;N;;0.0;Loan retail;;;;917.7;60.0;;;;;;;0.39;;N;;;38187.88;U;;;;;R;0.00627;1.0;;;;;a8bcc6292xybcc629279z::SYS_XY1000;;;;;;;;2024-10-31;;N;N;57554.13;1.0;0.0;SYS;2023-12-12;0;0.0;;;;0;1;;a5fb7ac82xyfb7ac8289z;VIN;
2025-04-24 16:00:03.672142;2025-04-24 16:00:03.672142;INVALID;;2024-09-06;;;;1197.2;XY;;PC;XY10;0.0;708;XY;NON;RP;;MB;Other;;;a4f41e88bxyf41e88b5fz;9.39;;1773.16;;EUR;;a6bfa9aa7xybfa9aa719z;a6bfa9aa7xybfa9aa719z;2024-10-17;Act/Act;aae83fd2dxye83fd2dc3z;;0.0;EUR;0.0;50;;5132.93;XYORGF;XYORGF;RDR;TM1;;2030-10-20;;;0.0;STFIN;F;;XY1001;N;;0.0;Loan retail;;;;532.45;73.0;;;;;;;0.39;;N;;;29537.56;U;;;;;R;0.00753;1.0;;;;;a6bfa9aa7xybfa9aa719z::SYS_XY1000;;;;;;;;2024-10-31;;Y;N;33047.57;1.0;0.0;SYS;2024-09-05;0;0.0;;;;0;1;;a58527706xy8527706ffz;VIN;
2025-04-24 16:00:03.672142;2025-04-24 16:00:03.672142;INVALID;;2024-03-05;;;;0.0;XY;;PC;XY10;0.0;708;XY;NON;RP;;MB;Other;;;a1ba0ca96xyba0ca96aaz;9.39;;3651.5;;EUR;;abdcb36f8xydcb36f8ccz;abdcb36f8xydcb36f8ccz;;Act/Act;a0e2421fdxye2421fd8bz;;0.0;EUR;0.0;50;;0.0;XYORGF;XYORGF;RDR;TM1;;2030-03-17;;;0.0;STFIN;F;;XY1001;N;;0.0;Loan retail;;;;1168.12;72.0;;;;;;;0.39;;N;;;59487.05;U;;;;;R;0.00753;1.0;;;;;abdcb36f8xydcb36f8ccz::SYS_XY1000;;;;;;;;2024-10-31;;N;N;63866.59;1.0;0.0;SYS;2024-03-02;0;0.0;;;;0;1;;a6c98031axyc98031a7dz;VIN;
2025-04-24 16:00:03.672142;2025-04-24 16:00:03.672142;INVALID;24B;2023-11-06;;;;300.0;XY;;PC;XY10;29647.0;708;XY;NON;RP;;MB;Other;;;a654a48ddxy54a48dd81z;2.29;;400.0;;EUR;;a39f88ab5xy9f88ab5e3z;a39f88ab5xy9f88ab5e3z;;30/360;aacbd6263xycbd626379z;;0.0;EUR;0.0;50;;10292.61;XYORGF;XYORGF;RDR;TM1;;2026-11-03;;;795.0;OPLEA;F;;XY1001;N;;0.0;Operating lease;;;;579.23;36.0;;;;;;;0.29561;64450.0;N;;;48164.68;N;;;;;R;0.00253;1.0;;;;;a39f88ab5xy9f88ab5e3z::SYS_XY1000;;;;;;;;2024-10-31;;N;B;57046.55;0.0;0.0;SYS;2023-11-03;0;4240.0;;;;0;1;;aade55206xyde55206f6z;VIN;
2025-04-24 16:00:03.672142;2025-04-24 16:00:03.672142;INVALID;;2021-03-04;;;;0.0;XY;;PC;XY10;29836.26;708;XY;NON;RP;;MB;Other;;;af41e655bxy41e655b62z;3.99;;5845.46;;EUR;;aa4a44058xy4a44058c3z;aa4a44058xy4a44058c3z;;Act/Act;a586ae5ffxy86ae5ff77z;;0.0;EUR;0.0;50;;1027.5;XYORGF;XYORGF;RDR;TM1;;2026-02-24;;;0.0;BAFIN;F;;XY1001;N;;0.0;Loan retail;;;;1658.14;60.0;;;;;;;0.345;72735.0;N;;;52510.59;N;;;;;R;0.0018;1.0;;;;;aa4a44058xy4a44058c3z::SYS_XY1000;;;;;;;;2024-10-31;;N;N;113577.81;0.0;0.0;SYS;2021-02-22;0;2384.36;;;;0;1;;a4f5c81d4xyf5c81d410z;VIN;
2025-04-24 16:00:03.672142;2025-04-24 16:00:03.672142;INVALID;24B;2024-03-06;;;;6093.51;XY;;PC;XY10;43491.8;708;XY;NON;RSB;;MB;Other;;;a9ffe302exyffe302ee3z;9.03;;3395.24;;EUR;;abbe407eexybe407eee8z;abbe407eexybe407eee8z;;30/360;a38a315dbxy8a315dbe8z;;34.7;EUR;30.0;50;;4990.0;XYORGF;XYORGF;RDR;TM1;;2028-03-05;;;795.0;OPLEA;F;;XY1001;N;;0.0;Operating lease;;;;2059.88;48.0;;;;;;;0.33446;;N;;;105697.28;U;;;;;R;0.01413;1.0;;;;;abbe407eexybe407eee8z::SYS_XY1000;;;;;;;;2024-10-31;;N;B;111796.87;1.0;0.0;SYS;2024-03-05;0;0.0;;;;0;1;;a30ac0c99xy0ac0c99f3z;VIN;
2025-04-24 16:00:03.672142;2025-04-24 16:00:03.672142;INVALID;24B;2024-03-11;;;;300.0;XY;;PC;XY10;49798.8;708;XY;NON;RP;;MB;Other;;;a3b533108xyb5331087ez;3.62;;1336.0;;EUR;;a5d119714xyd11971471z;a5d119714xyd11971471z;;30/360;a84ce3cfaxy4ce3cfaafz;;0.0;EUR;0.0;50;;5434.1;XYORGF;XYORGF;RDR;TM1;;2027-03-10;;;795.0;OPLEA;F;;XY1001;N;;0.0;Operating lease;;;;584.09;36.0;;;;;;;0.29561;93960.0;N;;;65117.14;N;;;;;R;0.00305;1.0;;;;;a5d119714xyd11971471z::SYS_XY1000;;;;;;;;2024-10-31;;N;B;68985.0;0.0;0.0;SYS;2024-03-10;0;5361.82;;;;0;1;;a6f335496xyf33549639z;VIN;
2025-05-12 12:35:38.800057;2025-05-12 12:35:38.800057;INVALID;;2023-06-30;;;;0.0;XY;2023-06-30;PC;XY10;23808.0;8205;XY;NON;RSB;;MB;;;Q2 2023- 3,49% Nieuw STOCK EQS Limousine i.c.m. MBIS WA/Casco;acf10584dxyf10584d6az;0.03;;0.0;;EUR;N;ab779e0abxy779e0abf7z;ab779e0abxy779e0abf7z;;30/360;a396f116dxy96f116d3ez;;0.0;EUR;0.0;50;;42419.74;XYORGF;XYORGF;RDR;TM1;;2028-06-30;;;0.0;BFLEA;F;;XY1001;N;;50.0;Finance lease;;;;;;;;;;;;;103405.0;N;;;59410.4;N;;;0.0;;A;0.0;1.0;;Internal;;;ab779e0abxy779e0abf7z::SYS_XY1000;;SME;4.0;0.0;;;;2024-10-31;;N;N;114724.02;555.0;0.0;SYS;2023-07-01;0;0.0;;;;0;1;;a74aae0adxy4aae0ad2ez;VIN;
2025-04-24 16:00:03.672142;2025-04-24 16:00:03.672142;INVALID;;2020-07-22;;;;0.0;XY;;PC;XY10;0.0;708;XY;NON;RP;;MB;Other;;;a5ea5229dxyea5229dcaz;6.64;;612.59;;EUR;;abe4d0ef4xye4d0ef4b0z;abe4d0ef4xye4d0ef4b0z;;Act/Act;a13e0381cxy3e0381c19z;;0.0;EUR;0.0;50;;0.0;XYORGF;XYORGF;RDR;TM1;;2026-07-24;;;0.0;STFIN;F;;XY1001;N;;0.0;Loan retail;;;;698.25;72.0;;;;;;;0.381;;N;;;12952.19;U;;;;;R;0.01592;1.0;;;;;abe4d0ef4xye4d0ef4b0z::SYS_XY1000;;;;;;;;2024-10-31;;N;N;41259.82;2.0;0.0;SYS;2020-07-09;0;0.0;;;;0;1;;a3147f117xy147f117c8z;VIN;
2025-05-15 07:35:41.759406;2025-05-15 07:35:41.759406;INVALID;;2023-04-14;;;;8502.9;XY;2023-01-11;PC;XY10;37788.7;2287;XY;NON;RSB;;MB;;;004S0057S0066S0115S0122S0177V0001;aff4268fcxyf4268fca9z;9.84;;2639.68;;EUR;N;a7e130c9cxye130c9cd9z;a7e130c9cxye130c9cd9z;;30/360;aa706076exy706076ecaz;;0.0;EUR;0.0;50;;15807.8;XYORGF;XYORGF;RDR;TM1;;2026-04-14;;;490.0;OPFIN;F;;XY1001;N;;0.0;Loan retail;;;;;;;;;;;;;63200.0;N;;;46530.0;N;;;0.0;;;;;;;;;a7e130c9cxye130c9cd9z::SYS_XY1000;;SME2021;;4.0;;;;2025-04-30;;N;B;69695.2;504.0;0.0;SYS;2023-04-14;0;0.0;;;;0;1;;a6de89c8bxyde89c8bd0z;VIN;
2025-04-24 16:00:03.672142;2025-04-24 16:00:03.672142;INVALID;;2024-03-04;;;;0.0;XY;;PC;XY10;0.0;708;XY;NON;RP;;MB;Other;;;a827f4a88xy27f4a8802z;6.99;;363.37;;EUR;;a14f68c91xy4f68c91c2z;a14f68c91xy4f68c91c2z;;Act/Act;acd510f61xyd510f6170z;;0.0;EUR;0.0;50;;5000.0;XYORGF;XYORGF;RDR;TM1;;2030-03-17;;;0.0;STFIN;F;;XY1001;N;;0.0;Loan retail;;;;621.11;72.0;;;;;;;0.39;;N;;;33620.76;U;;;;;R;0.00131;1.0;;;;;a14f68c91xy4f68c91c2z::SYS_XY1000;;;;;;;;2024-10-31;;N;N;41337.28;0.0;0.0;SYS;2024-03-03;0;0.0;;;;0;1;;a991118e8xy91118e89fz;VIN;
2025-05-15 07:35:41.759406;2025-05-15 07:35:41.759406;INVALID;SAA241;2022-07-29;;;;9148.0;XY;2021-09-28;PC;XY10;24215.3;2287;XY;NON;RP;;MB;;;003S0115S0122V0001;a538aec6bxy38aec6b45z;8.9;;5052.23;;EUR;N;adbba8d6bxybba8d6bdaz;adbba8d6bxybba8d6bdaz;;30/360;aa706076exy706076ecaz;;0.0;EUR;0.0;50;;1500.0;XYORGF;XYORGF;RDR;TM1;;2027-07-29;;;490.0;OPFIN;F;;XY1001;N;;0.0;Loan retail;;;;;;;;;;;;;78114.0;N;;;61530.1;N;;;0.0;;;;;;;;;adbba8d6bxybba8d6bdaz::SYS_XY1000;;PI2013;;6.0;;;;2025-04-30;;N;B;87381.8;621.0;0.0;SYS;2022-07-29;0;0.0;;;;0;1;;a012beb56xy12beb56b2z;VIN;
2025-04-24 16:00:03.672142;2025-04-24 16:00:03.672142;INVALID;12;2020-10-12;;;;0.0;XY;;PC;XY10;0.0;708;XY;NON;RP;;MB;Other;;;a9f32b557xyf32b55754z;2.99;;319.84;;EUR;;a9f062416xyf062416aez;a9f062416xyf062416aez;;Act/Act;ac936d014xy936d014bdz;;0.0;EUR;0.0;50;;29000.0;XYORGF;XYORGF;RDR;TM1;;2025-10-25;;;0.0;STFIN;F;;XY1001;N;;0.0;Loan retail;;;;395.43;60.0;;;;;;;0.381;;N;;;4671.31;U;;;;;R;0.00119;1.0;;;;;a9f062416xyf062416aez::SYS_XY1000;;;;;;;;2024-10-31;;N;N;47039.92;0.0;0.0;SYS;2020-10-10;0;0.0;;;;0;1;;a483608d0xy83608d059z;VIN;
2025-04-24 16:00:03.672142;2025-04-24 16:00:03.672142;INVALID;;2022-05-31;;;;1053.9;XY;;PC;XY10;0.0;708;XY;NON;RP;;MB;Other;;;a932f4a2bxy32f4a2b7dz;14.24;;2845.99;;EUR;;a34941732xy4941732d4z;a34941732xy4941732d4z;2024-02-23;Act/Act;ab0625fcfxy0625fcf79z;;283.5;EUR;30.0;50;;8000.0;XYORGF;XYORGF;RDR;TM1;;2028-09-04;;;0.0;STFIN;F;;XY1001;N;;0.0;Loan retail;;;;944.92;75.0;;;;;;;0.414;;N;;;36011.83;U;;;;;R;0.05274;1.0;;;;;a34941732xy4941732d4z::SYS_XY1000;;;;;;;;2024-10-31;;Y;N;52253.6;5.0;0.0;SYS;2022-05-20;0;0.0;;;;0;1;;ad3c92bf6xy3c92bf64cz;VIN;
2025-04-24 16:00:03.672142;2025-04-24 16:00:03.672142;INVALID;;2021-12-07;;;;0.0;XY;;PC;XY10;0.0;708;XY;NON;RP;;MB;Other;;;acfbc66c2xyfbc66c2f2z;3.99;;565.69;;EUR;;a160a78cexy60a78ce87z;a160a78cexy60a78ce87z;;Act/Act;a225d29dexy25d29deccz;;0.0;EUR;0.0;50;;12572.7;XYORGF;XYORGF;RDR;TM1;;2025-12-21;;;0.0;STFIN;F;;XY1001;N;;0.0;Loan retail;;;;337.98;48.0;;;;;;;0.416;;N;;;4619.32;U;;;;;R;0.00115;1.0;;;;;a160a78cexy60a78ce87z::SYS_XY1000;;;;;;;;2024-10-31;;N;N;27519.7;0.0;0.0;SYS;2021-12-06;0;0.0;;;;0;1;;acdd6c11dxydd6c11d44z;VIN;
2025-04-23 12:59:37.304075;2025-04-23 12:59:37.304075;INVALID;ABS;2020-09-28;;;;0.0;XY;;PC;XY10;0.0;3279;XY;NON;RP;910.0;MB;Other;;RLP;a372cf8b7xy72cf8b74fz;0.0;;200.0;N;EUR;N;a5078ba16xy078ba16a9z;a5078ba16xy078ba16a9z;;Act/Act;ae39fbacaxy39fbaca10z;;0.0;EUR;0.0;50;0.0;9282.43;XYORGF;XYORGF;RDR;TM1;;2025-09-22;;;0.0;STFIN;F;0.0;XY1001;N;;0.0;Loan retail;;;;0.0;0.0;;;;;;2020-09-22;0.38;99500.0;N;0.0;;16875.4;N;2025-09-22;;0.0;;R;0.003;1.0;;;;;a5078ba16xy078ba16a9z::SYS_XY1000;3002.0;ACE;;0.0;;;;2024-10-31;;N;N;103435.43;307.0;0.0;SYS;2020-09-22;0;10774.88;0.0;;;0;1;1.0;afe5fec21xye5fec21f9z;VIN;
