ctt_analysis_entity;ctt_delivering_entity;ctt_funding_entity;ctt_balance_sheet_entity;ctt_reporting_date;ctt_cms_contract_number;ctt_source_system;ctt_bevis_id;ctt_status;ctt_start_date;ctt_end_date;ctt_contract_currency;ctt_trade_date;ctt_acquisition_date;ctt_nbv_local_cms;ctt_restructuring_flag;ctt_sales_price;ctt_down_payment;ctt_balloon_rv;ctt_additional_financed_amount;ctt_commission;ctt_fee;ctt_idc;ctt_subsidy;ctt_subsidy_percent;ctt_security_deposit;ctt_deposit_rate;ctt_period_in_month;ctt_fix_variable;ctt_variable_type;ctt_payment_mode;ctt_cmsir;ctt_day_conv;ctt_fixing_period;ctt_last_fixing;ctt_next_fixing;ctt_installment;ctt_installment_count;ctt_delinquent_amount;ctt_delinquent_amount_ccy;ctt_delinquent_days_contract;ctt_position_id;ctt_pd;ctt_lgd;ctt_triggering_event_flag;ctt_continuation_deal;ctt_date_of_last_restructuring;ctt_number_restructurings;ctt_opex;ctt_nib_ratio;ctt_co_r_v_r;ctt_reserves_segment_contract;ctt_economic_capital_ratio;ctt_portfolio_cr;ctt_portfolio_pp;ctt_portfolio;ctt_written_off_flag;ctt_additional_collateral_type;ctt_additional_collateral_amount;ctt_insurance_ancillary;ctt_insurance_gap;ctt_insurance_motor;ctt_insurance_ppi;ctt_insurance_warranty;ctt_tax_rate;ctt_financial_product_group;ctt_rv_guarantee_flag;ctt_product_sap;ctt_abs_code;ctt_asset_type_segment;ctt_brand;ctt_new_used;ctt_units;ctt_model_sap;ctt_additional_asset_information;ctt_asset_model_date;ctt_list_price;ctt_vin;ctt_vin_type;ctt_borrower_type;ctt_borrower_sub_type;ctt_customer_number;ctt_customer_group_number;ctt_borrower_country;ctt_industry_segmentation;ctt_rating;ctt_rating_name;ctt_rating_version;ctt_scoring;ctt_r_model_score_card;ctt_r_model_score_card_version;ctt_dealer;ctt_branch;ctt_campaign;ctt_fda_1;ctt_fda_2;ctt_hostile_termination_flag;ctt_loan_commitment_flag;ctt_ifrs9_classification;ctt_credit_impaired;ctt_loan_limit;ctt_impaired_information;ctt_business_division;ctt_business_line;ctt_rating_scoring_flag;ctt_portfolio_tm1;ctt_icrsa_flag;ctt_delinquency_reason_code;ctt_ifrs9_country_region;pgr_id;ifc_id;ctt_cal_baumuster;ctt_cal_engine_style_text;ctt_cal_product_txt;ctt_cal_class_txt;ctt_cal_typclass_text;ctt_cal_product_comment;ctt_cal_product_bmst;ctt_cal_taxonomy_aligned;ctt_cal_acquisition_period;ctt_cal_financed_amount;ctt_cal_curr_rating_scoring_id;ctt_cal_curr_rating_scoring_value;ctt_cal_curr_rating_scoring_scaled;ctt_cal_curr_rating_scoring_class;ctt_cal_cms_gross_exposure;ctt_cal_contract_age;ctt_cal_vehicle_age;ctt_cal_nbv;ctt_cal_technical_amortization;ctt_cal_max_cashflow_date;ctt_cal_contract_term;ctt_cal_amg_maybach_classification;ctt_cal_contract_status_name;ctt_cal_luxury_segment;ctt_cal_ifrs9_relevant;ctt_cal_initial_rating_scoring_scaled;ctt_cal_residual_term_in_months;ctt_cal_net_pay_out_amount;ctt_cal_upfront_payments;ctt_cal_contract_term_bucket;ctt_cal_initial_rating_scoring_value;ctt_cal_initial_rating_scoring_id;ctt_cal_initial_rating_scoring_class;ctt_cal_delinquent_amount;ctt_cal_interest_type;ctt_cal_contract_last_fixing;ctt_cal_contract_next_fixing;ctt_cal_contract_trade_date;ctt_cal_product_group_alm;ctt_cal_downpayment_ratio;ctt_cal_gross_exposure;ctt_cal_delinquency_bucket_name;ctt_cal_nominal_deal_irr;ctt_cal_effective_deal_irr;ctt_cal_nominal_upfront_margin;ctt_cal_upfront_margin_sensitivity;ctt_cal_effective_payment_frequency;ctt_cal_default_indicator;ctt_cal_date_of_default;ctt_cal_time_since_default;ctt_cal_default_status;ctt_cal_impairment_indicator;ctt_cal_delinquent_days_contract;ctt_cal_delinquent_days;ctt_drv_alm_flag;ctt_drv_risk_flag;ctt_drv_portfolio_name_tm1;ctt_drv_portfolio_type_tm1;ctt_drv_portfolio_type_rdr;ctt_drv_portfolio_name_rdr;MGT_InsertTime;MGT_UpdateTime;ctt_cal_product_group_reporting
XY;50;XY1001;XY10;2024-10-31;af6696975xy6696975fdz;SYS;708;0;2019-02-21;2025-06-08;EUR;;2019-02-27;7029.63;Y;52735.31;2273.0;0.0;0.0;1325.74;0.0;0.0;8512.05;;0.0;;1.0;F;;R;2.99;Act/Act;;;;767.44;76.0;567.61;EUR;23.0;-1198482100;0.01579;0.346;0;;2020-03-30;;;;;;;;;;;;;;;;;;;STFIN;N;;;PC;MB;U;1.0;;;;;add132998xyd13299890z;VIN;RP;NON;a052dba7axy52dba7aedz;a052dba7axy52dba7aedz;XY;;;;;2.0;;;a1e408d80xye408d805dz;;;;;N;N;Loan retail;;;;Other;;;;;;;2511;28;a3c8b36xybb3z;Benzin;CLS 350 4M;E-Klasse;C257;CLS 350 4MATIC (Exportbaumuster);257351;F;2019-02-28;50462.31;X;2.0;;;7597.24;68;98;6326.487302868885;75.56666;2025-06-08;76;Other;Active;Core Luxury;Y;;7;43276.0;7186.3099999999995;73 - 84;2.0;X;;567.61;F;;;2019-02-21;PF_F;0.0431;6894.0973;1-30 dpd;0.0734283924742189;0.07586496589125202;0.04822687147332503;0.324626421375869;11.777218300891354;N;;0;No-Default;N;23;23;N;N;XYORGF;TM1;RDR;XYORGF;2025-04-24 17:16:33.029457;2025-04-24 17:16:33.029457;STFIN
XY;50;XY1001;XY10;2024-10-31;a543fa033xy43fa033e8z;SYS;708;0;2024-03-01;2029-03-16;EUR;;2024-03-06;34926.86;N;38300.36;0.0;0.0;0.0;1683.68;0.0;0.0;0.0;;0.0;;1.0;F;;R;8.99;Act/Act;;;;797.84;60.0;0.0;EUR;0.0;-654118117;0.00131;0.39;0;;;;;;;;;;;;;;;;;;;;;STFIN;N;;;PC;MB;U;1.0;;;;;aa293c9cfxy293c9cf99z;VIN;RP;NON;a321f5edcxy21f5edc86z;a321f5edcxy21f5edc86z;XY;;;;;0.0;;;aa35b6814xy35b6814f1z;;;;;N;N;Loan retail;;;;Other;;;;;;;2511;28;aebc69dxy0aaz;Benzin;GLC 300 4M;GLC;X253;GLC 300 4MATIC;253984;F;2024-03-31;38300.36;X;0.0;;;34926.86;8;38;36133.0520199433;60.5;2029-03-16;61;Other;Active;Core Luxury;Y;;53;39984.04;-1683.68;61 - 72;0.0;X;;0.0;F;;;2024-03-01;PF_F;0.0;36133.05202;Current;0.07197061072486995;0.07438664184779294;-0.017929211430128614;0.4161726763056775;11.95021717516211;N;;0;No-Default;N;0;0;N;N;XYORGF;TM1;RDR;XYORGF;2025-04-24 17:16:33.029457;2025-04-24 17:16:33.029457;STFIN
XY;50;XY1001;XY10;2024-10-31;a79c10fe0xy9c10fe064z;SYS;708;0;2021-01-21;2025-01-21;EUR;;2021-01-26;31209.95;N;65575.19;0.0;29104.75;1426.78;400.0;795.0;0.0;0.0;;0.0;;1.0;F;;R;3.82;30/360;;;;961.13;48.0;0.0;EUR;0.0;-478620638;0.01188;0.34692;0;;;;;;;;;;;;;;;;;;;;;OPLEA;B;;L7F;PC;MB;N;1.0;;;;59675.0;a80e0d59axy0e0d59acfz;VIN;RP;NON;ac8804cd6xy8804cd6d6z;ac8804cd6xy8804cd6d6z;XY;;;;;1.0;;;ad715f98dxy715f98d52z;;;;;N;N;Operating lease;;;;Other;;;;;;;2508;31;a0b1329xyea6z;Benzin;GLE 350 4M L;GLE;V167;GLE 350 4MATIC lang;167149;F;2021-01-31;67001.97;X;1.0;;;31209.95;45;45;30717.09347185685;86.3;2025-01-21;48;Other;Active;Core Luxury;Y;;3;65645.84;395.0;37 - 48;1.0;X;;0.0;F;;;2021-01-21;PF_F;0.0;30717.09347;Current;0.04489494316703374;0.04582961542647134;0.002213976255247156;0.3717161177367423;12.04071607740086;N;;0;No-Default;N;0;0;N;N;XYORGF;TM1;RDR;XYORGF;2025-04-24 17:16:33.029457;2025-04-24 17:16:33.029457;OPLEA
XY;50;XY1001;XY10;2024-10-31;a296b4da9xy96b4da9fbz;SYS;708;0;2024-04-12;2029-04-27;EUR;;2024-04-15;23565.19;N;70665.5;45000.0;0.0;0.0;456.65;0.0;0.0;0.0;;0.0;;1.0;F;;R;6.89;Act/Act;;;;508.31;60.0;0.0;EUR;0.0;835198407;0.00196;0.338;0;;;;;;;;;;;;;;;;;;;;;STFIN;N;;;PC;MB;N;1.0;;;;69080.0;a594145acxy94145ac69z;VIN;RP;NON;acd025d17xyd025d1749z;acd025d17xyd025d1749z;XY;;;;;0.0;;;a494d282fxy94d282fd7z;;;;;N;N;Loan retail;;;;Other;;;;;;;2511;28;a6a856fxya99z;Benzin;E 300 4M;E-Klasse;W214;E 300 4MATIC;214047;F;2024-04-30;25665.5;X;0.0;;;23565.19;7;7;23916.189643268677;60.5;2029-04-27;61;Other;Active;Core Luxury;Y;;54;26122.15;-456.65;61 - 72;0.0;X;;0.0;F;;;2024-04-12;PF_F;0.6368;23916.18964;Current;0.06165267346780141;0.063420846437618;-0.0072477925871478124;0.41243874607799835;11.945877093661126;N;;0;No-Default;N;0;0;N;N;XYORGF;TM1;RDR;XYORGF;2025-04-24 17:16:33.029457;2025-04-24 17:16:33.029457;STFIN
XY;50;XY1001;XY10;2024-10-31;a7e0ff439xye0ff439eaz;SYS;708;0;2023-10-15;2026-10-15;EUR;;2023-10-19;39801.12;N;45775.89;45.62;28614.3;0.0;400.0;0.0;0.0;1703.84;;0.0;;1.0;F;;R;4.37;30/360;;;;610.0;36.0;0.0;EUR;0.0;1697926431;0.00253;0.29561;0;;;;;;;;;;;;;;;;;;;;;OPLEA;B;;L7F;PC;MB;N;1.0;;;;48405.0;abba20e2dxyba20e2d97z;VIN;RP;NON;a24f33406xy4f33406c3z;a24f33406xy4f33406c3z;XY;;;;;0.0;;;a058b0832xy58b083235z;;;;;N;N;Operating lease;;;;Other;;;;;;;2508;31;a478952xye95z;Benzin;CLA 250 4M;A-Klasse;C118;CLA 250 4MATIC Coupé;118347;F;2023-10-31;45730.27;X;0.0;;;39801.12;13;13;38839.21988973808;96.03334;2026-10-15;36;Other;Active;Entry Luxury;Y;;23;43816.43;1303.84;25 - 36;0.0;X;;0.0;F;;;2023-10-15;PF_F;0.001;38839.21989;Current;0.05637347524733541;0.05785309600152194;0.012717371285674586;0.43764530743093455;12.0;N;;0;No-Default;N;0;0;N;N;XYORGF;TM1;RDR;XYORGF;2025-04-24 17:16:33.029457;2025-04-24 17:16:33.029457;OPLEA
XY;50;XY1001;XY10;2024-10-31;aee32b4cfxye32b4cf8az;SYS;708;0;2021-09-21;2027-09-21;EUR;;2021-09-22;23771.44;N;54149.98;7415.51;0.0;715.25;574.49;0.0;0.0;3036.09;;0.0;;1.0;F;;R;1.99;Act/Act;;;;699.69;72.0;0.0;EUR;0.0;-517122383;0.01079;0.345;0;;;;;;;;;;;;;;;;;;;;;STFIN;N;;;PC;MB;N;1.0;;;;47490.0;a7a02e918xya02e91849z;VIN;RP;NON;aa9661c53xy9661c53f3z;aa9661c53xy9661c53f3z;XY;;;;;1.0;;;abb569efaxyb569efa5cz;;;;;N;N;Loan retail;;;;Other;;;;;;;2511;28;a58d859xy73az;Benzin;GLC 300;GLC;X253;GLC 300;253983;F;2021-09-30;47449.72;X;1.0;;;23771.44;37;37;23146.867943156907;72.0;2027-09-21;72;Other;Active;Core Luxury;Y;;35;44988.12;2461.6000000000004;61 - 72;1.0;X;;0.0;F;;;2021-09-21;PF_F;0.13694;23146.86794;Current;0.03797829940637604;0.038646378540471225;0.018078067133445;0.3451210550934051;12.009367935118393;N;;0;No-Default;N;0;0;N;N;XYORGF;TM1;RDR;XYORGF;2025-04-24 17:16:33.029457;2025-04-24 17:16:33.029457;STFIN
XY;50;XY1001;XY10;2024-10-31;a8fa06705xyfa067055cz;SYS;708;0;2024-08-27;2029-08-18;EUR;;2024-08-28;46665.03;N;77339.37;15000.0;0.0;0.0;1261.05;0.0;0.0;3963.47;;0.0;;1.0;F;;R;4.99;Act/Act;;;;1174.67;60.0;0.0;EUR;0.0;574986881;0.00196;0.338;0;;;;;;;;;;;;;;;;;;;;;STFIN;N;;;PC;MB;N;1.0;;;;74590.0;a7ac3694exyac3694e4dz;VIN;RP;NON;a7a0ebdb3xya0ebdb309z;a7a0ebdb3xya0ebdb309z;XY;;;;;0.0;;;afd0f2153xyd0f21530ez;;;;;N;N;Loan retail;;;;Other;;;;;;;2511;28;aa91b50xyc26z;Benzin;AMG C 43 4M;C-Klasse;W206;Mercedes-AMG C 43 4MATIC;206087;F;2024-08-31;62339.37;X;0.0;;;46665.03;2;2;57862.829118278445;59.7;2029-08-18;60;AMG;Active;tev & tev +;Y;;58;59636.950000000004;2702.42;49 - 60;0.0;X;;0.0;F;;;2024-08-27;PF_F;0.19395;57862.82912;Current;0.06850412712983811;0.07069793102928375;0.01860407233525945;0.42649735877726275;12.092122533969361;N;;0;No-Default;N;0;0;N;N;XYORGF;TM1;RDR;XYORGF;2025-04-24 17:16:33.029457;2025-04-24 17:16:33.029457;STFIN
XY;50;XY1001;XY10;2024-10-31;aad391d80xyd391d802dz;SYS;8204;0;2017-08-31;2024-08-30;EUR;;2017-09-14;7526.78;N;39577.0;0.0;7526.78;0.0;0.0;0.0;0.0;0.0;;0.0;;1.0;F;;A;0.03;30/360;;;;;;0.0;EUR;0.0;-1497608408;0.0;;0;;;0.0;;;;;;Internal;;;;;;;;;;;;OPLEA;B;;;VA;MB;N;;;;2017-08-16;39577.0;aa6f9f0dfxy6f9f0df21z;VIN;CF;NON;a4dd9e942xydd9e9425ez;a4dd9e942xydd9e9425ez;XY;;1.0;Fleet;;0.0;;;a7e1adaa5xye1adaa5c0z;;No Campaign;;;N;N;Manufacturing lease;N;;;;;;;;;;2508;32;a6df028xyfddz;Diesel;316CDI;Sprinter/NCV3/VS30;MB NCV3 VAN;KAWA ND 3665;906633;F;2017-09-30;39577.0;R;1.0;1.0;1;7526.78;86;86;;103.73333;2024-08-30;84;Other;Inactive;Vans;Y;1.0;0;;0.0;73 - 84;1.0;R;1;0.0;F;;;2017-08-31;PF_F;0.0;0.0;Current;;;;;;N;;0;No-Default;N;0;0;Y;Y;XYORGF;TM1;RDR;XYORGF;2025-04-30 08:18:19.573592;2025-04-30 08:18:19.573592;OPLEA
XY;50;XY1001;XY10;2024-10-31;a2a47a9c7xya47a9c7bez;SYS;708;0;2023-03-12;2025-03-12;EUR;;2023-03-16;78000.3;N;98112.81;7410.89;72788.1;300.0;400.0;795.0;0.0;1164.28;;0.0;;1.0;F;;R;5.78;30/360;;;;1185.39;24.0;550.0;EUR;30.0;-2024597769;0.01177;0.29561;0;;;;;;;;;;;;;;;;;;;;;OPLEA;B;;L7F;PC;MB;N;1.0;;;;110285.0;a91fe6e32xy1fe6e32cfz;VIN;RP;NON;a4c7546c3xyc7546c3e8z;a4c7546c3xyc7546c3e8z;XY;;;;;1.0;;;a965940a1xy65940a1daz;;;;;N;N;Operating lease;;;;Other;;;;;;;2508;31;a4c6303xy329z;Elektro;EQS 450+ SUV;GLS;X296;EQS 450+ SUV;296623;T;2023-03-31;91001.92;X;1.0;;;78550.3;20;20;75275.86872442412;93.0;2025-03-12;24;Other;Active;TEV+;Y;;4;88257.25;1559.28;13 - 24;1.0;X;;550.0;F;;;2023-03-12;PF_F;0.07553;75825.86872;Current;0.07327858514925435;0.07579051294882405;0.010313378699371323;0.5930997764576368;12.0;N;;0;No-Default;N;0;0;N;N;XYORGF;TM1;RDR;XYORGF;2025-04-24 17:16:33.029457;2025-04-24 17:16:33.029457;OPLEA
XY;50;XY1001;XY10;2024-10-31;ab6aa2285xy6aa2285b8z;SYS;708;0;2024-07-26;2027-07-26;EUR;;2024-07-30;48466.07;N;50121.9;9228.89;28187.25;300.0;857.89;795.0;0.0;4960.37;;0.0;;1.0;F;;R;1.76;30/360;;;;434.58;36.0;0.0;EUR;0.0;936010822;0.00305;0.29561;0;;;;;;;;;;;;;;;;;;;;;OPLEA;B;;;PC;MB;N;1.0;;;;57525.0;a3ec06b20xyec06b20a1z;VIN;RP;NON;a7eba90cbxyeba90cb2dz;a7eba90cbxyeba90cb2dz;XY;;;;;0.0;;;a0d0a1f33xyd0a1f3382z;;;;;N;N;Operating lease;;;;Other;;;;;;;2508;31;a4203f3xy8bdz;Elektro;EQB 300 4M;GLB;X243;EQB 300 4MATIC SUV;243609;T;2024-07-31;41193.01;X;0.0;;;48466.07;3;3;35255.40408484054;82.2;2027-07-26;36;Other;Active;Entry Luxury;Y;;33;35860.95;4897.48;25 - 36;0.0;X;;0.0;F;;;2024-07-26;PF_F;0.18413;35255.40408;Current;0.07831683010694807;0.0811900936961243;0.052832038549704335;0.4197817979362556;12.0;N;;0;No-Default;N;0;0;N;N;XYORGF;TM1;RDR;XYORGF;2025-04-24 17:16:33.029457;2025-04-24 17:16:33.029457;OPLEA
XY;50;XY1001;XY10;2024-10-31;ab5d8012bxy5d8012bddz;SYS;708;0;2024-07-08;2030-07-23;EUR;;2024-07-11;142089.65;N;151300.33;7104.18;0.0;1836.35;3912.56;0.0;0.0;0.0;;0.0;;1.0;F;;R;8.39;Act/Act;;;;2597.24;72.0;0.0;EUR;0.0;-52973911;0.00753;0.39;0;;;;;;;;;;;;;;;;;;;;;STFIN;N;;;PC;MB;U;1.0;;;;;aefe65294xyfe65294fcz;VIN;RP;NON;a5110beaaxy110beaa3bz;a5110beaaxy110beaa3bz;XY;;;;;1.0;;;acd55b002xyd55b0021az;;;;;N;N;Loan retail;;;;Other;;;;;;;2511;28;ac13b5dxy10bz;Benzin;G 550 USA/CAN;G-Klasse;W463;G 550 Station-Wagen lang USA-Ausführung;463261;F;2024-07-31;146032.5;X;1.0;;;142089.65;4;34;145396.51597957237;72.5;2030-07-23;73;Other;Active;TEV & TEV +;Y;;69;149945.06;-3912.56;73 - 84;1.0;X;;0.0;F;;;2024-07-08;PF_F;0.04695;145396.51598;Current;0.0745526973847716;0.07714801320627247;-0.009347031145596832;0.35415022088631093;11.958282150905427;N;;0;No-Default;N;0;0;N;N;XYORGF;TM1;RDR;XYORGF;2025-04-24 17:16:33.029457;2025-04-24 17:16:33.029457;STFIN
XY;50;XY1001;XY10;2024-10-31;abc00e325xyc00e3254cz;SYS;709;0;2021-12-14;2027-12-07;EUR;;2021-12-16;19722.66;N;35689.81;0.0;0.0;0.0;0.0;0.0;0.0;458.22;0.0;0.0;0.0;1.0;F;1;R;0.04;Act/Act;0.0;2021-12-14;2027-12-07;0.0;0.0;0.0;EUR;0.0;1085996460;0.0036;0.35;0;N;;0.0;;;;;;;;;;;;;;;;;;STFIN;N;3002;;PC;MB;U;1.0;;;;27000.0;a9235f616xy235f616bcz;VIN;RP;NON;a5c41dcb3xyc41dcb36fz;a5c41dcb3xyc41dcb36fz;XY;;0.0;;;284.0;ACE;;a5e65ab5fxye65ab5fc5z;910;869;;;N;N;Loan retail;N;0.0;;Other;;;;;;;2511;28;a814d18xyee5z;xx;xx;xx;xx;xx;xx;xx;2021-12-31;35689.81;X;284.0;;;19722.66;35;65;19650.20794091346;71.76667;2027-12-07;72;Other;Active;;Y;;37;35231.59;458.22;61 - 72;284.0;X;;0.0;F;;;2021-12-14;PF_F;0.0;19650.20794;Current;0.056672004848307075;0.05816840582556597;0.004555490908266194;0.35594981345983684;12.590888108661384;N;;0;No-Default;N;0;0;N;N;XYORGF;TM1;RDR;XYORGF;2025-04-23 13:46:56.996937;2025-04-23 13:46:56.996937;STFIN
XY;50;XY1001;XY10;2024-10-31;ab02f6704xy02f670463z;SYS;708;0;2022-06-17;2026-06-17;EUR;;2022-06-17;39089.02;N;58515.0;0.0;25553.25;300.0;4798.82;795.0;0.0;0.0;;0.0;;1.0;F;;R;9.52;30/360;;;;1050.17;48.0;0.0;EUR;0.0;343316586;0.01177;0.34893;0;;;;;;;;;;;;;;;;;;;;;OPLEA;B;;L7F;PC;MB;N;1.0;;;;55025.0;a2c058224xyc058224f0z;VIN;RP;NON;a86cf5bd9xy6cf5bd933z;a86cf5bd9xy6cf5bd933z;XY;;;;;1.0;;;ab64752d9xy64752d9dcz;;;;;N;N;Operating lease;;;;Other;;;;;;;2508;31;ae8b54exyb82z;Benzin;GLC 300 4M;GLC;X253;GLC 300 4MATIC;253984;F;2022-06-30;58815.0;X;1.0;;;39089.02;28;28;41374.25386164463;85.2;2026-06-17;48;Other;Active;Core Luxury;Y;;20;61768.65;-4003.8199999999997;37 - 48;1.0;X;;0.0;F;;;2022-06-17;PF_F;0.0;41374.25386;Current;0.07393786564902177;0.07649566767422274;-0.02671428609782628;0.39702198261281907;12.0;N;;0;No-Default;N;0;0;N;N;XYORGF;TM1;RDR;XYORGF;2025-04-24 17:16:33.029457;2025-04-24 17:16:33.029457;OPLEA
XY;50;XY1001;XY10;2024-10-31;ad126d2b6xy126d2b68az;SYS;708;0;2024-10-25;2028-10-25;EUR;;2024-10-28;69512.29;N;69356.0;0.0;35165.0;300.0;500.0;795.0;0.0;0.0;;0.0;;1.0;F;;R;7.42;30/360;;;;1062.54;48.0;0.0;EUR;0.0;926487599;0.01413;0.33446;0;;;;;;;;;;;;;;;;;;;;;OPLEA;B;;;PC;MB;N;1.0;;;;70330.0;ae7f486cdxy7f486cd92z;VIN;RP;NON;a8d4f7e46xyd4f7e46a6z;a8d4f7e46xyd4f7e46a6z;XY;;;;;1.0;;;a0dc093c9xydc093c965z;;;;;N;N;Operating lease;;;;Other;;;;;;;2508;31;a818c94xy604z;Benzin;GLC 300 4M Cou;GLC;C254;GLC 300 4MATIC Coupé;254347;F;2024-10-31;69656.0;X;1.0;;;69512.29;0;0;68298.46;97.33333;2028-10-25;48;Other;Acquisition;Core Luxury;Y;;48;68298.46;295.0;37 - 48;1.0;X;;0.0;F;;;2024-10-25;PF_F;0.0;68298.46;Current;0.08008229472558889;0.08308804505435134;0.0016151835103449252;0.37741365697255974;12.0;N;;0;No-Default;N;0;0;N;N;XYORGF;TM1;RDR;XYORGF;2025-04-24 17:16:33.029457;2025-04-24 17:16:33.029457;OPLEA
XY;50;XY1001;XY10;2024-10-31;a1f1a8ccdxyf1a8ccdd6z;SYS;708;0;2024-09-07;2027-09-07;EUR;;2024-09-20;44168.09;N;44689.13;1828.6;28568.25;300.0;300.0;795.0;0.0;1239.1;;0.0;;1.0;F;;R;4.56;30/360;;;;564.49;36.0;0.0;EUR;0.0;443869048;0.00305;0.29561;0;;;;;;;;;;;;;;;;;;;;;OPLEA;B;;;PC;MB;U;1.0;;;;;ab87d3120xy87d31208az;VIN;RP;NON;a3265bb18xy265bb1815z;a3265bb18xy265bb1815z;XY;;;;;0.0;;;a96bcd6d2xy6bcd6d2ecz;;;;;N;N;Operating lease;;;;Other;;;;;;;2508;31;a7f6cd0xyd4dz;Benzin;GLC 300 4M;GLC;X254;GLC 300 4MATIC;254647;F;2024-09-30;43160.53;X;0.0;;;44168.09;2;32;40540.60276392184;99.7;2027-09-07;36;Other;Active;Core Luxury;Y;;34;40861.94;1734.1;25 - 36;0.0;X;;0.0;F;;;2024-09-07;PF_F;0.04092;40540.60276;Current;0.07140711300202522;0.07379112589484345;0.017907303849256692;0.43527107750878924;12.0;N;;0;No-Default;N;0;0;N;N;XYORGF;TM1;RDR;XYORGF;2025-04-24 17:16:33.029457;2025-04-24 17:16:33.029457;OPLEA
XY;50;XY1001;XY10;2024-10-31;aba36341cxya36341c84z;SYS;708;0;2024-07-22;2030-07-22;EUR;;2024-07-22;22230.82;N;22787.17;0.0;0.0;0.0;0.0;0.0;0.0;0.0;;0.0;;1.0;F;;R;7.44;Act/Act;;;;396.13;72.0;0.0;EUR;0.0;-1458551053;;;0;;;;;;;;;;;;;;;;;;;;;STFIN;N;;;PC;MB;U;1.0;;;;;a9c613a05xyc613a0538z;VIN;RP;NON;af5c07573xy5c07573a4z;af5c07573xy5c07573a4z;XY;;;;;;;;ad3490d6bxy3490d6b5ez;;;;;N;N;Loan retail;;;;Other;;;;;;;2511;28;a887398xycbfz;Benzin;A 220 Lim;A-Klasse;V177;A 220 Limousine;177144;F;2024-07-31;22787.17;X;;;;22230.82;3;33;22034.70822089893;72.0;2030-07-22;72;Other;Active;Entry Luxury;Y;;69;22787.17;0.0;61 - 72;;X;;0.0;F;;;2024-07-22;PF_F;0.0;22034.70822;Current;0.0769345987459668;0.0797059833900348;0.0;0.3602279222949256;12.011767798106929;N;;0;No-Default;N;0;0;N;N;XYORGF;TM1;RDR;XYORGF;2025-04-24 17:16:33.029457;2025-04-24 17:16:33.029457;STFIN
XY;50;XY1001;XY10;2024-10-31;a4cad7456xycad7456f6z;SYS;709;0;2022-02-03;2027-02-03;EUR;;2022-02-04;6483.08;N;60375.2;10310.0;0.0;0.0;200.0;0.0;0.0;3899.86;0.0;0.0;0.0;1.0;F;1;R;0.01;Act/Act;0.0;2022-02-03;2027-02-03;0.0;0.0;0.0;EUR;0.0;406261649;0.00366;0.37;0;N;;0.0;;;;;;;;;;;;;;;;;;STFIN;N;3002;;PC;MB;N;1.0;;;;52050.0;a0bd4e46bxybd4e46b57z;VIN;RP;NON;a8122b174xy122b174a2z;a8122b174xy122b174a2z;XY;;0.0;;;309.0;ACE;;a019c32caxy19c32ca1cz;910;176;;;N;N;Loan retail;N;0.0;;Other;;;;;;;2511;28;a60a997xydb0z;Benzin;GLB 250 4M;GLB;X247;GLB 250 4MATIC SUV;247647;F;2022-02-28;50065.2;X;309.0;;;6483.08;33;33;23106.233964846404;60.0;2027-02-03;60;Other;Active;Entry Luxury;Y;;27;46365.34;3699.86;49 - 60;309.0;X;;0.0;F;;;2022-02-03;PF_F;0.17077;23106.23396;Current;0.051149156272585206;0.05236554164196867;0.031249334939909158;0.41587240653300145;12.009212978014547;N;;0;No-Default;N;0;0;N;N;XYORGF;TM1;RDR;XYORGF;2025-04-23 13:46:56.996937;2025-04-23 13:46:56.996937;STFIN
XY;50;XY1001;XY10;2024-10-31;a57edde3axy7edde3a3fz;SYS;708;0;2023-05-31;2029-05-30;EUR;;2023-06-09;30613.54;N;40999.99;4000.0;0.0;995.0;1090.58;0.0;0.0;855.46;;0.0;;1.0;F;;R;7.89;Act/Act;;;;663.99;72.0;0.0;EUR;0.0;6082373;0.01465;0.39;0;;;;;;;;;;;;;;;;;;;;;STFIN;N;;;PC;MB;U;1.0;;;;;ac57bc954xy57bc954dcz;VIN;RSB;NON;aa0b0afabxy0b0afabd6z;aa0b0afabxy0b0afabd6z;XY;;;;;2.0;;;aacbd6263xycbd626379z;;;;;N;N;Loan retail;;;;Other;;;;;;;2511;28;acb160exy033z;Benzin;E 300;E-Klasse;W213;E 300;213083;F;2023-06-30;37994.99;X;2.0;;;30613.54;17;47;30721.912709098626;71.96666;2029-05-30;72;Other;Active;Core Luxury;Y;;55;38230.11;-235.1199999999999;61 - 72;2.0;X;;0.0;F;;;2023-05-31;PF_F;0.09756;30721.91271;Current;0.07673494052231197;0.0794920300216938;-0.0022093884242148504;0.3602236479404497;12.010120660183901;N;;0;No-Default;N;0;0;N;N;XYORGF;TM1;RDR;XYORGF;2025-04-24 17:16:33.029457;2025-04-24 17:16:33.029457;STFIN
XY;50;XY1001;XY10;2025-04-30;ad192c068xy192c06826z;SYS;2287;0;2023-02-27;2028-02-27;EUR;;2023-02-28;47987.8;N;65507.6;10000.0;20112.5;7412.42;4473.18;490.0;0.0;0.0;;0.0;;;F;;;10.79;30/360;;;;;;0.0;EUR;0.0;-1486950222;;;0;;;0.0;;;;;;;;;;;;;;;;;;BAFIN;U;;SAA241;PC;MB;U;1.0;;;2019-10-01;67200.0;aad8b1028xyd8b1028ffz;VIN;RSB;NON;ab42eaeddxy42eaedd4dz;ab42eaeddxy42eaedd4dz;XY;;7.0;;;234.0;SME2021;;a50dd6c91xy0dd6c91bfz;;004S0115S0122S0177;;;N;N;Loan retail;N;;;;;;;;;;3370;28;aad86d7xyf2bz;Benzin;AMG A 35 4M;A-Klasse;W177;Mercedes-AMG A 35 4MATIC Kompaktlimousine;177051;F;2023-02-28;62920.02;S;234.0;400.0;7;47987.8;26;67;47949.76655629365;86.56667;2028-02-27;60;AMG;Active;tev & tev +;Y;400.0;34;65805.95999999999;-3983.1800000000003;49 - 60;234.0;S;7;0.0;F;;;2023-02-27;PF_F;0.15265;47949.76656;Current;0.08566801594228286;0.08911307407611242;-0.022231665208682874;0.35439370788518804;12.0;N;;0;No-Default;N;0;0;N;N;XYORGF;TM1;RDR;XYORGF;2025-05-15 08:36:22.269992;2025-05-15 08:36:22.269992;BAFIN
XY;50;XY1001;XY10;2024-10-31;a0a6de8f2xya6de8f2afz;SYS;708;0;2024-10-02;2027-10-02;EUR;;2024-10-04;91976.7;N;92881.0;0.0;48331.4;300.0;400.0;795.0;0.0;0.0;;0.0;;1.0;F;;R;7.12;30/360;;;;54917.64;36.0;0.0;EUR;0.0;160260118;0.00122;0.29561;0;;;;;;;;;;;;;;;;;;;;;OPLEA;B;;;PC;MB;N;1.0;;;;90125.0;a0cb6aee3xycb6aee360z;VIN;RP;NON;a8e8e187cxye8e187c5bz;a8e8e187cxye8e187c5bz;XY;;;;;0.0;;;a11f4094cxy1f4094cdbz;;;;;N;N;Operating lease;;;;Other;;;;;;;2508;31;a66f7fdxyd4cz;Benzin;GLS 450 4M;GLS;X167;GLS 450 4MATIC;167959;F;2024-10-31;93181.0;X;0.0;;;91976.7;1;1;37868.36;74.96666;2027-10-02;36;Other;Acquisition;TEV+;Y;;35;37868.36;395.0;25 - 36;0.0;X;;0.0;F;;;2024-10-02;PF_F;0.0;37868.36;Current;0.09210010679099914;0.08471994594758166;0.004391830953923315;0.4297307476003348;0.3333333333333333;N;;0;No-Default;N;0;0;N;N;XYORGF;TM1;RDR;XYORGF;2025-04-24 17:16:33.029457;2025-04-24 17:16:33.029457;OPLEA
XY;50;XY1001;XY10;2024-10-31;afd496e4bxyd496e4b83z;SYS;708;0;2023-08-02;2029-08-17;EUR;;2023-08-04;48945.33;N;83013.71;25000.0;0.0;0.0;780.13;0.0;0.0;0.0;;0.0;;1.0;F;;R;7.39;Act/Act;;;;1003.05;72.0;0.0;EUR;0.0;-671285808;0.00985;0.338;0;;;;;;;;;;;;;;;;;;;;;STFIN;N;;;PC;MB;N;1.0;;;;78930.0;ae92d9402xy92d940289z;VIN;RP;NON;a3e0b9358xye0b93580fz;a3e0b9358xye0b93580fz;XY;;;;;1.0;;;a47c962e9xy7c962e924z;;;;;N;N;Loan retail;;;;Other;;;;;;;2511;28;a9884e8xy1c1z;Benzin;GLE 450 4M L;GLE;V167;GLE 450 4MATIC lang;167159;F;2023-08-31;58013.71;X;1.0;;;48945.33;15;15;49327.15798041345;72.5;2029-08-17;73;Other;Active;Core Luxury;Y;;58;58793.84;-780.13;73 - 84;1.0;X;;0.0;F;;;2023-08-02;PF_F;0.30116;49327.15798;Current;0.06921759602320211;0.07145145943498044;-0.004682492558938767;0.3520823842505891;11.955265926178512;N;;0;No-Default;N;0;0;N;N;XYORGF;TM1;RDR;XYORGF;2025-04-24 17:16:33.029457;2025-04-24 17:16:33.029457;STFIN
XY;50;XY1001;XY10;2024-10-31;a088d1b28xy88d1b28b2z;SYS;708;0;2023-03-30;2026-03-30;EUR;;2023-04-05;60635.35;N;75330.0;0.0;47268.8;300.0;2771.59;795.0;0.0;0.0;;0.0;;1.0;F;;R;9.7;30/360;;;;41045.4;36.0;0.0;EUR;0.0;-1953007547;0.00101;0.29561;0;;;;;;;;;;;;;;;;;;;;;OPLEA;B;;;PC;MB;N;1.0;;;;74440.0;af5eda532xy5eda5326fz;VIN;RP;NON;a0cdc6c2fxycdc6c2f02z;a0cdc6c2fxycdc6c2f02z;XY;;;;;0.0;;;a965940a1xy65940a1daz;;;;;N;N;Operating lease;;;;Other;;;;;;;2508;31;a4fd1e0xy900z;Benzin;AMG C 43 4M;C-Klasse;W206;Mercedes-AMG C 43 4MATIC;206087;F;2023-04-30;75630.0;X;0.0;;;60635.35;19;19;36561.19;96.66667;2026-03-30;36;AMG;Active;tev & tev +;Y;;17;36561.19;-1976.5900000000001;25 - 36;0.0;X;;0.0;F;;;2023-03-30;PF_F;0.0;36561.19;Current;0.09762273419802073;0.08939342919850378;-0.024630137504027816;0.43530915912258494;0.3333333333333333;N;;0;No-Default;N;0;0;N;N;XYORGF;TM1;RDR;XYORGF;2025-04-24 17:16:33.029457;2025-04-24 17:16:33.029457;OPLEA
XY;50;XY1001;XY10;2024-10-31;ac1c55e12xy1c55e120bz;SYS;1042;0;2023-08-07;2026-08-31;EUR;;2023-08-07;65858.19;N;78689.68;16666.67;44626.22;0.0;0.0;0.0;0.0;0.0;;0.0;0.0;1.0;V;1;;8.375;30/360;3.0;2024-08-31;2024-11-30;;;0.0;EUR;0.0;-1399042136;;;0;;;;;;;;;;;;;;;;;;;;;OPLEA;B;;;PC;MB;N;1.0;;;2023-08-04;86151.0;aead9eb15xyad9eb153az;VIN;RSB;NON;a9ff12358xyff1235832z;a9ff12358xyff1235832z;XY;;;;;845.0;RSB;1.0;a420314f1xy20314f1cez;;Mercedes-Benz Bank Bonus Hybrid gewerblich 2023-02Q;;;N;;Manufacturing lease;;;;;;;;;;;2508;32;a99e2a7xy3bdz;Diesel - Plug-In Hybrid;GLC 300 de 4M Cou;GLC;C254;GLC 300 de 4MATIC Coupé;254309;T;2023-08-31;62023.01;S;845.0;800.0;3;65858.19;15;15;55771.6600000002;84.96667;2026-08-31;37;Other;Active;Core Luxury;Y;800.0;22;62023.01;0.0;37 - 48;845.0;S;3;0.0;V1;2024-08-31;2024-11-30;2023-08-07;PF_V_RF;0.2118;55771.66;Current;0.08251026971291477;0.08570980854193107;0.0;0.3795420381195608;12.092264678471576;N;;0;No-Default;N;0;0;N;N;XYORGF;TM1;RDR;XYORGF;2025-05-15 09:01:23.338997;2025-05-15 09:01:23.338997;OPLEA
XY;50;XY1001;XY10;2024-10-31;ac3c4b5e3xy3c4b5e32ez;SYS;708;0;2021-06-10;2027-08-25;EUR;;2021-06-28;72281.72;Y;129123.01;0.0;0.0;2400.0;6010.54;0.0;0.0;0.0;;0.0;;1.0;F;;R;6.99;Act/Act;;;;2248.14;74.0;2248.14;EUR;6.0;1368241548;0.02679;0.345;0;;2023-11-21;;;;;;;;;;;;;;;;;;;STFIN;N;;22;PC;MB;N;1.0;;;;106965.0;afd19aafcxyd19aafc85z;VIN;RP;NON;a004f8568xy04f85680az;a004f8568xy04f85680az;XY;;;;;2.0;;;a2c5ab2b6xyc5ab2b6ccz;;;;;N;N;Loan retail;;;;Other;;;;;;;2511;28;aa5f4cexyfcez;Benzin;AMG GT 43 4M+ Cou;AMG GT;X290;Mercedes-AMG GT 43 4MATIC+ Coupé;290659;F;2021-06-30;131523.01;X;2.0;;;74529.86;41;41;71787.33451271184;74.5;2027-08-25;75;AMG;Active;tev & tev +;Y;;34;137533.55000000002;-6010.54;73 - 84;2.0;X;;2248.14;F;;;2021-06-10;PF_F;0.0;74035.47451;1-30 dpd;0.05495903480735165;0.056349397230446886;-0.01494106794575567;0.3337630908861487;11.83976762691626;N;;0;No-Default;N;6;6;N;N;XYORGF;TM1;RDR;XYORGF;2025-04-24 17:16:33.029457;2025-04-24 17:16:33.029457;STFIN
XY;50;XY1001;XY10;2024-10-31;a4dc40c6bxydc40c6bb2z;SYS;708;0;2019-04-11;2025-05-11;EUR;;2019-04-15;59714.07;N;260909.0;0.0;39136.34;0.0;600.09;0.0;0.0;0.0;;0.0;;1.0;F;;R;3.97;Act/Act;;;;3597.94;72.0;0.0;EUR;0.0;834544193;0.00823;0.19823;0;;;;;;;;;;;;;;;;;;;;;FILEA;N;;;CV;FR;N;2.0;;;;260909.0;ab1fbbe51xy1fbbe5178z;VIN;CF;NON;a13571064xy3571064bdz;ae150f345xy150f34571z;XY;;;;;;;;a6b819325xyb8193253az;;;;;N;N;Finance lease;;;;Fleet;;;;;;;2510;30;a75b83exy2a2z;xx;xx;xx;xx;xx;xx;xx;2019-04-30;260909.0;X;;;;59714.07;67;67;59606.139831704495;85.86667;2025-05-11;73;Other;Active;;Y;;6;261509.09;-600.09;73 - 84;;X;;0.0;F;;;2019-04-11;PF_F;0.0;59606.13983;Current;0.039003343795242715;0.039708132218409485;-0.0006988939903593283;0.30617974051526525;12.010756587720735;N;;0;No-Default;N;0;0;N;N;XYORGF;TM1;RDR;XYORGF;2025-04-24 17:16:33.029457;2025-04-24 17:16:33.029457;BFLEA
XY;50;XY1001;XY10;2025-04-30;aed3055acxyd3055ac41z;SYS;2287;0;2022-06-20;2027-06-20;EUR;;2022-06-23;66800.3;N;93000.0;0.0;37200.0;1480.0;2628.08;490.0;0.0;0.0;;0.0;;;F;;;7.2;30/360;;;;;;1392.51;EUR;10.0;1971154636;;;0;;;0.0;;;;;;;;;;;;;;;;;;BAFIN;U;;SAA241;PC;MB;N;1.0;;;2021-08-10;98700.0;a0f8581d1xyf8581d158z;VIN;RSB;NON;a9b791fe0xyb791fe00cz;a9b791fe0xyb791fe00cz;XY;;6.0;;;323.0;SME2021;;a3c21b28axyc21b28a41z;;004S0115S0121S0168;;;N;N;Loan retail;N;;;;;;;;;;3370;28;a8aa537xy33az;Benzin;E 200;E-Klasse;W213;E 200;213080;F;2022-06-30;94480.0;S;323.0;500.0;6;68192.81;34;34;65316.504215977955;99.96667;2027-06-20;60;Other;Active;Core Luxury;Y;500.0;26;96618.08;-2138.08;49 - 60;323.0;S;6;1392.51;F;;;2022-06-20;PF_F;0.0;66709.01422;Current;0.0647870093915329;0.0667458432749524;-0.007213782438636254;0.32334918369223975;12.0;N;;0;No-Default;N;0;0;N;N;XYORGF;TM1;RDR;XYORGF;2025-05-15 08:36:22.269992;2025-05-15 08:36:22.269992;BAFIN
XY;50;XY1001;XY10;2024-10-31;a9a2732dcxya2732dc48z;SYS;709;0;2024-10-11;2028-10-11;EUR;;2024-10-21;119903.3;N;133157.05;22.5;60445.0;0.0;75.0;0.0;0.0;12491.31;0.0;2100.0;0.0;1.0;F;1;A;0.03;30/360;0.0;2024-10-11;2028-10-11;0.0;0.0;0.0;EUR;0.0;1383941056;0.01;0.21;0;N;;0.0;;;;;;;;;;;;;;;;;;OPLEA;B;3105;;PC;MB;N;1.0;;;;137375.0;a3e604c98xye604c98abz;VIN;RSB;NON;a81fea3d7xy1fea3d7c2z;a81fea3d7xy1fea3d7c2z;XY;;0.0;;;200.0;ACE;;a43b22d66xy3b22d66dbz;910;794;;;N;N;Operating lease;N;0.0;;Other;;;;;;;2508;31;a363a3dxy211z;Benzin;AMG GLE 53 4M+ Cou;GLE;C167;Mercedes-AMG GLE 53 4MATIC+ Coupé;167361;F;2024-10-31;133134.55;X;200.0;;;119903.3;1;1;118922.94;87.86666;2028-10-11;48;AMG;Acquisition;tev & tev +;Y;;47;118922.94;12416.31;37 - 48;200.0;X;;0.0;F;;;2024-10-11;PF_F;0.00017;118922.94;Current;0.07128272795140708;0.07365835995346942;0.03638239332410294;0.3737269416027353;12.0;N;;0;No-Default;N;0;0;N;N;XYORGF;TM1;RDR;XYORGF;2025-04-23 13:46:56.996937;2025-04-23 13:46:56.996937;OPLEA
XY;50;XY1001;XY10;2024-10-31;a47efdde8xy7efdde85az;SYS;708;0;2024-04-22;2027-04-22;EUR;;2024-04-23;41932.56;N;44111.23;1567.99;30247.15;300.0;300.0;795.0;0.0;492.76;;0.0;;1.0;F;;R;5.42;30/360;;;;538.21;36.0;0.0;EUR;0.0;135171894;0.00305;0.29561;0;;;;;;;;;;;;;;;;;;;;;OPLEA;B;;24B;PC;MB;U;1.0;;;;;a26ed06aaxy6ed06aac6z;VIN;RP;NON;a7a0e71dfxya0e71df05z;a7a0e71dfxya0e71df05z;XY;;;;;0.0;;;a5ca0625bxyca0625b30z;;;;;N;N;Operating lease;;;;Other;;;;;;;2508;31;ae6818dxy7dez;Benzin;GLC 300 4M;GLC;X254;GLC 300 4MATIC;254647;F;2024-04-30;42843.24;X;0.0;;;41932.56;6;36;39552.26170013639;114.4;2027-04-22;36;Other;Active;Core Luxury;Y;;30;41317.27;987.76;25 - 36;0.0;X;;0.0;F;;;2024-04-22;PF_F;0.03555;39552.2617;Current;0.0721537410395905;0.07458837712492393;0.01003106886374356;0.42809695733454084;12.0;N;;0;No-Default;N;0;0;N;N;XYORGF;TM1;RDR;XYORGF;2025-04-24 17:16:33.029457;2025-04-24 17:16:33.029457;OPLEA
XY;50;XY1001;XY10;2024-10-31;a9b280177xyb2801775dz;SYS;708;0;2022-10-12;2028-10-26;EUR;;2022-10-20;51164.33;N;69084.05;0.0;0.0;995.0;3789.04;0.0;0.0;0.0;;0.0;;1.0;F;;R;9.49;Act/Act;;;;1285.04;72.0;0.0;EUR;0.0;-1289387607;0.01556;0.414;0;;;;;;;;;;;;;;;;;;;;;STFIN;N;;;PC;MB;U;1.0;;;;;a938de54exy38de54ee5z;VIN;RP;NON;a9fb0c829xyfb0c82977z;a9fb0c829xyfb0c82977z;XY;;;;;2.0;;;a8f01e35cxyf01e35c79z;;;;;N;N;Loan retail;;;;Other;;;;;;;2511;28;ae5cd0cxyb61z;Benzin;GLC 300 4M;GLC;X253;GLC 300 4MATIC;253984;F;2022-10-31;70079.05;X;2.0;;;51164.33;25;55;53027.876187733724;72.46667;2028-10-26;72;Other;Active;Core Luxury;Y;;48;73868.09;-3789.04;61 - 72;2.0;X;;0.0;F;;;2022-10-12;PF_F;0.0;53027.87619;Current;0.07612841154691641;0.07883628848867531;-0.01877166492742749;0.3552399738326384;11.956732395531366;N;;0;No-Default;N;0;0;N;N;XYORGF;TM1;RDR;XYORGF;2025-04-24 17:16:33.029457;2025-04-24 17:16:33.029457;STFIN
XY;50;XY1001;XY10;2024-10-31;aa5a91140xy5a9114028z;SYS;709;0;2020-08-17;2025-08-17;EUR;;2020-08-21;24853.62;N;56034.98;8849.56;21067.02;0.0;0.0;0.0;0.0;3004.81;0.0;0.0;0.0;1.0;F;1;A;0.02;30/360;0.0;2020-08-17;2025-08-17;0.0;0.0;0.0;EUR;0.0;-665644593;0.01;0.23;0;N;;0.0;;;;;;;;;;;;;;;;;;FILEA;U;3105;;VA;MB;N;1.0;;;;54018.0;a2dd5c5e9xydd5c5e963z;VIN;RSB;NON;a9f515521xyf51552182z;a9f515521xyf51552182z;XY;;0.0;;;271.0;ACE;;abc830411xyc8304113dz;910;883;;;N;N;Finance lease;N;0.0;;Other;;;;;;;2510;30;a8af279xy745z;Diesel;419 KA 4X2 3665;Sprinter/NCV3/VS30;VS30 VAN DUS MB;VS30 RWD - KaWa;907643;F;2020-08-31;47185.42;X;271.0;;;24853.62;50;50;24805.874143656245;96.13333;2025-08-17;60;Other;Active;Vans;Y;;10;43660.22;3004.81;49 - 60;271.0;X;;0.0;F;;;2020-08-17;PF_F;0.15793;24805.87414;Current;0.04949366995597805;0.05063199393966209;0.019594625971359775;0.29894771096513545;12.0;N;;0;No-Default;N;0;0;N;N;XYORGF;TM1;RDR;XYORGF;2025-04-23 13:46:56.996937;2025-04-23 13:46:56.996937;BFLEA
XY;50;XY1001;XY10;2024-10-31;abbfb9927xybfb9927fez;SYS;708;0;2024-10-13;2030-10-28;EUR;;2024-10-16;41518.46;N;46454.12;5000.0;0.0;0.0;1106.93;0.0;0.0;5262.96;;0.0;;1.0;F;;R;2.99;Act/Act;;;;630.43;72.0;0.0;EUR;0.0;-243812216;0.00131;0.39;0;;;;;;;;;;;;;;;;;;;;;STFIN;N;;;PC;MB;U;1.0;;;;;a0b0b5019xyb0b501982z;VIN;RP;NON;a1ed054cfxyed054cfe1z;a1ed054cfxyed054cfe1z;XY;;;;;0.0;;;a84ce3cfaxy4ce3cfaafz;;;;;N;N;Loan retail;;;;Other;;;;;;;2511;28;ac07a32xy84cz;Benzin;C 300;C-Klasse;W206;C 300;206046;F;2024-10-31;41454.12;X;0.0;;;41518.46;1;31;37298.090000000004;72.5;2030-10-28;73;Other;Acquisition;Core Luxury;Y;;72;37298.090000000004;4156.03;73 - 84;0.0;X;;0.0;F;;;2024-10-13;PF_F;0.10763;37298.09;Current;0.06599428276547391;0.06802321098237304;0.036094143466115586;0.3509758541933264;11.956851250531077;N;;0;No-Default;N;0;0;N;N;XYORGF;TM1;RDR;XYORGF;2025-04-24 17:16:33.029457;2025-04-24 17:16:33.029457;STFIN
XY;50;XY1001;XY10;2024-10-31;a256fd877xy56fd877e3z;SYS;708;0;2024-01-02;2027-01-17;EUR;;2024-01-04;29807.22;N;39145.97;0.0;0.0;0.0;578.6;0.0;0.0;2913.53;;0.0;;1.0;F;;R;3.39;Act/Act;;;;1146.77;36.0;0.0;EUR;0.0;-1469816309;0.00131;0.39;0;;;;;;;;;;;;;;;;;;;;;STFIN;N;;;PC;MB;U;1.0;;;;;a625c4c32xy25c4c3245z;VIN;RP;NON;aa5faf98fxy5faf98f63z;aa5faf98fxy5faf98f63z;XY;;;;;0.0;;;aa759c7eaxy759c7ea05z;;;;;N;N;Loan retail;;;;Other;;;;;;;2511;28;a2395b1xy6f2z;Benzin;C 300 4M;C-Klasse;W205;C 300 4MATIC;205084;F;2024-01-31;39145.97;X;0.0;;;29807.22;10;40;28439.53734275567;36.5;2027-01-17;37;Other;Active;Core Luxury;Y;;27;36811.04;2334.9300000000003;37 - 48;0.0;X;;0.0;F;;;2024-01-02;PF_F;0.0;28439.53734;Current;0.07400866734045268;0.07656157022926642;0.040108672669377766;0.6642837132989743;11.90115780257632;N;;0;No-Default;N;0;0;N;N;XYORGF;TM1;RDR;XYORGF;2025-04-24 17:16:33.029457;2025-04-24 17:16:33.029457;STFIN
XY;50;XY1001;XY10;2024-10-31;a7bb83306xybb8330639z;SYS;708;0;2021-04-30;2025-04-30;EUR;;2021-05-01;26865.88;N;43745.75;654.75;24427.0;300.0;741.02;795.0;0.0;0.0;;0.0;;1.0;F;;R;4.13;30/360;;;;529.65;48.0;0.0;EUR;0.0;-1299894947;0.0026;0.34692;0;;;;;;;;;;;;;;;;;;;;;OPLEA;B;;24B;PC;MB;N;1.0;;;;46975.0;ad1efe5bbxy1efe5bb4ez;VIN;RP;NON;a1481ce16xy481ce1663z;a1481ce16xy481ce1663z;XY;;;;;0.0;;;acd510f61xyd510f6170z;;;;;N;N;Operating lease;;;;Other;;;;;;;2508;31;aaf21e9xy8a6z;Benzin;GLB 250;GLB;X247;GLB 250 SUV;247646;F;2021-05-31;43391.0;X;0.0;;;26865.88;42;42;26889.769058348156;108.7;2025-04-30;48;Other;Active;Entry Luxury;Y;;6;42807.369999999995;53.98000000000002;37 - 48;0.0;X;;0.0;F;;;2021-04-30;PF_F;0.01497;26889.76906;Current;0.04807667884298831;0.049150275927480246;0.0004345807745603225;0.34704326720483014;12.000556173526139;N;;0;No-Default;N;0;0;N;N;XYORGF;TM1;RDR;XYORGF;2025-04-24 17:16:33.029457;2025-04-24 17:16:33.029457;OPLEA
XY;50;XY1001;XY10;2024-10-31;a489acd8axy89acd8a29z;SYS;708;0;2024-07-16;2028-01-16;EUR;;2024-07-17;95997.42;N;100255.0;798.29;49164.05;0.0;500.0;0.0;0.0;0.0;;0.0;;1.0;F;;R;6.84;30/360;;;;1621.01;42.0;0.0;EUR;0.0;1396526987;0.00305;0.29561;0;;;;;;;;;;;;;;;;;;;;;OPLEA;B;;;PC;MB;N;1.0;;;;114335.0;a363fafbaxy63fafbac6z;VIN;RP;NON;a61042453xy104245355z;a61042453xy104245355z;XY;;;;;0.0;;;a5fd32d24xyfd32d242az;;;;;N;N;Operating lease;;;;Other;;;;;;;2508;31;a484a8axy0a5z;Benzin;AMG GT 43 4M+ Cou;AMG GT;X290;Mercedes-AMG GT 43 4MATIC+ Coupé;290659;F;2024-07-31;99456.71;X;0.0;;;95997.42;4;4;95084.40180267485;82.43333;2028-01-16;42;AMG;Active;tev & tev +;Y;;39;98335.70000000001;-500.0;37 - 48;0.0;X;;0.0;F;;;2024-07-16;PF_F;0.00796;95084.4018;Current;0.06628827943849513;0.06833980768256566;-0.002132353291530678;0.4206956449958832;12.0;N;;0;No-Default;N;0;0;N;N;XYORGF;TM1;RDR;XYORGF;2025-04-24 17:16:33.029457;2025-04-24 17:16:33.029457;OPLEA
XY;50;XY1001;XY10;2024-10-31;a303aee53xy03aee5323z;SYS;1042;0;2024-06-05;2025-06-30;EUR;;2024-06-05;29106.54;N;30400.61;0.0;27804.91;0.0;0.0;0.0;0.0;300.0;;0.0;0.0;1.0;F;;;7.0147;30/360;;;;;;0.0;EUR;0.0;-218975499;;;0;;;;;;;;;;;;;;;;;;;;;BFLEA;N;;;PC;MB;N;1.0;;;2024-06-03;45137.83;a871ce69cxy71ce69c3az;VIN;RP;NON;affd4f997xyfd4f997a0z;affd4f997xyfd4f997a0z;XY;;;;;448.0;RP;1.0;a420314f1xy20314f1cez;;Mercedes-Benz Bank Bonus privat Q1 2024;;;N;;Finance lease;;;;;;;;;;;2510;30;ae16a8dxy7baz;Diesel;B 180 d;B-Klasse;W247;B 180 d Compact Sports Tourer;247010;F;2024-06-30;30400.61;S;448.0;600.0;5;29106.54;5;5;29283.087035939167;150.03334;2025-06-30;13;Other;Active;Entry Luxury;Y;600.0;8;30100.61;300.0;13 - 24;448.0;S;5;0.0;F;;;2024-06-05;PF_F;0.0;29283.08704;Current;0.07526116640155378;0.07791536717147304;0.01008249990458246;1.0231486009424666;12.173842073046318;N;;0;No-Default;N;0;0;N;N;XYORGF;TM1;RDR;XYORGF;2025-05-15 09:01:23.338997;2025-05-15 09:01:23.338997;BFLEA
XY;50;XY1001;XY10;2024-10-31;a025f714cxy25f714c37z;SYS;708;0;2023-07-27;2029-10-10;EUR;;2023-07-28;38325.78;Y;38080.05;0.0;0.0;4645.0;427.25;0.0;0.0;0.0;;0.0;;1.0;F;;R;7.09;Act/Act;;;;732.42;74.0;744.84;EUR;21.0;1861221655;0.00627;0.39;0;;2024-05-15;;;;;;;;;;;;;;;;;;;STFIN;N;;24;PC;MB;U;1.0;;;;;a5c584154xyc5841546az;VIN;RP;NON;abce9f1f8xyce9f1f820z;abce9f1f8xyce9f1f820z;XY;;;;;1.0;;;a7f7be1efxyf7be1ef75z;;;;;N;N;Loan retail;;;;Other;;;;;;;2511;28;a565838xya6dz;xx;xx;xx;xx;xx;xx;xx;2023-07-31;42725.05;X;1.0;;;39070.619999999995;15;45;37686.699916316735;74.43334;2029-10-10;74;Other;Active;;Y;;59;43152.3;-427.25;73 - 84;1.0;X;;744.84;F;;;2023-07-27;PF_F;0.0;38431.53992;Current;0.0676208467219683;0.06973307566613689;-0.003279127560753131;0.3312148928189568;11.78559378899033;N;;0;No-Default;N;0;0;N;N;XYORGF;TM1;RDR;XYORGF;2025-04-24 17:16:33.029457;2025-04-24 17:16:33.029457;STFIN
XY;50;XY1001;XY10;2024-10-31;a5248da10xy248da105dz;SYS;708;0;2019-04-03;2025-04-18;EUR;;2019-04-15;3207.07;N;34523.47;1000.0;0.0;0.0;1227.44;0.0;0.0;2075.19;;0.0;;1.0;F;;R;4.99;Act/Act;;;;540.85;72.0;0.0;EUR;0.0;668648238;0.0064;0.346;0;;;;;;;;;;;;;;;;;;;;;STFIN;N;;;PC;MB;U;1.0;;;;;ac08c87d2xy08c87d277z;VIN;RP;NON;a56fc7b6bxy6fc7b6b4dz;a56fc7b6bxy6fc7b6b4dz;XY;;;;;1.0;;;a12fb070cxy2fb070cf5z;;;;;N;N;Loan retail;;;;Other;;;;;;;2511;28;ac2b7d0xy160z;xx;xx;xx;xx;xx;xx;xx;2019-04-30;33523.47;X;1.0;;;3207.07;67;97;3192.7990797944235;72.5;2025-04-18;73;Other;Active;;Y;;6;32675.72;847.75;73 - 84;1.0;X;;0.0;F;;;2019-04-03;PF_F;0.02897;3192.79908;Current;0.058705535578755755;0.060307853711130135;0.00880549665488222;0.34786475302287856;11.952263938033491;N;;0;No-Default;N;0;0;N;N;XYORGF;TM1;RDR;XYORGF;2025-04-24 17:16:33.029457;2025-04-24 17:16:33.029457;STFIN
XY;50;XY1001;XY10;2025-04-30;a0a29b7d2xya29b7d2c3z;SYS;2287;0;2024-02-14;2029-02-14;EUR;;2024-02-15;53340.1;N;60970.6;6414.33;27000.0;4085.7;1381.48;490.0;0.0;0.0;;0.0;;;F;;;8.99;30/360;;;;;;0.0;EUR;0.0;90050757;;;0;;;0.0;;;;;;;;;;;;;;;;;;BAFIN;U;;SAA192;PC;MB;N;1.0;;;2022-11-18;67189.0;a90f9fbf2xy0f9fbf287z;VIN;RP;NON;a8cc4821cxycc4821c32z;a8cc4821cxycc4821c32z;XY;;5.0;;;725.0;PI2013;;a8c715cedxyc715ceddbz;;004S0121S0174;;;N;N;Loan retail;N;;;;;;;;;;3370;28;a008b96xyeb7z;Benzin;CLA 200;A-Klasse;C118;CLA 200 Coupé;118387;F;2024-02-29;58641.97;S;725.0;600.0;5;53340.1;15;15;53126.03459339916;107.7;2029-02-14;60;Other;Active;Entry Luxury;Y;600.0;45;59533.450000000004;-891.48;49 - 60;725.0;S;5;0.0;F;;;2024-02-14;PF_F;0.1052;53126.03459;Current;0.0850619304077272;0.08845783817118823;-0.004838942535649773;0.32207490856551585;12.0;N;;0;No-Default;N;0;0;N;N;XYORGF;TM1;RDR;XYORGF;2025-05-15 08:36:22.269992;2025-05-15 08:36:22.269992;BAFIN
XY;50;XY1001;XY10;2024-10-31;ad32b1b00xy32b1b0041z;SYS;708;0;2024-05-04;2030-05-18;EUR;;2024-05-13;41521.56;N;53500.0;10000.0;0.0;0.0;3341.32;0.0;0.0;0.0;;0.0;;1.0;F;;R;9.59;Act/Act;;;;799.88;72.0;0.0;EUR;0.0;-137856579;0.01182;0.338;0;;;;;;;;;;;;;;;;;;;;;STFIN;N;;;PC;MB;N;1.0;;;;55125.0;a7d1e59b3xyd1e59b3d9z;VIN;RP;NON;adc5e2475xyc5e247517z;adc5e2475xyc5e247517z;XY;;;;;1.0;;;acc4d696axyc4d696a39z;;;;;N;N;Loan retail;;;;Other;;;;;;;2511;28;a744c18xy894z;Benzin;GLC 300 4M;GLC;X254;GLC 300 4MATIC;254647;F;2024-05-31;43500.0;X;1.0;;;41521.56;6;6;44301.847758808246;72.46667;2030-05-18;72;Other;Active;Core Luxury;Y;;67;46841.32;-3341.32;61 - 72;1.0;X;;0.0;F;;;2024-05-04;PF_F;0.18692;44301.84776;Current;0.06960768159060148;0.07186744118160608;-0.026292039946654758;0.35255035196951334;11.96172093039705;N;;0;No-Default;N;0;0;N;N;XYORGF;TM1;RDR;XYORGF;2025-04-24 17:16:33.029457;2025-04-24 17:16:33.029457;STFIN
XY;50;XY1001;XY10;2024-10-31;ad77e10c8xy77e10c894z;SYS;708;0;2021-05-05;2027-08-20;EUR;;2021-05-10;33178.18;Y;63505.65;4000.0;0.0;895.0;1551.51;0.0;0.0;4464.5;;0.0;;1.0;F;;R;5.99;Act/Act;;;;1003.22;75.0;1091.95;EUR;11.0;1702252053;0.02554;0.416;0;;2023-09-20;;;;;;;;;;;;;;;;;;;STFIN;N;;;PC;MB;U;1.0;;;;;aa1f22406xy1f2240680z;VIN;RP;NON;a69e10438xy9e1043803z;a69e10438xy9e1043803z;XY;;;;;3.0;;;aac6d541cxyc6d541c9ez;;;;;N;N;Loan retail;;;;Other;;;;;;;2511;28;a197d0exyde9z;xx;xx;xx;xx;xx;xx;xx;2021-05-31;60400.65;X;3.0;;;34270.13;42;72;31224.009483399594;75.5;2027-08-20;76;Other;Active;;Y;;34;57487.66;2912.99;73 - 84;3.0;X;;1091.95;F;;;2021-05-05;PF_F;0.06299;32315.95948;1-30 dpd;0.07544902311075288;0.07807061728690508;0.016186474107199526;0.3329367267145139;11.761739113871181;N;;0;No-Default;N;11;11;N;N;XYORGF;TM1;RDR;XYORGF;2025-04-24 17:16:33.029457;2025-04-24 17:16:33.029457;STFIN
XY;50;XY1001;XY10;2024-10-31;a7c83c843xyc83c8432cz;SYS;708;0;2023-07-13;2029-07-26;EUR;;2023-07-18;23252.96;N;28413.53;2000.0;0.0;695.0;864.27;0.0;0.0;0.0;;0.0;;1.0;F;;R;7.99;Act/Act;;;;476.54;72.0;750.99;EUR;5.0;732824174;0.00627;0.39;0;;;;;;;;;;;;;;;;;;;;;STFIN;N;;24;PC;MB;U;1.0;;;;;a955c6812xy55c6812b9z;VIN;RP;NON;a46f0a4dcxy6f0a4dc2cz;a46f0a4dcxy6f0a4dc2cz;XY;;;;;1.0;;;a5bb12c2fxybb12c2f77z;;;;;N;N;Loan retail;;;;Other;;;;;;;2511;28;a7a5264xy588z;xx;xx;xx;xx;xx;xx;xx;2023-07-31;27108.53;X;1.0;;;24003.95;16;46;23116.597920036937;72.43333;2029-07-26;72;Other;Active;;Y;;57;27972.8;-864.27;61 - 72;1.0;X;;750.99;F;;;2023-07-13;PF_F;0.07039;23867.58792;1-30 dpd;0.06885032070966288;0.0710609793428185;-0.011049514720427464;0.3523631352925133;11.960275809667444;N;;0;No-Default;N;5;5;N;N;XYORGF;TM1;RDR;XYORGF;2025-04-24 17:16:33.029457;2025-04-24 17:16:33.029457;STFIN
XY;50;XY1001;XY10;2024-10-31;aa43164faxy43164fa12z;SYS;708;0;2018-11-12;2024-11-27;EUR;;2018-11-16;623.86;N;40340.02;0.0;0.0;0.0;1017.51;0.0;0.0;3040.26;;0.0;;1.0;F;;R;4.99;Act/Act;;;;650.83;72.0;0.0;EUR;0.0;1363605162;0.00821;0.39079;0;;;;;;;;;;;;;;;;;;;;;STFIN;N;;;PC;MB;U;1.0;;;;;a420cac63xy20cac6340z;VIN;RP;NON;a2c0ae69bxyc0ae69ba1z;a2c0ae69bxyc0ae69ba1z;XY;;;;;1.0;;;a0a29470axya29470a71z;;;;;N;N;Loan retail;;;;Other;;;;;;;2511;28;a38bfc3xy864z;Benzin;GLC 300 4M L;GLC;V253;GLC 300 4MATIC lang;253184;F;2018-11-30;40340.02;X;1.0;;;623.86;72;102;641.7504276623804;72.5;2024-11-27;73;Other;Active;Core Luxury;Y;;1;38317.27;2022.7500000000002;73 - 84;1.0;X;;0.0;F;;;2018-11-12;PF_F;0.0;641.75043;Current;0.06769406254744882;0.06983008994431042;0.01779425911904385;0.3517778441391492;11.951743945411081;N;;0;No-Default;N;0;0;N;N;XYORGF;TM1;RDR;XYORGF;2025-04-24 17:16:33.029457;2025-04-24 17:16:33.029457;STFIN
XY;50;XY1001;XY10;2024-10-31;ad0736923xy0736923b7z;SYS;708;0;2018-11-24;2024-12-09;EUR;;2018-11-27;1406.44;N;54037.04;7000.0;0.0;697.0;0.0;0.0;0.0;4614.5;;0.0;;1.0;F;;R;1.99;Act/Act;;;;704.47;72.0;0.0;EUR;0.0;-444536539;0.0023;0.34762;0;;;;;;;;;;;;;;;;;;;;;STFIN;N;;12;PC;MB;N;1.0;;;;48135.0;a913d292dxy13d292d3bz;VIN;RP;NON;a7fa49326xyfa49326caz;a7fa49326xyfa49326caz;XY;;;;;0.0;;;ab9d9a118xy9d9a118bcz;;;;;N;N;Loan retail;;;;Other;;;;;;;2511;28;a553075xy339z;Diesel;416 KA 4X2 4325;Sprinter/NCV3/VS30;VS30 VAN CHS MB;VS30 RWD - KaWa;907645;F;2018-11-30;47734.04;X;0.0;;;1406.44;71;71;1398.6232077604625;72.5;2024-12-09;73;Other;Active;Vans;Y;;1;43119.54;4614.5;73 - 84;0.0;X;;0.0;F;;;2018-11-24;PF_F;0.12954;1398.62321;Current;0.054221158214506196;0.05558628199273718;0.03432112428847092;0.34638363874799416;11.954948427134452;N;;0;No-Default;N;0;0;N;N;XYORGF;TM1;RDR;XYORGF;2025-04-24 17:16:33.029457;2025-04-24 17:16:33.029457;STFIN
XY;50;XY1001;XY10;2024-10-31;ac70e4d40xy70e4d4008z;SYS;708;0;2021-10-31;2025-01-31;EUR;;2021-11-03;58930.95;N;115978.0;9811.86;54209.25;300.0;400.0;795.0;0.0;0.0;;0.0;;1.0;F;;R;3.35;30/360;;;;1584.74;39.0;0.0;EUR;0.0;-257362142;0.0026;0.30072;0;;;;;;;;;;;;;;;;;;;;;OPLEA;B;;24B;PC;MB;N;1.0;;;;118405.0;a73b90971xy3b90971f8z;VIN;RP;NON;a15d25e80xy5d25e8019z;a15d25e80xy5d25e8019z;XY;;;;;0.0;;;a9bd02ee4xybd02ee429z;;;;;N;N;Operating lease;;;;Other;;;;;;;2508;31;ae7cf1fxy3f8z;Benzin;S 580 4M lang;S-Klasse;W/V223;S 580 4MATIC lang;223176;F;2021-11-30;106466.14;X;0.0;;;58930.95;36;36;58251.75251437617;73.3;2025-01-31;39;Other;Active;TEV+;Y;;3;104486.4;395.0;37 - 48;0.0;X;;0.0;F;;;2021-10-31;PF_F;0.0846;58251.75251;Current;0.038333804757218266;0.03901449611147269;0.001607547519826856;0.42889128968413914;12.000684521262942;N;;0;No-Default;N;0;0;N;N;XYORGF;TM1;RDR;XYORGF;2025-04-24 17:16:33.029457;2025-04-24 17:16:33.029457;OPLEA
XY;50;XY1001;XY10;2024-10-31;a9b5bc314xyb5bc314e3z;SYS;708;0;2023-04-23;2029-05-06;EUR;;2023-05-03;84922.41;N;113753.21;10000.0;0.0;1150.0;3039.69;0.0;0.0;0.0;;0.0;;1.0;F;;R;7.59;Act/Act;;;;1823.73;72.0;0.0;EUR;0.0;-1799594335;0.00162;0.338;0;;;;;;;;;;;;;;;;;;;;;STFIN;N;;24;PC;MB;U;1.0;;;;;aec705cc9xyc705cc944z;VIN;RSB;NON;ab11757e1xy11757e1bez;ab11757e1xy11757e1bez;XY;;;;;0.0;;;a2e7854c0xye7854c091z;;;;;N;N;Loan retail;;;;Other;;;;;;;2511;28;aa87668xy7caz;Benzin;GLS 450 4M;GLS;X167;GLS 450 4MATIC;167959;F;2023-05-31;104903.21;X;0.0;;;84922.41;18;48;86369.71292518152;72.43333;2029-05-06;72;Other;Active;TEV+;Y;;54;107942.90000000001;-3039.69;61 - 72;0.0;X;;0.0;F;;;2023-04-23;PF_F;0.08791;86369.71293;Current;0.0658820450375275;0.0679045106613719;-0.010018046744753165;0.3512111787723579;11.960275707624051;N;;0;No-Default;N;0;0;N;N;XYORGF;TM1;RDR;XYORGF;2025-04-24 17:16:33.029457;2025-04-24 17:16:33.029457;STFIN
XY;50;XY1001;XY10;2024-10-31;a947c0d3dxy47c0d3d66z;SYS;708;0;2022-02-18;2028-02-20;EUR;;2022-03-01;61236.24;N;100963.11;0.0;0.0;995.0;1811.98;0.0;0.0;0.0;;0.0;;1.0;F;;R;5.99;Act/Act;;;;1689.82;72.0;0.0;EUR;0.0;-256439878;0.02654;0.345;0;;;;;;;;;;;;;;;;;;;;;STFIN;N;;23;PC;MB;N;1.0;;;;87190.0;a67d3dee9xy7d3dee900z;VIN;RP;NON;af6c9ba2exy6c9ba2ef4z;af6c9ba2exy6c9ba2ef4z;XY;;;;;2.0;;;a119c0b04xy19c0b041ez;;;;;N;N;Loan retail;;;;Other;;;;;;;2511;28;a5d843cxy75fz;Benzin;GLS 450 4M;GLS;X167;GLS 450 4MATIC;167959;F;2022-03-31;101958.11;X;2.0;;;61236.24;32;32;61732.74742771018;72.06667;2028-02-20;72;Other;Active;TEV+;Y;;40;103770.09;-1811.98;61 - 72;2.0;X;;0.0;F;;;2022-02-18;PF_F;0.0;61732.74743;Current;0.053739670647404925;0.05508311577965485;-0.006160390463344496;0.35095077065709496;11.998034602487705;N;;0;No-Default;N;0;0;N;N;XYORGF;TM1;RDR;XYORGF;2025-04-24 17:16:33.029457;2025-04-24 17:16:33.029457;STFIN
XY;50;XY1001;XY10;2024-10-31;a472e7f94xy72e7f94b0z;SYS;708;0;2023-09-28;2026-09-28;EUR;;2023-09-29;41474.41;N;47608.09;0.0;30752.0;0.0;500.0;0.0;0.0;0.0;;0.0;;1.0;F;;R;6.99;30/360;;;;695.46;36.0;0.0;EUR;0.0;-1070358552;0.00253;0.29561;0;;;;;;;;;;;;;;;;;;;;;OPLEA;B;;24A;PC;MB;N;1.0;;;;49600.0;a9bbe8609xybbe860900z;VIN;RP;NON;ab655e9aaxy655e9aab4z;ab655e9aaxy655e9aab4z;XY;;;;;0.0;;;acda0ecb9xyda0ecb9e0z;;;;;N;N;Operating lease;;;;Other;;;;;;;2508;31;ac6b968xybe2z;Benzin;C 300 4M;C-Klasse;W206;C 300 4MATIC;206047;F;2023-09-30;47608.09;X;0.0;;;41474.41;13;13;41531.77983463048;101.7;2026-09-28;36;Other;Active;Core Luxury;Y;;23;47412.63;-500.0;25 - 36;0.0;X;;0.0;F;;;2023-09-28;PF_F;0.0;41531.77983;Current;0.06521050987121557;0.06719517555699976;-0.00468227966682469;0.4438498232230109;12.005952380952381;N;;0;No-Default;N;0;0;N;N;XYORGF;TM1;RDR;XYORGF;2025-04-24 17:16:33.029457;2025-04-24 17:16:33.029457;OPLEA
XY;50;XY1001;XY10;2024-10-31;a81f1e9bcxy1f1e9bc25z;SYS;708;0;2022-07-09;2028-07-22;EUR;;2022-07-15;29716.98;N;53923.01;10000.0;0.0;0.0;2499.97;0.0;0.0;0.0;;0.0;;1.0;F;;R;7.69;Act/Act;;;;765.6;72.0;0.0;EUR;0.0;1810069449;0.01074;0.345;0;;;;;;;;;;;;;;;;;;;;;STFIN;N;;;PC;MB;N;1.0;;;;49340.0;aab2592fdxyb2592fd03z;VIN;RSB;NON;ad063f5d0xy063f5d01az;ad063f5d0xy063f5d01az;XY;;;;;1.0;;;a766aff83xy66aff834az;;;;;N;N;Loan retail;;;;Other;;;;;;;2511;28;ad1ecb0xy091z;Benzin;GLB 250;GLB;X247;GLB 250 SUV;247646;F;2022-07-31;43923.01;X;1.0;;;29716.98;28;28;30928.073839187575;72.43333;2028-07-22;72;Other;Active;Entry Luxury;Y;;45;46422.98;-2499.97;61 - 72;1.0;X;;0.0;F;;;2022-07-09;PF_F;0.18545;30928.07384;Current;0.057564799133690205;0.059105317734238154;-0.019335186768209355;0.34797312409378944;11.957875630344489;N;;0;No-Default;N;0;0;N;N;XYORGF;TM1;RDR;XYORGF;2025-04-24 17:16:33.029457;2025-04-24 17:16:33.029457;STFIN
XY;50;XY1001;XY10;2024-10-31;a44d6fd3fxy4d6fd3f97z;SYS;708;0;2020-09-19;2026-10-03;EUR;;2020-09-23;19980.04;N;57546.96;2000.0;0.0;0.0;1467.28;0.0;0.0;1374.37;;0.0;;1.0;F;;R;2.99;Act/Act;;;;856.93;72.0;0.0;EUR;0.0;-166742721;0.0019;0.34;0;;;;;;;;;;;;;;;;;;;;;STFIN;N;;12;PC;MB;N;1.0;;;;50780.0;ab18675c9xy18675c9cfz;VIN;RP;NON;ab0f46b20xy0f46b200dz;ab0f46b20xy0f46b200dz;XY;;;;;0.0;;;a4b14abe6xyb14abe620z;;;;;N;N;Loan retail;;;;Other;;;;;;;2511;28;a4c8cabxy2d7z;Benzin;GLB 250 4M;GLB;X247;GLB 250 4MATIC SUV;247647;F;2020-09-30;55546.96;X;0.0;;;19980.04;49;49;19845.391438090966;72.46667;2026-10-03;72;Other;Active;Entry Luxury;Y;;23;55639.87;-92.91000000000008;61 - 72;0.0;X;;0.0;F;;;2020-09-19;PF_F;0.03475;19845.39144;Current;0.03414470937078545;0.034683176136639654;-0.0005632316247673186;0.33923187328881094;11.95966828032746;N;;0;No-Default;N;0;0;N;N;XYORGF;TM1;RDR;XYORGF;2025-04-24 17:16:33.029457;2025-04-24 17:16:33.029457;STFIN
XY;50;XY1001;XY10;2024-10-31;ad4c1016dxy4c1016d56z;SYS;1042;0;2019-12-18;2024-12-31;EUR;;2019-12-18;10784.94;N;25416.67;3333.33;10416.67;0.0;0.0;0.0;0.0;0.0;;0.0;0.0;1.0;V;1;;8.022;30/360;3.0;2024-08-31;2024-12-31;;;0.0;EUR;0.0;-1568318214;;;0;;;;;;;;;;;;;;;;;;;;;BFLEA;N;;;PC;MB;U;1.0;;;2019-04-09;33251.24;a84b6b559xy4b6b55968z;VIN;RP;NON;ab55b1003xy55b100322z;ab55b1003xy55b100322z;XY;;;;;583.0;P1AAAT;1.0;a62cff779xy2cff77957z;;Gebrauchtwagenaktion 2019;;;N;;Finance lease;;;;;;;;;;;2510;30;aba51c4xy84cz;Diesel;B 180 d;B-Klasse;W247;B 180 d Compact Sports Tourer;247003;F;2019-12-31;22083.34;S;583.0;700.0;4;10784.94;58;67;10857.480000107935;102.4;2024-12-31;60;Other;Active;Entry Luxury;Y;700.0;2;22083.34;0.0;49 - 60;583.0;S;4;0.0;V1;2024-08-31;2024-12-31;2019-12-18;PF_V_RF;0.13115;10857.48;Current;0.059932419977404006;0.06160899377919448;0.0;0.26922600523886187;12.165015852729374;N;;0;No-Default;N;0;0;N;N;XYORGF;TM1;RDR;XYORGF;2025-05-15 09:01:23.338997;2025-05-15 09:01:23.338997;BFLEA
XY;50;XY1001;XY10;2024-10-31;a4584cd1fxy584cd1f21z;SYS;708;0;2022-12-28;2026-01-11;EUR;;2023-01-06;12382.52;N;28884.73;0.0;0.0;0.0;351.09;0.0;0.0;1929.33;;0.0;;1.0;F;;R;2.99;Act/Act;;;;840.92;36.0;0.0;EUR;0.0;-1657815288;0.00114;0.414;0;;;;;;;;;;;;;;;;;;;;;STFIN;N;;24;PC;MB;U;1.0;;;;;a42f96dd5xy2f96dd5e2z;VIN;RP;NON;ab2c80c3bxy2c80c3b87z;ab2c80c3bxy2c80c3b87z;XY;;;;;0.0;;;acd3139daxyd3139da10z;;;;;N;N;Loan retail;;;;Other;;;;;;;2511;28;a5ae86exy539z;Diesel - Plug-In Hybrid;GLE 350 de 4M L;GLE;V167;GLE 350 de 4MATIC lang;167117;T;2023-01-31;28884.73;X;0.0;;;12382.52;22;52;12067.593666347406;36.43333;2026-01-11;36;Other;Active;Core Luxury;Y;;14;27306.489999999998;1578.24;25 - 36;0.0;X;;0.0;F;;;2022-12-28;PF_F;0.0;12067.59367;Current;0.06649312988806134;0.06855022794171718;0.03659272993874427;0.6626653343424868;11.906838880033265;N;;0;No-Default;N;0;0;N;N;XYORGF;TM1;RDR;XYORGF;2025-04-24 17:16:33.029457;2025-04-24 17:16:33.029457;STFIN
XY;50;XY1001;XY10;2024-10-31;a301febbexy01febbe16z;SYS;8204;0;2021-04-28;2026-04-27;EUR;;2021-04-30;37782.58;N;79752.07;0.0;19938.02;0.0;0.0;0.0;1096.9;0.0;;0.0;;1.0;F;;A;0.04;30/360;;;;;;0.0;EUR;0.0;-863175805;0.0;;0;;;0.0;;;;;;Internal;;;;;;;;;;;;OLOPT;B;;;PC;MB;N;;;;2021-04-22;84585.0;ae033fa2fxy033fa2fd8z;VIN;RSB;NON;a97458422xy745842266z;a97458422xy745842266z;XY;;0.0;;;275.0;SME;3.0;a48caa978xy8caa978d1z;;No Campaign;;;N;N;Operating lease;N;;;;;;;;;;2517;31;abe8064xyde6z;Diesel - Plug-In Hybrid;GLE 350 de 4M L;GLE;V167;GLE 350 de 4MATIC lang;167117;T;2021-04-30;79752.07;S;275.0;300.0;8;37782.58;42;42;39268.19335221721;79.93333;2026-04-27;60;Other;Active;Core Luxury;Y;300.0;18;79664.9;-1096.9;49 - 60;275.0;S;8;0.0;F;;;2021-04-28;PF_F;0.0;39268.19335;Current;0.039957214322354384;0.04069737669768436;-0.004729224988256175;0.34259647897008844;13.800756620428752;N;;0;No-Default;N;0;0;N;N;XYORGF;TM1;RDR;XYORGF;2025-04-30 08:18:19.573592;2025-04-30 08:18:19.573592;OLOPT
XY;50;XY1001;XY10;2024-10-31;a2a3624c6xya3624c6adz;SYS;708;0;2022-01-18;2028-02-02;EUR;;2022-01-19;30631.52;N;53482.99;0.0;0.0;825.0;1419.22;0.0;0.0;2407.72;;0.0;;1.0;F;;R;2.99;Act/Act;;;;825.92;72.0;0.0;EUR;0.0;1839171517;0.00661;0.414;0;;;;;;;;;;;;;;;;;;;;;STFIN;N;;22;PC;MB;U;1.0;;;;;a4650c066xy650c06636z;VIN;RP;NON;a6048ce2exy048ce2e05z;a6048ce2exy048ce2e05z;XY;;;;;1.0;;;a96e80ab2xy6e80ab231z;;;;;N;N;Loan retail;;;;Other;;;;;;;2511;28;a1509ddxyd4fz;Benzin;GLB 250;GLB;X247;GLB 250 SUV;247646;F;2022-01-31;54307.99;X;1.0;;;30631.52;33;63;31076.93302277753;72.46667;2028-02-02;72;Other;Active;Entry Luxury;Y;;39;53319.49;988.4999999999998;61 - 72;1.0;X;;0.0;F;;;2022-01-18;PF_F;0.0;31076.93302;Current;0.03608147908774689;0.03668318278193326;0.006181474506882608;0.3399706684803348;11.946687652285409;N;;0;No-Default;N;0;0;N;N;XYORGF;TM1;RDR;XYORGF;2025-04-24 17:16:33.029457;2025-04-24 17:16:33.029457;STFIN
XY;50;XY1001;XY10;2024-10-31;a65443a5cxy5443a5cc5z;SYS;708;0;2024-02-26;2030-03-12;EUR;;2024-02-28;23652.34;N;32473.98;7000.0;0.0;1695.0;1655.9;0.0;0.0;0.0;;0.0;;1.0;F;;R;8.89;Act/Act;;;;490.06;72.0;0.0;EUR;0.0;428720270;0.00131;0.39;0;;;;;;;;;;;;;;;;;;;;;STFIN;N;;;PC;MB;U;1.0;;;;;adb00d07axyb00d07ad8z;VIN;RP;NON;a4f73ffc5xyf73ffc5c9z;a4f73ffc5xyf73ffc5c9z;XY;;;;;0.0;;;ab839293fxy839293fdcz;;;;;N;N;Loan retail;;;;Other;;;;;;;2511;28;a5a6a98xyed8z;Benzin;GLA 250 4M;GLA;H247;GLA 250 4MATIC City-SUC;247747;F;2024-02-29;27168.98;X;0.0;;;23652.34;8;38;26584.447121738023;72.53333;2030-03-12;73;Other;Active;Entry Luxury;Y;;64;28824.88;-1655.9;73 - 84;0.0;X;;0.0;F;;;2024-02-26;PF_F;0.21556;26584.44712;Current;0.06800139786745564;0.07015673494113832;-0.02089836445973814;0.3515882430513123;11.960262943478927;N;;0;No-Default;N;0;0;N;N;XYORGF;TM1;RDR;XYORGF;2025-04-24 17:16:33.029457;2025-04-24 17:16:33.029457;STFIN
XY;50;XY1001;XY10;2024-10-31;a3446927cxy446927c15z;SYS;708;0;2021-12-13;2025-12-13;EUR;;2021-12-16;27277.18;N;43099.17;0.0;20376.4;1997.01;300.0;795.0;0.0;3058.4;;0.0;;1.0;F;;R;1.4;30/360;;;;570.0;48.0;0.0;EUR;0.0;-109300134;0.01723;0.30072;0;;;;;;;;;;;;;;;;;;;;;OPLEA;B;;24B;PC;MB;U;1.0;;;;;aaf61b98axyf61b98a31z;VIN;RP;NON;afc7bfef9xyc7bfef9e9z;afc7bfef9xyc7bfef9e9z;XY;;;;;1.0;;;a1b3d7f23xyb3d7f239fz;;;;;N;N;Operating lease;;;;Other;;;;;;;2508;31;a4156aaxyf71z;Benzin;C 300 4M;C-Klasse;W205;C 300 4MATIC;205084;F;2021-12-31;45096.18;X;1.0;;;27277.18;35;65;26422.144228175228;91.06667;2025-12-13;48;Other;Active;Core Luxury;Y;;13;40972.78;3553.4;37 - 48;1.0;X;;0.0;F;;;2021-12-13;PF_F;0.0;26422.14423;Current;0.050010176638964135;0.05117255084889921;0.02975715145894275;0.3639176274755816;12.0;N;;0;No-Default;N;0;0;N;N;XYORGF;TM1;RDR;XYORGF;2025-04-24 17:16:33.029457;2025-04-24 17:16:33.029457;OPLEA
XY;50;XY1001;XY10;2024-10-31;a640bdeb4xy40bdeb499z;SYS;708;0;2024-07-15;2028-10-15;EUR;;2024-07-24;55160.45;N;57054.35;2540.51;25080.75;300.0;400.0;795.0;0.0;1848.39;;0.0;;1.0;F;;R;5.39;30/360;;;;780.14;51.0;822.17;EUR;16.0;-1314684268;0.01413;0.33446;0;;;;;;;;;;;;;;;;;;;;;OPLEA;B;;;PC;MB;N;1.0;;;;53435.0;a2865d96exy865d96e7az;VIN;RP;NON;a99c2f724xy9c2f724bfz;a99c2f724xy9c2f724bfz;XY;;;;;1.0;;;a86afaf69xy6afaf693fz;;;;;N;N;Operating lease;;;;Other;;;;;;;2508;31;a8ab9f8xy948z;Benzin;GLC 300 4M;GLC;X254;GLC 300 4MATIC;254647;F;2024-07-31;54813.84;X;1.0;;;55982.619999999995;4;4;50401.14692060415;91.0;2028-10-15;51;Other;Active;Core Luxury;Y;;47;51790.31;2243.3900000000003;49 - 60;1.0;X;;822.17;F;;;2024-07-15;PF_F;0.04453;51223.31692;Current;0.07412994721988768;0.07670119441170938;0.015103321256761545;0.36069238288551214;12.0;N;;0;No-Default;N;0;0;N;N;XYORGF;TM1;RDR;XYORGF;2025-04-24 17:16:33.029457;2025-04-24 17:16:33.029457;OPLEA
XY;50;XY1001;XY10;2024-10-31;aab88da37xyb88da375cz;SYS;8204;0;2019-12-06;2024-12-05;EUR;;2019-12-16;9156.93;N;34610.0;6500.0;8652.5;0.0;0.0;0.0;200.0;0.0;;0.0;;1.0;F;;A;0.04;30/360;;;;;;0.0;EUR;0.0;-394418177;0.0;;0;;;0.0;;;;;;Internal;;;;;;;;;;;;OLOPT;B;;;PC;MB;N;;;;2019-12-04;37970.0;ae85647c3xy85647c335z;VIN;RSB;NON;ab22511fbxy22511fbbdz;ab22511fbxy22511fbbdz;XY;;0.0;;;455.0;RSB;5.0;abb8cbe97xyb8cbe978az;;BMS MB PC Renting 0,99 % 60m with DP - Q1-2020 (BE);;;N;N;Operating lease;N;;;;;;;;;;2517;31;a6d39ffxy5d5z;Diesel;CLA 180 d SB;A-Klasse;X118;CLA 180 d Shooting Brake;118603;F;2019-12-31;28110.0;S;455.0;400.0;7;9156.93;59;59;9036.338818367098;79.96667;2024-12-05;60;Other;Active;Entry Luxury;Y;400.0;1;27970.69;-200.0;49 - 60;455.0;S;7;0.0;F;;;2019-12-06;PF_F;0.18781;9036.33882;Current;0.007635451014048802;0.007662237487418985;-0.00222337250516259;0.3115220246304692;13.318032786885245;N;;0;No-Default;N;0;0;N;N;XYORGF;TM1;RDR;XYORGF;2025-04-30 08:18:19.573592;2025-04-30 08:18:19.573592;OLOPT
XY;50;XY1001;XY10;2024-10-31;a0e4c4048xye4c40481fz;SYS;708;0;2023-09-02;2026-09-17;EUR;;2023-10-03;9046.71;N;42741.21;7750.0;0.0;0.0;426.57;0.0;0.0;2607.35;;0.0;;1.0;F;;R;3.09;Act/Act;;;;1020.28;36.0;0.0;EUR;0.0;-887124422;0.00108;0.39;0;;;;;;;;;;;;;;;;;;;;;STFIN;N;;;PC;MB;U;1.0;;;;;a2b2e86c9xyb2e86c9d8z;VIN;RP;NON;af1099256xy109925686z;af1099256xy109925686z;XY;;;;;0.0;;;a460a287axy60a287ab7z;;;;;N;N;Loan retail;;;;Other;;;;;;;2511;28;a102b84xy48cz;xx;xx;xx;xx;xx;xx;xx;2023-10-31;34991.21;X;0.0;;;9046.71;14;44;21840.949244778996;36.5;2026-09-17;37;Other;Active;;Y;;23;32810.43;2180.7799999999997;37 - 48;0.0;X;;0.0;F;;;2023-09-02;PF_F;0.18132;21840.94924;Current;0.07279066968621146;0.07525965400187021;0.04189050935768229;0.6633804574303722;11.895936757131015;N;;0;No-Default;N;0;0;N;N;XYORGF;TM1;RDR;XYORGF;2025-04-24 17:16:33.029457;2025-04-24 17:16:33.029457;STFIN
XY;50;XY1001;XY10;2024-10-31;a99dea861xy9dea86116z;SYS;708;0;2021-03-08;2027-03-23;EUR;;2021-03-12;11696.08;N;31881.98;4381.98;0.0;0.0;768.01;0.0;0.0;2381.76;;0.0;;1.0;F;;R;2.99;Act/Act;;;;418.21;72.0;0.0;EUR;0.0;-1122448117;0.01564;0.416;0;;;;;;;;;;;;;;;;;;;;;STFIN;N;;;PC;MB;U;1.0;;;;;a5c34aa15xyc34aa1570z;VIN;RP;NON;a5ed24d0cxyed24d0c01z;a5ed24d0cxyed24d0c01z;XY;;;;;2.0;;;a5fd32d24xyfd32d242az;;;;;N;N;Loan retail;;;;Other;;;;;;;2511;28;a227a40xy0e5z;xx;xx;xx;xx;xx;xx;xx;2021-03-31;27500.0;X;2.0;;;11696.08;44;74;11474.107531214193;72.5;2027-03-23;73;Other;Active;;Y;;29;25886.25;1613.7500000000002;73 - 84;2.0;X;;0.0;F;;;2021-03-08;PF_F;0.13744;11474.10753;Current;0.044908297696580925;0.04583507089835541;0.02004877411106431;0.33734177265409904;11.90896151363443;N;;0;No-Default;N;0;0;N;N;XYORGF;TM1;RDR;XYORGF;2025-04-24 17:16:33.029457;2025-04-24 17:16:33.029457;STFIN
XY;50;XY1001;XY10;2024-10-31;a941e87fbxy41e87fbcdz;SYS;708;0;2023-12-30;2030-01-14;EUR;;2024-01-02;52895.4;N;58124.75;0.0;0.0;1000.0;1491.27;0.0;0.0;5762.32;;0.0;;1.0;F;;R;4.99;Act/Act;;;;953.91;72.0;0.0;EUR;0.0;-1093703302;0.00627;0.39;0;;;;;;;;;;;;;;;;;;;;;STFIN;N;;;PC;MB;U;1.0;;;;;a887912caxy87912ca23z;VIN;RP;NON;a1160ddfdxy160ddfd25z;a1160ddfdxy160ddfd25z;XY;;;;;1.0;;;aa426bbb1xy426bbb150z;;;;;N;N;Loan retail;;;;Other;;;;;;;2511;28;a963174xy849z;Benzin;GLB 250 4M;GLB;X247;GLB 250 4MATIC SUV;247647;F;2024-01-31;59124.75;X;1.0;;;52895.4;10;40;49426.78621384189;72.5;2030-01-14;72;Other;Active;Entry Luxury;Y;;62;54853.7;4271.049999999999;61 - 72;1.0;X;;0.0;F;;;2023-12-30;PF_F;0.0;49426.78621;Current;0.07595909052956182;0.07865453409099074;0.026059046537681124;0.3551095691178896;11.954911216542712;N;;0;No-Default;N;0;0;N;N;XYORGF;TM1;RDR;XYORGF;2025-04-24 17:16:33.029457;2025-04-24 17:16:33.029457;STFIN
XY;50;XY1001;XY10;2024-10-31;a48f08ef1xy8f08ef1c8z;SYS;708;0;2021-08-19;2027-09-03;EUR;;2021-08-31;37524.42;N;72023.0;10000.0;0.0;8256.95;1680.84;0.0;599.0;181.36;;0.0;;1.0;F;;R;5.9;Act/Act;;;;1164.15;72.0;0.0;EUR;0.0;-176880209;0.0062;0.344;0;;;;;;;;;;;;;;;;;;;;;STFIN;N;;;VA;MB;N;1.0;;;;72023.0;a285f89e5xy85f89e5a6z;VIN;RSB;NON;adfba2571xyfba257194z;a7127dc25xy127dc2503z;XY;;;;;;;;ab117eaf4xy117eaf46ez;;;;;N;N;Loan retail;;;;Other;;;;;;;2511;28;ab02523xy1f0z;Diesel;419 KA 4X2 4325;Sprinter/NCV3/VS30;VS30 VAN CHS MB;VS30 RWD - KaWa;907647;F;2021-08-31;70279.95;X;;;;37524.42;38;38;37904.11029772797;72.46667;2027-09-03;72;Other;Active;Vans;Y;;34;72378.43;-2098.48;61 - 72;;X;;0.0;F;;;2021-08-19;PF_F;0.13884;37904.1103;Current;0.04887985040803218;0.049987756282198995;-0.010120199249329727;0.3444341592424994;11.953041096061222;N;;0;No-Default;N;0;0;N;N;XYORGF;TM1;RDR;XYORGF;2025-04-24 17:16:33.029457;2025-04-24 17:16:33.029457;STFIN
XY;50;XY1001;XY10;2024-10-31;a53b9fed0xy3b9fed02cz;SYS;708;0;2022-09-30;2025-09-30;EUR;;2022-10-11;48144.89;N;67625.0;2591.53;37861.6;3992.9;1072.23;795.0;0.0;0.0;;0.0;;1.0;F;;R;6.99;30/360;;;;1200.05;36.0;0.0;EUR;0.0;-105958871;0.01177;0.30308;0;;;;;;;;;;;;;;;;;;;;;OPLEA;B;;L7F;PC;MB;N;1.0;;;;67610.0;aa6286e73xy6286e7365z;VIN;RSB;NON;ac3f1c71dxy3f1c71dedz;ac3f1c71dxy3f1c71dedz;XY;;;;;1.0;;;ac26397a0xy26397a0efz;;;;;N;N;Operating lease;;;;Other;;;;;;;2508;31;a496821xya88z;Benzin;GLE 350 4M L;GLE;V167;GLE 350 4MATIC lang;167149;F;2022-10-31;69026.37;X;1.0;;;48144.89;25;25;47011.08998456122;81.83333;2025-09-30;36;Other;Active;Core Luxury;Y;;11;68103.54999999999;-277.23;25 - 36;1.0;X;;0.0;F;;;2022-09-30;PF_F;0.03832;47011.08998;Current;0.07341570114848489;0.07593713490648892;-0.0019179954781133879;0.47293658967518665;12.0;N;;0;No-Default;N;0;0;N;N;XYORGF;TM1;RDR;XYORGF;2025-04-24 17:16:33.029457;2025-04-24 17:16:33.029457;OPLEA
XY;50;XY1001;XY10;2024-10-31;a8433a6c1xy433a6c18cz;SYS;708;0;2022-04-15;2025-04-15;EUR;;2022-04-19;37469.39;N;64532.0;0.0;32624.15;0.0;1800.16;0.0;0.0;0.0;;0.0;;1.0;F;;R;6.05;30/360;;;;1130.18;36.0;0.0;EUR;0.0;-1312354185;0.0026;0.30308;0;;;;;;;;;;;;;;;;;;;;;OPLEA;B;;L7F;PC;MB;N;1.0;;;;60585.0;a432d484fxy32d484f71z;VIN;RSB;NON;af5c26b26xy5c26b266cz;af5c26b26xy5c26b266cz;XY;;;;;0.0;;;abb569efaxyb569efa5cz;;;;;N;N;Operating lease;;;;Other;;;;;;;2508;31;aa96b87xy702z;Benzin;C 300 Cab;C-Klasse;A205;C 300 Cabriolet;205483;F;2022-04-30;64532.0;X;0.0;;;37469.39;31;31;37448.381525623845;72.8;2025-04-15;36;Other;Active;Core Luxury;Y;;5;65201.98;-1800.16;25 - 36;0.0;X;;0.0;F;;;2022-04-15;PF_F;0.0;37448.38153;Current;0.04726688898265658;0.04830444300394291;-0.013227275788086065;0.4737352829566485;12.0;N;;0;No-Default;N;0;0;N;N;XYORGF;TM1;RDR;XYORGF;2025-04-24 17:16:33.029457;2025-04-24 17:16:33.029457;OPLEA
XY;50;XY1001;XY10;2024-10-31;a770e3e0exy70e3e0eacz;SYS;708;0;2024-05-05;2027-05-20;EUR;;2024-05-15;50544.47;N;67907.45;10000.0;0.0;0.0;718.62;0.0;0.0;2368.32;;0.0;;1.0;F;;R;4.9;Act/Act;;;;1736.47;36.0;0.0;EUR;0.0;-481779108;0.00196;0.338;0;;;;;;;;;;;;;;;;;;;;;STFIN;N;;;VA;MB;N;1.0;;;;65638.0;ae0e8b09exy0e8b09eebz;VIN;RP;NON;a8eef2bddxyeef2bddfez;a8eef2bddxyeef2bddfez;XY;;;;;0.0;;;aebabfeb1xybabfeb1bbz;;;;;N;N;Loan retail;;;;Other;;;;;;;2511;28;accdaf9xycd7z;Diesel;416 KA 4X2 4325;Sprinter/NCV3/VS30;VS30 VAN CHS MB;VS30 RWD - KaWa;907645;F;2024-05-31;57907.45;X;0.0;;;50544.47;6;6;49250.89194233314;36.5;2027-05-20;37;Other;Active;Vans;Y;;31;56257.75;1649.7000000000003;37 - 48;0.0;X;;0.0;F;;;2024-05-05;PF_F;0.14726;49250.89194;Current;0.06786414463793518;0.07000677634634299;0.018864241856202182;0.6607640118508381;11.90988155474934;N;;0;No-Default;N;0;0;N;N;XYORGF;TM1;RDR;XYORGF;2025-04-24 17:16:33.029457;2025-04-24 17:16:33.029457;STFIN
XY;50;XY1001;XY10;2024-10-31;a5a8e41e7xya8e41e7bbz;SYS;708;0;2023-11-21;2026-11-21;EUR;;2023-11-22;57205.6;N;63688.0;1632.0;38981.6;1890.78;400.0;795.0;0.0;5055.88;;0.0;;1.0;F;;R;2.73;30/360;;;;832.76;36.0;0.0;EUR;0.0;74465363;0.00253;0.29561;0;;;;;;;;;;;;;;;;;;;;;OPLEA;B;;24A;PC;MB;N;1.0;;;;68210.0;a19c2e15exy9c2e15e44z;VIN;RP;NON;a8ab8894exyab8894ea8z;a8ab8894exyab8894ea8z;XY;;;;;0.0;;;a0a7bb0b0xya7bb0b098z;;;;;N;N;Operating lease;;;;Other;;;;;;;2508;31;a6be201xy60az;Benzin;E 300 4M;E-Klasse;W213;E 300 4MATIC;213084;F;2023-11-30;63946.78;X;0.0;;;57205.6;11;11;52139.040679147714;92.83333;2026-11-21;36;Other;Active;Core Luxury;Y;;25;57663.14;5450.88;25 - 36;0.0;X;;0.0;F;;;2023-11-21;PF_F;0.02562;52139.04068;Current;0.0718860690834986;0.07430249398822976;0.03922988067227693;0.4410567409841082;12.0;N;;0;No-Default;N;0;0;N;N;XYORGF;TM1;RDR;XYORGF;2025-04-24 17:16:33.029457;2025-04-24 17:16:33.029457;OPLEA
XY;50;XY1001;XY10;2024-10-31;ad67e99f5xy67e99f579z;SYS;708;0;2023-03-29;2025-03-29;EUR;;2023-03-30;76220.15;N;99237.22;4509.51;70187.0;300.0;1295.27;795.0;0.0;1174.36;;0.0;;1.0;F;;R;6.75;30/360;;;;1531.32;24.0;0.0;EUR;0.0;-1184125756;0.01177;0.29561;0;;;;;;;;;;;;;;;;;;;;;OPLEA;B;;;PC;MB;N;1.0;;;;107980.0;ad4bf511axy4bf511a48z;VIN;RP;NON;a967d1b6dxy67d1b6dd0z;a967d1b6dxy67d1b6dd0z;XY;;;;;1.0;;;a86afaf69xy6afaf693fz;;;;;N;N;Operating lease;;;;Other;;;;;;;2508;31;a8e5034xyb09z;Elektro;EQS 450+ SUV;GLS;X296;EQS 450+ SUV;296623;T;2023-03-31;95027.71;X;1.0;;;76220.15;19;19;74001.2339805138;82.0;2025-03-29;24;Other;Active;TEV+;Y;;5;92822.3;674.0899999999999;13 - 24;1.0;X;;0.0;F;;;2023-03-29;PF_F;0.04544;74001.23398;Current;0.07715628697277528;0.07994406280002007;0.004437213929444378;0.6172650965948808;12.002224694104559;N;;0;No-Default;N;0;0;N;N;XYORGF;TM1;RDR;XYORGF;2025-04-24 17:16:33.029457;2025-04-24 17:16:33.029457;OPLEA
XY;50;XY1001;XY10;2024-10-31;ab2f9a4edxy2f9a4ed02z;SYS;708;0;2022-01-27;2026-02-11;EUR;;2022-02-03;43359.96;N;81594.15;0.0;21903.16;286.65;500.0;0.0;0.0;0.0;;0.0;;1.0;F;;R;2.99;Act/Act;;;;1411.67;48.0;1482.25;EUR;20.0;769591456;0.02544;0.345;3;;;;;;;;;;;;;;;;;;;;;BAFIN;N;;;VA;MB;N;1.0;;;;62602.0;ae09e18f1xy09e18f1edz;VIN;CF;NON;a909dc412xy09dc412e5z;afaf4b33fxyaf4b33f1az;XY;;;;;;;;abb569efaxyb569efa5cz;;;;;N;N;Loan retail;;;;Fleet;;;;;;;2512;28;aa1c6bexy3f7z;Diesel;419 KB 4X2 4325;Sprinter/NCV3/VS30;VS30 VAN CHS MB;VS30 RWD - Kombi;907745;F;2022-02-28;81880.8;X;;;;44842.21;33;33;41908.078049064236;66.3;2026-02-11;48;Other;Active;Vans;Y;;15;82380.8;-500.0;37 - 48;;X;;1482.25;F;;;2022-01-27;PF_F;0.0;43390.32805;1-30 dpd;0.027444759207561023;0.02779193033550571;-0.002455313489746782;0.4055953420703126;11.914243244101522;Y;2024-10-31;0;Default - no hostile termination, no remarketing occurred;Y;20;21;N;N;XYORGF;TM1;RDR;XYORGF;2025-04-24 17:16:33.029457;2025-04-24 17:16:33.029457;BAFIN
XY;50;XY1001;XY10;2024-10-31;a08b03158xy8b0315802z;SYS;708;0;2022-08-06;2025-08-06;EUR;;2022-08-09;50942.93;N;76490.0;980.8;42215.6;0.0;2742.86;0.0;0.0;0.0;;13500.0;;1.0;F;;R;6.46;30/360;;;;1242.67;36.0;0.0;EUR;0.0;-257047978;0.00706;0.30308;0;;;;;;;;;;;;;;;;;;;;;OPLEA;B;;L7F;PC;MB;N;1.0;;;;73745.0;aabdbc645xybdbc64558z;VIN;RP;NON;a325de252xy25de252bdz;a325de252xy25de252bdz;XY;;;;;1.0;;;a806e6159xy06e615988z;;;;;N;N;Operating lease;;;;Other;;;;;;;2508;31;a3bed84xy805z;Benzin;GLE 450 4M L;GLE;V167;GLE 450 4MATIC lang;167159;F;2022-08-31;75509.2;X;1.0;;;50942.93;27;27;51578.41210781901;80.33333;2025-08-06;36;Other;Active;Core Luxury;Y;;9;77009.39;-2742.86;25 - 36;1.0;X;;0.0;F;;;2022-08-06;PF_F;0.01282;51578.41211;Current;0.04807163394681876;0.04914377651281563;-0.01655551965100837;0.45738921992714215;12.083333333333332;N;;0;No-Default;N;0;0;N;N;XYORGF;TM1;RDR;XYORGF;2025-04-24 17:16:33.029457;2025-04-24 17:16:33.029457;OPLEA
XY;50;XY1001;XY10;2024-10-31;a91f9a6f3xy1f9a6f3a0z;SYS;708;0;2023-10-09;2029-10-22;EUR;;2023-10-11;41768.45;N;49874.97;2153.0;0.0;0.0;3436.23;0.0;0.0;0.0;;0.0;;1.0;F;;R;9.49;Act/Act;;;;874.85;72.0;0.0;EUR;0.0;-852524203;0.00627;0.39;0;;;;;;;;;;;;;;;;;;;;;STFIN;N;;;PC;MB;U;1.0;;;;;a41f40c69xy1f40c692dz;VIN;RP;NON;a03423ec1xy3423ec1a4z;a03423ec1xy3423ec1a4z;XY;;;;;1.0;;;a5bb12c2fxybb12c2f77z;;;;;N;N;Loan retail;;;;Other;;;;;;;2511;28;a0f40fbxycc7z;Benzin;E 450 Cou USA;E-Klasse;C238;E 450 Coupé (USA);238367;F;2023-10-31;47721.97;X;1.0;;;41768.45;13;43;44161.83810880886;72.43333;2029-10-22;72;Other;Active;Core Luxury;Y;;60;51158.200000000004;-3436.23;61 - 72;1.0;X;;0.0;F;;;2023-10-09;PF_F;0.04317;44161.83811;Current;0.07017330076255805;0.07247071820682455;-0.02472691676719692;0.35320380296480075;11.960275462720036;N;;0;No-Default;N;0;0;N;N;XYORGF;TM1;RDR;XYORGF;2025-04-24 17:16:33.029457;2025-04-24 17:16:33.029457;STFIN
XY;50;XY1001;XY10;2024-10-31;a11c56112xy1c56112ebz;SYS;708;0;2023-10-27;2029-12-10;EUR;;2023-11-02;57201.44;Y;66468.0;5000.0;0.0;1500.0;3410.26;0.0;0.0;0.0;;0.0;;1.0;F;;R;9.59;Act/Act;;;;1157.86;73.0;0.0;EUR;0.0;-1274487969;0.00985;0.338;0;;2024-09-04;;;;;;;;;;;;;;;;;;;STFIN;N;;;VA;MB;N;1.0;;;;60393.0;a0da622d5xyda622d5edz;VIN;RP;NON;a575f8458xy75f8458c3z;a575f8458xy75f8458c3z;XY;;;;;1.0;;;a5139b0fdxy139b0fd24z;;;;;N;N;Loan retail;;;;Other;;;;;;;2511;28;a58fd5axy219z;Benzin;419 KA 4X2 4325;Sprinter/NCV3/VS30;VS30 VAN CHS MB;VS30 RWD - Kombi;907645;F;2023-11-30;62968.0;X;1.0;;;57201.44;12;12;59469.4411718264;73.43333;2029-12-10;73;Other;Active;Vans;Y;;61;66378.26;-3410.26;73 - 84;1.0;X;;0.0;F;;;2023-10-27;PF_F;0.07522;59469.44117;Current;0.077632450774288;0.0804372087389357;-0.018267597816217174;0.34518475026655837;11.873716261709113;N;;0;No-Default;N;0;0;N;N;XYORGF;TM1;RDR;XYORGF;2025-04-24 17:16:33.029457;2025-04-24 17:16:33.029457;STFIN
XY;50;XY1001;XY10;2024-10-31;a7f2b76ecxyf2b76ecd5z;SYS;8205;0;2024-10-11;2029-10-10;EUR;;2024-10-15;68058.5;N;84925.0;15086.0;0.0;0.0;0.0;0.0;50.0;0.0;;0.0;;1.0;F;;A;0.03;30/360;;;;;;0.0;EUR;0.0;-542551555;0.0;;0;;;0.0;;;;;;Internal;;;;;;;;;;;;FILEA;N;;;PC;MB;N;;;;2024-10-11;84793.47;a758cff70xy58cff704bz;VIN;RSB;NON;a1a53fef2xya53fef27bz;a1a53fef2xya53fef27bz;XY;;0.0;;;531.0;SME;4.0;ae8966700xy896670048z;;Q3-2024- 3,49% Nieuw STOCK = 90 dagen (all models excl. EQA & EQB 250+ Limited Edition) i.c.m. MBIS WA/Casco;;;N;N;Finance lease;N;;;;;;;;;;2509;30;ac31fabxy0a7z;Benzin - Plug-In Hybrid;GLC 300 e 4M;GLC;X254;GLC 300 e 4MATIC;254656;T;2024-10-31;69839.0;S;531.0;500.0;6;68058.5;1;1;69044.67;59.96666;2029-10-01;60;Other;Acquisition;Core Luxury;Y;500.0;59;69044.67;-50.0;49 - 60;531.0;S;6;0.0;F;;;2024-10-11;PF_F;0.17764;69044.67;Current;0.034595270914895136;0.03514951946270973;-0.00030075725507677786;0.4180004401996437;12.1;N;;0;No-Default;N;0;0;N;N;XYORGF;TM1;RDR;XYORGF;2025-04-30 08:18:19.573592;2025-04-30 08:18:19.573592;FILEA
XY;50;XY1001;XY10;2024-10-31;ae4a57424xy4a57424edz;SYS;708;0;2021-09-11;2027-11-26;EUR;;2021-09-14;22147.87;Y;38919.29;0.0;0.0;995.0;1097.53;0.0;0.0;1653.19;;0.0;;1.0;F;;R;4.49;Act/Act;;;;634.6;74.0;0.0;EUR;0.0;383541058;0.01564;0.416;0;;2023-11-27;;;;;;;;;;;;;;;;;;;STFIN;N;;;PC;MB;U;1.0;;;;;a32d94e92xy2d94e92e2z;VIN;RP;NON;a6840958fxy840958f10z;a6840958fxy840958f10z;XY;;;;;2.0;;;a86afaf69xy6afaf693fz;;;;;N;N;Loan retail;;;;Other;;;;;;;2511;28;a83c7e1xy33cz;xx;xx;xx;xx;xx;xx;xx;2021-09-30;39914.29;X;2.0;;;22147.87;38;68;21973.14786084153;74.5;2027-11-26;75;Other;Active;;Y;;37;39358.63;555.6600000000001;73 - 84;2.0;X;;0.0;F;;;2021-09-11;PF_F;0.0;21973.14786;Current;0.04948385783321309;0.050611282007004876;0.00458377525668658;0.3300886592083697;11.78674032454043;N;;0;No-Default;N;0;0;N;N;XYORGF;TM1;RDR;XYORGF;2025-04-24 17:16:33.029457;2025-04-24 17:16:33.029457;STFIN
XY;50;XY1001;XY10;2024-10-31;a5ea0f513xyea0f5134ez;SYS;708;0;2023-09-25;2029-10-10;EUR;;2023-10-05;44834.24;N;51129.93;0.0;0.0;0.0;2949.17;0.0;0.0;0.0;;0.0;;1.0;F;;R;9.09;Act/Act;;;;927.38;72.0;0.0;EUR;0.0;-771691931;0.00108;0.39;0;;;;;;;;;;;;;;;;;;;;;STFIN;N;;;PC;MB;U;1.0;;;;;a1ca88f42xyca88f4241z;VIN;RSB;NON;a9b3ac4f4xyb3ac4f4c2z;a9b3ac4f4xyb3ac4f4c2z;XY;;;;;0.0;;;a058b0832xy58b083235z;;;;;N;N;Loan retail;;;;Other;;;;;;;2511;28;a4d9c74xy5afz;xx;xx;xx;xx;xx;xx;xx;2023-10-31;51129.93;X;0.0;;;44834.24;13;43;46720.98034907043;72.5;2029-10-10;73;Other;Active;;Y;;59;54079.1;-2949.17;73 - 84;0.0;X;;0.0;F;;;2023-09-25;PF_F;0.0;46720.98035;Current;0.07103159826649834;0.07338529040035675;-0.019868444882013836;0.35285104217298857;11.955266069039075;N;;0;No-Default;N;0;0;N;N;XYORGF;TM1;RDR;XYORGF;2025-04-24 17:16:33.029457;2025-04-24 17:16:33.029457;STFIN
XY;50;XY1001;XY10;2024-10-31;ac33540b7xy33540b74az;SYS;8204;1;2017-10-03;2022-10-10;EUR;;2017-10-12;0.0;Y;56393.36;0.0;7889.0;0.0;0.0;0.0;522.95;0.0;;0.0;;1.0;F;;A;0.02;30/360;;;;;;130.87;EUR;442.0;-348306215;0.0;;0;;2020-06-12;1.0;;;;;;Internal;;;;;;;;;;;;OPLEA;B;;;VA;MB;N;;;;2017-09-28;56393.36;a3ea1f293xyea1f293efz;VIN;RSB;NON;aa32b87dexy32b87de41z;a1e114eb0xye114eb01ez;XY;;0.0;;;0.0;;;a05f81745xy5f8174588z;;No Campaign;;;N;N;Manufacturing lease;N;;;;;;;;;;2508;32;ae05bc9xyde8z;Diesel;316CDI;Sprinter/NCV3/VS30;MB NCV3 Chassis;FGST/4325;906155;F;2017-10-31;56393.36;X;0.0;;;130.87;85;85;;70.03333;2022-10-10;60;Other;Inactive;Vans;Y;;0;;-522.95;49 - 60;0.0;X;;130.87;F;;;2017-10-03;PF_F;0.0;130.87;360+ dpd;;;;;;Y;2024-10-31;0;Default - no hostile termination, no remarketing occurred;Y;442;442;N;N;XYORGF;TM1;RDR;XYORGF;2025-04-30 08:18:19.573592;2025-04-30 08:18:19.573592;OPLEA
XY;50;XY1001;XY10;2025-04-30;a98d98d04xy8d98d044cz;SYS;2287;0;2021-02-12;2026-02-12;EUR;;2021-02-12;67200.5;N;126688.0;0.0;52662.1;10771.9;3922.22;490.0;0.0;0.0;;0.0;;;F;;;5.69;30/360;;;;;;6.59;EUR;18.0;1256294682;;;0;;;0.0;;;;;;;;;;;;;;;;;;OPFIN;B;;;PC;MB;N;1.0;;;2020-11-25;117400.0;a54c41c96xy4c41c9657z;VIN;RSB;NON;acb042d3cxyb042d3cbbz;acb042d3cxyb042d3cbbz;XY;;4.0;;;551.0;SME2015;;aa706076exy706076ecaz;;004S0066S0121V0001C0366;;;N;N;Loan retail;N;;;;;;;;;;3374;28;a665606xy654z;Benzin;GLE 450 4M L;GLE;V167;GLE 450 4MATIC lang;167159;F;2021-02-28;137459.9;S;551.0;700.0;4;67207.09;51;51;67035.40217843628;102.7;2026-02-12;60;Other;Active;Core Luxury;Y;700.0;9;139024.09;-3432.22;49 - 60;551.0;S;4;6.59;F;;;2021-02-12;PF_F;0.0;67041.99218;Current;0.04895776195088253;0.05007140169549827;-0.007941973627761695;0.3185686223559365;12.0;N;;0;No-Default;N;0;0;N;N;XYORGF;TM1;RDR;XYORGF;2025-05-15 08:36:22.269992;2025-05-15 08:36:22.269992;OPFIN
XY;50;XY1001;XY10;2024-10-31;a4d229ed3xyd229ed38az;SYS;1042;0;2019-08-01;2026-07-31;EUR;;2019-10-29;13390.95;N;24366.6;0.0;10272.99;0.0;0.0;0.0;0.0;1400.0;;0.0;0.0;1.0;F;;;6.0;30/360;;;;;;0.0;EUR;0.0;-1366260467;;;0;;;;;;;;;;;;;;;;;;;;;BFLEA;N;;;PC;MB;N;1.0;;;2019-07-03;35424.13;a62422791xy242279133z;VIN;RP;E;a1eb1752cxyeb1752ccfz;a1eb1752cxyeb1752ccfz;XY;;;;;281.0;P1AAAT;1.0;a45546e0bxy5546e0b0fz;;no campaign;;;N;;Finance lease;;;;;;;;;;;2510;30;a109189xy61az;Diesel;GLA 200 d;GLA;X156;GLA 200 d;156908;F;2019-10-31;24366.6;S;281.0;400.0;7;13390.95;63;63;13988.217698409728;145.16666;2026-07-31;84;Other;Active;Entry Luxury;Y;400.0;21;22966.6;1400.0;73 - 84;281.0;S;7;0.0;F;;;2019-08-01;PF_F;0.0;13988.2177;Current;0.03169724014072607;0.03216182195197002;0.012318493982483528;0.21097258859030035;12.004926108374383;N;;0;No-Default;N;0;0;N;N;XYORGF;TM1;RDR;XYORGF;2025-05-15 09:01:23.338997;2025-05-15 09:01:23.338997;BFLEA
XY;50;XY1001;XY10;2024-10-31;ac6aedcd3xy6aedcd380z;SYS;709;0;2021-12-29;2026-12-29;EUR;;2021-12-31;42907.33;N;72964.93;8789.8;26917.8;0.0;0.0;0.0;0.0;3052.88;0.0;0.0;0.0;1.0;F;1;A;0.03;30/360;0.0;2021-12-29;2026-12-29;0.0;0.0;0.0;EUR;0.0;-2087820288;0.01;0.23;0;N;;0.0;;;;;;;;;;;;;;;;;;FILEA;U;3105;;VA;MB;N;1.0;;;;69020.0;a71afa98fxy1afa98f02z;VIN;RP;NON;ab8dd4488xy8dd448814z;ab8dd4488xy8dd448814z;XY;;0.0;;;225.0;ACE;;a6eb6b3dbxyeb6b3db19z;910;880;;;N;N;Finance lease;N;0.0;;Other;;;;;;;2510;30;a50101fxydc4z;Diesel;419 KA 4X2 4325;Sprinter/NCV3/VS30;VS30 VAN DUS MB;VS30 RWD - KaWa;907647;F;2021-12-31;64175.13;X;225.0;;;42907.33;34;34;42712.034883076725;95.06666;2026-12-29;60;Other;Active;Vans;Y;;26;60349.34;3052.88;49 - 60;225.0;X;;0.0;F;;;2021-12-29;PF_F;0.12047;42712.03488;Current;0.0548678572953052;0.056268741763501204;0.01501242449255074;0.30836107905512844;12.001785714285715;N;;0;No-Default;N;0;0;N;N;XYORGF;TM1;RDR;XYORGF;2025-04-23 13:46:56.996937;2025-04-23 13:46:56.996937;BFLEA
XY;50;XY1001;XY10;2024-10-31;a7e54205dxye54205de7z;SYS;3279;0;2019-10-10;2025-10-10;EUR;;2019-10-16;9145.72;N;72851.38;22068.4;0.0;0.0;200.0;0.0;0.0;3401.97;0.0;0.0;0.0;1.0;F;1;R;0.03;Act/Act;0.0;2019-10-10;2025-10-10;0.0;0.0;0.0;EUR;0.0;-1295096919;0.0025;0.39;0;N;;0.0;;;;;;;;;;;;;;;;;;STFIN;N;3002;ABS;PC;MB;N;1.0;;;;52300.0;a41566319xy15663190cz;VIN;RP;NON;a6caad5d1xycaad5d19fz;a6caad5d1xycaad5d19fz;XY;;0.0;;;703.0;ACE;;a087995bfxy87995bfa7z;910;790;;;N;N;Loan retail;N;0.0;;Other;;;;;;;2511;28;ab12afaxyb98z;Benzin;GLC 300 4M Cou;GLC;C253;GLC 300 4MATIC Coupé;253384;F;2019-10-31;50782.98;X;703.0;;;9145.72;61;61;9108.421511459654;72.0;2025-10-10;72;Other;Active;Core Luxury;Y;;11;47581.01;3201.97;61 - 72;703.0;X;;0.0;F;;;2019-10-10;PF_F;0.30292;9108.42151;Current;0.05741352646643569;0.0589485833932776;0.02251348635803363;0.3524970396978348;12.008591220979234;N;;0;No-Default;N;0;0;N;N;XYORGF;TM1;RDR;XYORGF;2025-04-23 13:46:56.996937;2025-04-23 13:46:56.996937;STFIN
XY;50;XY1001;XY10;2024-10-31;af4c90391xy4c9039184z;SYS;709;0;2022-01-28;2026-01-28;EUR;;2022-02-09;9018.47;N;46699.08;20000.0;0.0;0.0;266.99;0.0;0.0;0.0;0.0;0.0;0.0;1.0;F;1;R;0.05;Act/Act;0.0;2022-01-28;2026-01-28;0.0;0.0;0.0;EUR;0.0;-1678523618;0.00366;0.35;0;N;;0.0;;;;;;;;;;;;;;;;;;STFIN;N;3002;;PC;MB;U;1.0;;;;45700.0;a6c1b3d10xyc1b3d1092z;VIN;RP;NON;a9324da2exy324da2e51z;a9324da2exy324da2e51z;XY;;0.0;;;326.0;ACE;;abc830411xyc8304113dz;910;129;;;N;N;Loan retail;N;0.0;;Other;;;;;;;2511;28;a8139fcxydbez;Benzin - Plug-In Hybrid;E 350 e L;E-Klasse;V213;E 350 e Plug-In Hybrid lang;213155;T;2022-02-28;26699.08;X;326.0;;;9018.47;33;63;9017.900470379594;48.0;2026-01-28;48;Other;Active;Core Luxury;Y;;15;26966.070000000003;-266.99;37 - 48;326.0;X;;0.0;F;;;2022-01-28;PF_F;0.42827;9017.90047;Current;0.049887777007033146;0.051044176253334274;-0.005059253794773927;0.511021485173474;12.00808893456156;N;;0;No-Default;N;0;0;N;N;XYORGF;TM1;RDR;XYORGF;2025-04-23 13:46:56.996937;2025-04-23 13:46:56.996937;STFIN
XY;50;XY1001;XY10;2024-10-31;ae8597454xy8597454d1z;SYS;708;0;2024-03-13;2030-03-13;EUR;;2024-03-13;30238.74;N;33491.46;2000.0;0.0;0.0;1084.04;0.0;0.0;0.0;;0.0;;1.0;F;;R;12.49;Act/Act;;;;623.71;72.0;673.59;EUR;18.0;-1390658720;0.02827;0.39;0;;;;;;;;;;;;;;;;;;;;;STFIN;N;;;PC;MB;U;1.0;;;;;a8b077594xyb0775941cz;VIN;RP;NON;a6cc5033fxycc5033ff6z;a6cc5033fxycc5033ff6z;XY;;;;;3.0;;;afdf4d8b3xydf4d8b352z;;;;;N;N;Loan retail;;;;Other;;;;;;;2511;28;a35bffaxya99z;Benzin;GLA 250 4M;GLA;H247;GLA 250 4MATIC City-SUC;247747;F;2024-03-31;31491.46;X;3.0;;;30912.33;8;38;30283.204859684152;72.0;2030-03-13;72;Other;Active;Entry Luxury;Y;;64;32575.5;-1084.04;61 - 72;3.0;X;;673.59;F;;;2024-03-13;PF_F;0.05972;30956.79486;Current;0.11220412523213814;0.11815753355000005;-0.012695849907538262;0.37507040664687546;12.013719716252155;N;;0;No-Default;N;0;0;N;N;XYORGF;TM1;RDR;XYORGF;2025-04-24 17:16:33.029457;2025-04-24 17:16:33.029457;STFIN
XY;50;XY1001;XY10;2024-10-31;a91158fe2xy1158fe2ccz;SYS;708;0;2024-08-31;2027-08-31;EUR;;2024-09-05;55154.9;N;56046.96;6684.09;35241.6;300.0;300.0;795.0;0.0;5929.65;;0.0;;1.0;F;;R;0.8;30/360;;;;450.95;36.0;0.0;EUR;0.0;-1368363138;0.00305;0.29561;0;;;;;;;;;;;;;;;;;;;;;OPLEA;B;;;PC;MB;U;1.0;;;;;ab9b60f0bxy9b60f0bc5z;VIN;RP;NON;a7a683a24xya683a2474z;a7a683a24xya683a2474z;XY;;;;;0.0;;;a3dad366fxydad366ff9z;;;;;N;N;Operating lease;;;;Other;;;;;;;2508;31;a18c68cxyc2az;Elektro;EQB 300 4M;GLB;X243;EQB 300 4MATIC SUV;243609;T;2024-09-30;49662.87;X;0.0;;;55154.9;2;32;42595.3683556431;96.9;2027-08-31;36;Other;Active;Entry Luxury;Y;;34;42787.270000000004;6424.65;25 - 36;0.0;X;;0.0;F;;;2024-08-31;PF_F;0.11926;42595.36836;Current;0.07030837641400246;0.07261878327284202;0.05601115657275221;0.4070413428694519;12.000741564701519;N;;0;No-Default;N;0;0;N;N;XYORGF;TM1;RDR;XYORGF;2025-04-24 17:16:33.029457;2025-04-24 17:16:33.029457;OPLEA
XY;50;XY1001;XY10;2024-10-31;a1dd6f982xydd6f982f4z;SYS;708;0;2024-02-28;2029-02-28;EUR;;2024-02-29;48478.06;N;72766.25;18060.75;0.0;0.0;1537.23;0.0;0.0;1018.44;;0.0;;1.0;F;;R;6.9;Act/Act;;;;1080.86;60.0;0.0;EUR;0.0;-366464034;0.00196;0.338;0;;;;;;;;;;;;;;;;;;;;;STFIN;N;;;VA;MB;N;1.0;;;;62481.0;ab51ae575xy51ae57531z;VIN;RSB;NON;aca0324f2xya0324f2eez;aca0324f2xya0324f2eez;XY;;;;;0.0;;;a9e06e107xye06e107b9z;;;;;N;N;Loan retail;;;;Other;;;;;;;2511;28;a2d4626xyd11z;Diesel;417 KA 4X2 4325;Sprinter/NCV3/VS30;VS30 VAN CHS MB;VS30 RWD - KaWa;907645;F;2024-02-29;54705.5;X;0.0;;;48478.06;8;8;48852.11784858873;60.03334;2029-02-28;60;Other;Active;Vans;Y;;52;55224.29;-518.79;49 - 60;0.0;X;;0.0;F;;;2024-02-28;PF_F;0.2482;48852.11785;Current;0.0650479744862002;0.06702272492716198;-0.0039519930099145145;0.42086199699787746;12.003918982957734;N;;0;No-Default;N;0;0;N;N;XYORGF;TM1;RDR;XYORGF;2025-04-24 17:16:33.029457;2025-04-24 17:16:33.029457;STFIN
XY;50;XY1001;XY10;2024-10-31;a5bada0dbxybada0db7fz;SYS;708;0;2023-05-22;2025-05-22;EUR;;2023-05-30;83375.23;N;108563.32;14997.19;73504.2;300.0;400.0;795.0;0.0;1189.26;;0.0;;1.0;F;;R;5.78;30/360;;;;1283.46;24.0;0.0;EUR;0.0;-2038835634;0.00253;0.29561;0;;;;;;;;;;;;;;;;;;;;;OPLEA;B;;;PC;MB;N;1.0;;;;111370.0;a378f5fdaxy78f5fda3cz;VIN;RP;NON;aafb8f520xyfb8f52028z;aafb8f520xyfb8f52028z;XY;;;;;0.0;;;a186ec2b4xy86ec2b406z;;;;;N;N;Operating lease;;;;Other;;;;;;;2508;31;a881fbbxya84z;Elektro;EQS 450+ Lim;S-Klasse;V297;EQS 450+ Limousine;297123;T;2023-05-31;93866.13;X;0.0;;;83375.23;17;17;77983.12741657216;74.3;2025-05-22;24;Other;Active;TEV+;Y;;7;90998.41;1584.26;13 - 24;0.0;X;;0.0;F;;;2023-05-22;PF_F;0.13814;77983.12742;Current;0.07312171353269345;0.07562278823051942;0.010252460872857846;0.5982844124992572;12.0;N;;0;No-Default;N;0;0;N;N;XYORGF;TM1;RDR;XYORGF;2025-04-24 17:16:33.029457;2025-04-24 17:16:33.029457;OPLEA
XY;50;XY1001;XY10;2024-10-31;a583bb9e3xy83bb9e389z;SYS;708;0;2023-09-23;2027-09-23;EUR;;2023-09-27;66737.97;N;73892.49;4023.0;39115.75;3395.93;500.0;795.0;0.0;0.0;;11000.0;;1.0;F;;R;5.28;30/360;;;;977.0;48.0;0.0;EUR;0.0;2143162793;0.00152;0.33446;0;;;;;;;;;;;;;;;;;;;;;OPLEA;B;;24B;PC;MB;N;1.0;;;;81425.0;a9a1aabf6xya1aabf6c3z;VIN;RP;NON;ac7822cc8xy7822cc827z;ac7822cc8xy7822cc827z;XY;;;;;0.0;;;ad715f98dxy715f98d52z;;;;;N;N;Operating lease;;;;Other;;;;;;;2508;31;a64de5exye2az;Benzin - Plug-In Hybrid;GLE 400/450 e 4M L;GLE;V167;GLE 400/450 e 4MATIC lang mit EQ Technologie (450 für USA);167146;T;2023-09-30;73265.42;X;0.0;;;66737.97;13;13;63585.63741341311;102.0;2027-09-23;48;Other;Active;Core Luxury;Y;;35;71993.42;295.0;37 - 48;0.0;X;;0.0;F;;;2023-09-23;PF_F;0.05444;63585.63741;Current;0.05814500578798097;0.05971986065328071;0.0014566161847236747;0.3586445908632031;12.0;N;;0;No-Default;N;0;0;N;N;XYORGF;TM1;RDR;XYORGF;2025-04-24 17:16:33.029457;2025-04-24 17:16:33.029457;OPLEA
XY;50;XY1001;XY10;2024-10-31;ab1387e2bxy1387e2ba8z;SYS;708;0;2023-03-15;2028-03-15;EUR;;2023-04-18;21819.44;N;35310.73;0.0;0.0;0.0;0.0;0.0;0.0;0.0;;0.0;;1.0;F;;R;6.54;Act/Act;;;;692.63;60.0;0.0;EUR;0.0;-504180495;;;0;;;;;;;;;;;;;;;;;;;;;STFIN;N;;;PC;MB;U;1.0;;;;;ad1816a67xy1816a67d0z;VIN;RP;NON;ad833ea37xy833ea377az;ad833ea37xy833ea377az;XY;;;;;;;;aec7b97acxyc7b97ac39z;;;;;N;N;Loan retail;;;;Other;;;;;;;2511;28;aeb4053xy1ccz;xx;xx;xx;xx;xx;xx;xx;2023-04-30;35310.73;X;;;;21819.44;20;50;25368.292494675356;60.0;2028-03-15;60;Other;Active;;Y;;41;35310.73;0.0;49 - 60;;X;;0.0;F;;;2023-03-15;PF_F;0.0;25368.29249;Current;0.0660495614487001;0.06808584664975277;0.0;0.42045003531316627;12.003092836025994;N;;0;No-Default;N;0;0;N;N;XYORGF;TM1;RDR;XYORGF;2025-04-24 17:16:33.029457;2025-04-24 17:16:33.029457;STFIN
XY;50;XY1001;XY10;2024-10-31;a2f8b9944xyf8b99448dz;SYS;708;0;2021-10-14;2025-10-29;EUR;;2021-10-14;5003.19;N;61834.24;22000.0;0.0;0.0;743.48;0.0;0.0;286.08;;0.0;;1.0;F;;R;2.99;Act/Act;;;;882.62;48.0;0.0;EUR;0.0;-1123489957;0.00115;0.416;0;;;;;;;;;;;;;;;;;;;;;STFIN;N;;;PC;MB;U;1.0;;;;;a78958f5bxy8958f5bc0z;VIN;RP;NON;a2a98b587xya98b58790z;a2a98b587xya98b58790z;XY;;;;;0.0;;;a47c962e9xy7c962e924z;;;;;N;N;Loan retail;;;;Other;;;;;;;2511;28;aae432fxy771z;Benzin;C 300 4M;C-Klasse;W205;C 300 4MATIC;205084;F;2021-10-31;39834.24;X;0.0;;;5003.19;37;67;10452.844454569102;48.46667;2025-10-29;49;Other;Active;Core Luxury;Y;;12;40291.64;-457.40000000000003;49 - 60;0.0;X;;0.0;F;;;2021-10-14;PF_F;0.35579;10452.84445;Current;0.024308751265152077;0.024580642710309453;-0.00559165935159588;0.4921032135055729;11.925427789855785;N;;0;No-Default;N;0;0;N;N;XYORGF;TM1;RDR;XYORGF;2025-04-24 17:16:33.029457;2025-04-24 17:16:33.029457;STFIN
XY;50;XY1001;XY10;2024-10-31;a895c554fxy95c554ff4z;SYS;708;0;2023-06-13;2027-06-28;EUR;;2023-06-20;16690.46;N;28022.16;1000.0;0.0;1245.0;1175.26;0.0;0.0;0.0;;0.0;;1.0;F;;R;8.69;Act/Act;;;;701.8;48.0;0.0;EUR;0.0;425655476;0.00108;0.39;0;;;;;;;;;;;;;;;;;;;;;STFIN;N;;;PC;MB;U;1.0;;;;;afe699049xye699049a6z;VIN;RP;NON;a3b8ec175xyb8ec175bbz;a3b8ec175xyb8ec175bbz;XY;;;;;0.0;;;a9e09aab3xye09aab307z;;;;;N;N;Loan retail;;;;Other;;;;;;;2511;28;abd6692xy84dz;xx;xx;xx;xx;xx;xx;xx;2023-06-30;28267.16;X;0.0;;;16690.46;17;47;20536.438685531426;48.5;2027-06-28;49;Other;Active;;Y;;32;29442.42;-1175.26;49 - 60;0.0;X;;0.0;F;;;2023-06-13;PF_F;0.03569;20536.43869;Current;0.0662151273750044;0.06825603918543983;-0.02068471202125359;0.5073606404564959;11.924489319463056;N;;0;No-Default;N;0;0;N;N;XYORGF;TM1;RDR;XYORGF;2025-04-24 17:16:33.029457;2025-04-24 17:16:33.029457;STFIN
XY;50;XY1001;XY10;2024-10-31;a6d4616c5xyd4616c552z;SYS;708;0;2020-10-10;2027-02-23;EUR;;2020-10-19;16409.8;Y;38193.72;0.0;0.0;1150.0;1371.68;0.0;0.0;3385.07;;0.0;;1.0;F;;R;2.99;Act/Act;;;;598.24;76.0;0.0;EUR;0.0;1049446374;0.01592;0.381;0;;2023-12-08;;;;;;;;;;;;;;;;;;;STFIN;N;;;PC;MB;U;1.0;;;;;a813f41e4xy13f41e452z;VIN;RP;NON;afff80fc5xyff80fc5daz;afff80fc5xyff80fc5daz;XY;;;;;2.0;;;a5bb12c2fxybb12c2f77z;;;;;N;N;Loan retail;;;;Other;;;;;;;2511;28;af5b8c5xy5dcz;Elektro;EQE 350 4M SUV;GLE;X294;EQE 350 4MATIC SUV;294612;T;2020-10-31;39343.72;X;2.0;;;16409.8;49;79;16252.555117688249;76.43333;2027-02-23;76;Other;Active;Core Luxury;Y;;28;37330.33;2013.39;73 - 84;2.0;X;;0.0;F;;;2020-10-10;PF_F;0.0;16252.55512;Current;0.03615959649406078;0.036745625686419175;0.015951948394984452;0.3084687341330293;11.544332838269524;N;;0;No-Default;N;0;0;N;N;XYORGF;TM1;RDR;XYORGF;2025-04-24 17:16:33.029457;2025-04-24 17:16:33.029457;STFIN
XY;50;XY1001;XY10;2024-10-31;ab90159abxy90159ab34z;SYS;708;0;2024-04-18;2027-04-18;EUR;;2024-04-22;49170.58;N;52639.63;0.0;33227.35;0.0;300.0;795.0;0.0;7658.21;;0.0;;1.0;F;;R;1.08;30/360;;;;600.31;36.0;0.0;EUR;0.0;-627101015;0.05303;0.29561;0;;;;;;;;;;;;;;;;;;;;;OPLEA;B;;24B;PC;MB;U;1.0;;;;;ade47e90exye47e90e99z;VIN;RP;NON;abe6ca521xye6ca52162z;abe6ca521xye6ca52162z;XY;;;;;2.0;;;a5bb12c2fxybb12c2f77z;;;;;N;N;Operating lease;;;;Other;;;;;;;2508;31;a8cbc59xye40z;Benzin;E 300;E-Klasse;W213;E 300;213083;F;2024-04-30;52639.63;X;2.0;;;49170.58;6;36;42630.36960046209;97.53334;2027-04-18;36;Other;Active;Core Luxury;Y;;30;43886.11;8153.21;25 - 36;2.0;X;;0.0;F;;;2024-04-18;PF_F;0.0;42630.3696;Current;0.0886813181213381;0.09237014225557076;0.071611061757559;0.42943959142055926;12.154126766985863;N;;0;No-Default;N;0;0;N;N;XYORGF;TM1;RDR;XYORGF;2025-04-24 17:16:33.029457;2025-04-24 17:16:33.029457;OPLEA
XY;50;XY1001;XY10;2024-09-30;abc4a1838xyc4a1838f5z;SYS;3250;0;2023-07-31;2026-08-04;EUR;;2023-07-31;2004568.22;N;4690000.0;1690000.0;0.0;0.0;0.0;6398.0;17797.0;9407.0;;0.0;0.0;;F;;;0.0;30/360;;;;;;0.0;EUR;;1902455048;0.0;0.0;0;;;;;;;;;;;;;;;;;;;;;STFIN;N;;;PC;MB;N;1.0;;;;4690000.0;a6b87eed1xyb87eed147z;VIN;RP;NON;aa4b863d3xy4b863d326z;aa4b863d3xy4b863d326z;XY;NDA;;;;764.0;PC;1.0;a858e09afxy58e09af9fz;;14294 ROTF PC Straight Self Subsidised Campaign - 2023;;;N;N;Loan retail;N;;;Other;RE;;IND-FS;;;;2049;28;a9f3478xydebz;Benzin;GLA 200;GLA;H247;GLA 200 City-SUC;247787;F;2023-07-31;3000000.0;S;764.0;900.0;2;2004568.22;14;14;2005533.1818550606;36.13333;2026-08-04;36;Other;Active;Entry Luxury;Y;900.0;22;3001992.0;-1992.0;25 - 36;764.0;S;2;0.0;F;;;2023-07-31;PF_F;0.36034;2005533.18186;Current;0.08389183747548075;0.0871912114224748;-0.00044863115369976614;0.6805323097303958;11.960784313725489;N;;0;No-Default;N;0;0;N;N;XYORGF;TM1;RDR;XYORGF;2025-05-14 12:09:29.195521;2025-05-14 12:09:29.195521;STFIN
XY;50;XY1001;XY10;2024-10-31;aebcdc0a7xybcdc0a77az;SYS;708;0;2021-06-28;2027-07-13;EUR;;2021-06-29;17569.7;N;48780.98;14000.0;0.0;799.0;989.06;0.0;0.0;167.65;;0.0;;1.0;F;;R;4.49;Act/Act;;;;565.69;72.0;0.0;EUR;0.0;-781763339;0.00658;0.416;0;;;;;;;;;;;;;;;;;;;;;STFIN;N;;22;PC;MB;U;1.0;;;;;ab607a967xy607a96790z;VIN;RP;NON;ae00c8239xy00c82394az;ae00c8239xy00c82394az;XY;;;;;1.0;;;a13e0381cxy3e0381c19z;;;;;N;N;Loan retail;;;;Other;;;;;;;2511;28;af027e3xy2afz;xx;xx;xx;xx;xx;xx;xx;2021-06-30;35579.98;X;1.0;;;17569.7;40;70;17722.484627119084;72.5;2027-07-13;73;Other;Active;;Y;;32;36401.39000000001;-821.41;73 - 84;1.0;X;;0.0;F;;;2021-06-28;PF_F;0.287;17722.48463;Current;0.03716861669028883;0.037807048298728024;-0.007731623339662805;0.3396539661665858;11.956042721952276;N;;0;No-Default;N;0;0;N;N;XYORGF;TM1;RDR;XYORGF;2025-04-24 17:16:33.029457;2025-04-24 17:16:33.029457;STFIN
XY;50;XY1001;XY10;2024-10-31;af8a65e65xy8a65e6556z;SYS;708;0;2021-11-02;2027-11-17;EUR;;2021-11-18;19911.53;N;56025.19;20500.0;0.0;0.0;2374.22;0.0;0.0;0.0;;0.0;;1.0;F;;R;5.99;Act/Act;;;;590.03;72.0;0.0;EUR;0.0;-392143313;0.01079;0.345;0;;;;;;;;;;;;;;;;;;;;;STFIN;N;;;PC;MB;N;1.0;;;;49030.0;abcd733a1xycd733a1b8z;VIN;RP;NON;a31484b4bxy1484b4bd3z;a31484b4bxy1484b4bd3z;XY;;;;;1.0;;;a4128d136xy128d136fdz;;;;;N;N;Loan retail;;;;Other;;;;;;;2511;28;aa33d6bxy870z;Benzin;GLC 300;GLC;X253;GLC 300;253983;F;2021-11-30;35525.19;X;1.0;;;19911.53;36;36;20734.15242477692;72.5;2027-11-17;73;Other;Active;Core Luxury;Y;;37;37899.41;-2374.22;73 - 84;1.0;X;;0.0;F;;;2021-11-02;PF_F;0.36591;20734.15242;Current;0.03252524894802152;0.03300985639438887;-0.021679769183026013;0.3335614688990011;11.908961373935743;N;;0;No-Default;N;0;0;N;N;XYORGF;TM1;RDR;XYORGF;2025-04-24 17:16:33.029457;2025-04-24 17:16:33.029457;STFIN
XY;50;XY1001;XY10;2024-10-31;a341cab0bxy41cab0bc3z;SYS;708;0;2024-08-22;2027-08-22;EUR;;2024-08-28;48372.59;N;49730.32;7500.0;28478.95;0.0;300.0;0.0;0.0;3308.91;;0.0;;1.0;F;;R;2.41;30/360;;;;452.69;36.0;0.0;EUR;0.0;-1847364136;0.00305;0.29561;0;;;;;;;;;;;;;;;;;;;;;OPLEA;B;;;PC;MB;U;1.0;;;;;accd59567xycd59567a4z;VIN;RP;NON;a0adb0e02xyadb0e02b7z;a0adb0e02xyadb0e02b7z;XY;;;;;0.0;;;a2fab13a2xyfab13a242z;;;;;N;N;Operating lease;;;;Other;;;;;;;2508;31;ab7d6cdxy2dez;Elektro;EQB 250+;GLB;X243;EQB 250+ SUV;243602;T;2024-08-31;42230.32;X;0.0;;;48372.59;2;32;38217.13465999343;84.2;2027-08-22;36;Other;Active;Entry Luxury;Y;;34;38768.72;3008.91;25 - 36;0.0;X;;0.0;F;;;2024-08-22;PF_F;0.15081;38217.13466;Current;0.05494966064189663;0.056354925332490424;0.030828184341933046;0.4175480911989521;12.0;N;;0;No-Default;N;0;0;N;N;XYORGF;TM1;RDR;XYORGF;2025-04-24 17:16:33.029457;2025-04-24 17:16:33.029457;OPLEA
XY;50;XY1001;XY10;2024-10-31;a8200095bxy200095b6cz;SYS;8205;0;2022-11-18;2026-11-17;EUR;;2022-12-08;29466.46;N;58158.27;10091.72;9613.31;0.0;0.0;0.0;0.0;0.0;;0.0;;1.0;F;;A;0.05;30/360;;;;;;0.0;EUR;0.0;-1754637377;0.0;;0;;;0.0;;;;;;Internal;;;;;;;;;;;;BFLEA;N;;;VA;OO;N;;;;2022-11-03;56600.0;afcd743c4xycd743c4c6z;VIN;CF;NON;ad027eb82xy027eb82f3z;abe9fc3c7xye9fc3c72az;XY;;3.6;Fleet;;0.0;;;aa8eeee07xy8eeee07abz;;No Campaign;;;N;N;Finance lease;N;;;;;;;;;;2510;30;a006d3fxya34z;Benzin;E 300 L;E-Klasse;V213;E 300 lang;213148;F;2022-12-31;48066.55;R;3.6;3.6;4;29466.46;23;23;30139.520482217165;57.46667;2026-11-17;48;Other;Active;Core Luxury;Y;3.6;25;47666.270000000004;0.0;37 - 48;3.6;R;4;0.0;F;;;2022-11-18;PF_F;0.17352;30139.52048;Current;0.05080062551330698;0.052001492752236575;0.0;0.44859952338238485;12.534536891679748;N;;0;No-Default;N;0;0;N;N;XYORGF;TM1;RDR;XYORGF;2025-04-30 08:18:19.573592;2025-04-30 08:18:19.573592;BFLEA
XY;50;XY1001;XY10;2024-10-31;a90e73db0xy0e73db085z;SYS;708;0;2020-10-07;2026-10-21;EUR;;2020-10-12;18799.34;N;48851.78;0.0;0.0;0.0;2747.48;0.0;0.0;0.0;;0.0;;1.0;F;;R;7.39;Act/Act;;;;844.61;72.0;0.0;EUR;0.0;-1614467042;0.01592;0.381;0;;;;;;;;;;;;;;;;;;;;;STFIN;N;;12;PC;MB;U;1.0;;;;;ae96108a3xy96108a380z;VIN;RP;NON;adc048bb1xyc048bb169z;adc048bb1xyc048bb169z;XY;;;;;2.0;;;a308f11d4xy08f11d4fdz;;;;;N;N;Loan retail;;;;Other;;;;;;;2511;28;ad98327xy043z;Benzin;GLC 300;GLC;X254;GLC 300;254646;F;2020-10-31;48851.78;X;2.0;;;18799.34;49;79;19139.800927733333;72.46667;2026-10-21;72;Other;Active;Core Luxury;Y;;24;51599.26;-2747.48;61 - 72;2.0;X;;0.0;F;;;2020-10-07;PF_F;0.0;19139.80093;Current;0.05484020558376785;0.05623718476247869;-0.019059627228751562;0.3470821842190955;11.959407652739126;N;;0;No-Default;N;0;0;N;N;XYORGF;TM1;RDR;XYORGF;2025-04-24 17:16:33.029457;2025-04-24 17:16:33.029457;STFIN
XY;50;XY1001;XY10;2024-10-31;ad5281d13xy5281d1394z;SYS;708;0;2023-02-11;2027-02-11;EUR;;2023-02-13;99681.91;N;130645.0;27133.42;58333.8;300.0;2405.0;795.0;0.0;0.0;;0.0;;1.0;F;;R;7.39;30/360;;;;1470.76;48.0;0.0;EUR;0.0;-429149965;0.00253;0.33446;0;;;;;;;;;;;;;;;;;;;;;OPLEA;B;;L7F;PC;MB;N;1.0;;;;133300.0;ae8fca11fxy8fca11fcfz;VIN;RSB;NON;add3d72fcxyd3d72fc87z;add3d72fcxyd3d72fc87z;XY;;;;;0.0;;;aaf0922a3xyf0922a336z;;;;;N;N;Operating lease;;;;Other;;;;;;;2508;31;ac7e8b3xy822z;Benzin;S 580 4M lang;S-Klasse;W/V223;S 580 4MATIC lang;223176;F;2023-02-28;103811.58;X;0.0;;;99681.91;21;21;86159.83615785574;86.76667;2027-02-11;48;Other;Active;TEV+;Y;;27;103950.82;-1610.0;37 - 48;0.0;X;;0.0;F;;;2023-02-11;PF_F;0.20769;86159.83616;Current;0.0711281614532549;0.07348996807262724;-0.005591999617048926;0.3597967467277183;12.115595075239398;N;;0;No-Default;N;0;0;N;N;XYORGF;TM1;RDR;XYORGF;2025-04-24 17:16:33.029457;2025-04-24 17:16:33.029457;OPLEA
XY;50;XY1001;XY10;2024-10-31;ac554f275xy554f27527z;SYS;708;0;2023-01-16;2027-01-16;EUR;;2023-01-17;39015.27;N;50159.03;4.64;25028.6;0.0;500.0;0.0;0.0;0.0;;0.0;;1.0;F;;R;7.18;30/360;;;;749.0;48.0;861.35;EUR;15.0;-1840638771;0.01177;0.33446;0;;;;;;;;;;;;;;;;;;;;;OPLEA;B;;24A;PC;MB;N;1.0;;;;54410.0;aace5855fxyce5855f02z;VIN;RP;NON;a13aafda6xy3aafda631z;a13aafda6xy3aafda631z;XY;;;;;1.0;;;acda0ecb9xyda0ecb9e0z;;;;;N;N;Operating lease;;;;Other;;;;;;;2508;31;aed3383xy60ez;Benzin;GLC 300 4M;GLC;X253;GLC 300 4MATIC;253984;F;2023-01-31;50154.39;X;1.0;;;39876.619999999995;22;22;39543.81252580338;95.8;2027-01-16;48;Other;Active;Core Luxury;Y;;27;49905.39;-500.0;37 - 48;1.0;X;;861.35;F;;;2023-01-16;PF_F;9e-05;40405.16253;Current;0.06804648126591809;0.07020934341564153;-0.0037404349509001372;0.37333116386524257;12.0;N;;0;No-Default;N;0;0;N;N;XYORGF;TM1;RDR;XYORGF;2025-04-24 17:16:33.029457;2025-04-24 17:16:33.029457;OPLEA
XY;50;XY1001;XY10;2024-10-31;ac524da16xy524da169dz;SYS;708;0;2024-04-24;2030-05-09;EUR;;2024-04-26;23384.4;N;28546.4;4000.0;0.0;0.0;1524.27;0.0;0.0;0.0;;0.0;;1.0;F;;R;9.29;Act/Act;;;;447.71;72.0;0.0;EUR;0.0;-516133311;0.00753;0.39;0;;;;;;;;;;;;;;;;;;;;;STFIN;N;;;PC;MB;U;1.0;;;;;a38647938xy8647938ebz;VIN;RP;NON;adea9f018xyea9f018e5z;adea9f018xyea9f018e5z;XY;;;;;1.0;;;a0e2421fdxye2421fd8bz;;;;;N;N;Loan retail;;;;Other;;;;;;;2511;28;a5b4cfaxy983z;xx;xx;xx;xx;xx;xx;xx;2024-04-30;24546.4;X;1.0;;;23384.4;6;36;24672.47580221014;72.5;2030-05-09;73;Other;Active;;Y;;66;26070.670000000002;-1524.27;73 - 84;1.0;X;;0.0;F;;;2024-04-24;PF_F;0.14012;24672.4758;Current;0.07152959181309881;0.0739167107105511;-0.021370194547683824;0.3529671328162745;11.959395424199364;N;;0;No-Default;N;0;0;N;N;XYORGF;TM1;RDR;XYORGF;2025-04-24 17:16:33.029457;2025-04-24 17:16:33.029457;STFIN
XY;50;XY1001;XY10;2024-10-31;a2de31651xyde316514dz;SYS;708;0;2022-06-15;2028-06-30;EUR;;2022-06-17;43373.83;N;64148.26;0.0;0.0;1200.0;3614.47;0.0;0.0;0.0;;0.0;;1.0;F;;R;7.44;Act/Act;;;;1131.47;72.0;12.2;EUR;30.0;-1839557339;0.02654;0.345;0;;;;;;;;;;;;;;;;;;;;;STFIN;N;;22;PC;MB;N;1.0;;;;49575.0;ac75a0c89xy75a0c8945z;VIN;RP;NON;af67cef31xy67cef31c6z;af67cef31xy67cef31c6z;XY;;;;;1.0;;;a67113170xy7113170caz;;;;;N;N;Loan retail;;;;Other;;;;;;;2511;28;a74aeabxy3cdz;Benzin;GLB 250 4M;GLB;X247;GLB 250 4MATIC SUV;247647;F;2022-06-30;65348.26;X;1.0;;;43386.03;29;29;44940.47111192947;72.5;2028-06-30;73;Other;Active;Entry Luxury;Y;;44;68962.73;-3614.47;73 - 84;1.0;X;;12.2;F;;;2022-06-15;PF_F;0.0;44952.67111;Current;0.05566461202705862;0.05710409191026479;-0.01873542349091803;0.34682501432313356;11.94559509492753;N;;0;No-Default;N;0;0;N;N;XYORGF;TM1;RDR;XYORGF;2025-04-24 17:16:33.029457;2025-04-24 17:16:33.029457;STFIN
XY;50;XY1001;XY10;2025-04-30;ab4d79001xy4d7900192z;SYS;2287;0;2025-01-20;2030-01-20;EUR;;2025-01-20;37730.5;N;37584.5;0.0;0.0;2313.0;800.0;590.0;0.0;0.0;;0.0;;;F;;;7.89;30/360;;;;;;0.0;EUR;0.0;1414216186;;;0;;;0.0;;;;;;;;;;;;;;;;;;STFIN;N;;SAA192;PC;MB;U;1.0;;;2020-08-05;55100.0;a01058e46xy1058e4660z;VIN;RP;NON;a6d462f44xyd462f4453z;a6d462f44xyd462f4453z;XY;;5.0;;;704.0;PI2013;;a8a0d3eebxya0d3eebf6z;;004S0122C0400;;;N;N;Loan retail;N;;;;;;;;;;3369;28;a42f8bcxy40cz;Benzin;GLA 200;GLA;H247;GLA 200 City-SUC;247787;F;2025-01-31;39897.5;S;704.0;600.0;5;37730.5;3;57;37643.20990900284;60.0;2029-12-20;59;Other;Active;Entry Luxury;Y;600.0;56;39305.89;-210.0;49 - 60;704.0;S;5;0.0;F;;;2025-01-20;PF_F;0.0;37643.20991;Current;0.07660108725488793;0.07934851694548302;-0.002299937766925872;0.4318968888571875;12.0;N;;0;No-Default;N;0;0;N;N;XYORGF;TM1;RDR;XYORGF;2025-05-15 08:36:22.269992;2025-05-15 08:36:22.269992;STFIN
